Target,Predictor,Category,N,r,p_raw,r_clean,p_clean,N_influential,Max_CooksD,p_bonferroni,p_fdr,p_clean_bonferroni,p_clean_fdr,Effect_size,Sig_raw,Sig_bonferroni,Sig_fdr,Robust,Manuscript_ready
Pb,XRF_organic,XRF,37,0.24927473810073053,0.13679380818884396,0.7095732302008785,1.8181620184032217e-6,2,3.220520531799767,1,0.4912952718140986,8.181729082814498e-4,1.3636215138024163e-4,Weak,FALSE,FALSE,FALSE,TRUE,FALSE
Pb,SiO2_pct,XRF,37,0.07399755557287914,0.6633749767560009,-0.5316240882527833,8.480380066020066e-4,1,0.8105062603570631,1,0.9653733326135822,0.38161710297090295,0.029355161766992533,Weak,FALSE,FALSE,FALSE,TRUE,FALSE
Pb,Al2O3_pct,XRF,37,-0.24752196089076617,0.13966608426456342,-0.43644111013779563,0.007787536812429848,1,1.2242135861414039,1,0.4912952718140986,1,0.1338052847360587,Weak,FALSE,FALSE,FALSE,FALSE,FALSE
Pb,Fe2O3_pct,XRF,37,-0.3703661198685018,0.024042969626520246,-0.5685527658412072,2.971788529786374e-4,1,2.388747799651087,1,0.1717354973322875,0.13373048384038683,0.012157316712762439,Moderate,TRUE,FALSE,FALSE,TRUE,FALSE
Pb,CaO_pct,XRF,37,-0.044382330353817,0.7942238581558309,0.13928677942149384,0.42486679649896564,2,0.6977751201946492,1,0.9653733326135822,1,0.8976059080964062,Weak,FALSE,FALSE,FALSE,FALSE,FALSE
Pb,MgO_pct,XRF,37,0.9501212015636662,2.7376435953871322e-19,-0.2512413764746037,0.15177570964865958,3,179.31542966774424,1.2319396179242094e-16,4.248067648014516e-18,1,0.6651958686195676,Very Strong,TRUE,TRUE,TRUE,FALSE,TRUE
Pb,K2O_pct,XRF,37,-0.38605556513329853,0.018275096523227626,-0.4580461473343247,0.007350225975794395,4,2.6531444754555054,1,0.1370632239242072,1,0.1338052847360587,Moderate,TRUE,FALSE,FALSE,FALSE,FALSE
Pb,Cr_Ni,Ratio,39,0.3180841654643141,0.048450666907106366,0.2221398715278647,0.1928682281681204,3,2.167684709166343,1,0.3061145457261748,1,0.6651958686195676,Moderate,TRUE,FALSE,FALSE,FALSE,FALSE
Pb,Fe_Mn,Ratio,39,-0.14746564722731825,0.37032126927410314,-0.2072570800620325,0.2118298678035822,1,0.7776894322847241,1,0.8035218782039474,1,0.6778509233814833,Weak,FALSE,FALSE,FALSE,FALSE,FALSE
Pb,Ca_Mg,Ratio,39,-0.0642443894396005,0.6976057454945512,0.2777819635891205,0.09130073149816795,1,0.656674121670923,1,0.9653733326135822,1,0.5962161357768958,Weak,FALSE,FALSE,FALSE,FALSE,FALSE
Pb,Fe_Al_ratio,Ratio,39,-0.08677992113291644,0.5993740364115614,-0.06919394930512303,0.6840574205940528,2,0.665283009329229,1,0.9653733326135822,1,0.9021608230249412,Weak,FALSE,FALSE,FALSE,FALSE,FALSE
Pb,Si_Al_ratio,Ratio,37,0.2462764107014416,0.14173397790565764,-0.09594446241845293,0.5893558708101481,3,1.140887122797141,1,0.4912952718140986,1,0.9021608230249412,Weak,FALSE,FALSE,FALSE,FALSE,FALSE
Pb,Pb_Zn,Ratio,39,0.9942198440036768,1.8154149599623981e-37,-0.005491577284079839,0.9742665821917639,2,242.04892396030078,8.169367319830792e-35,8.169367319830792e-35,1,0.9919003664848274,Very Strong,TRUE,TRUE,TRUE,FALSE,TRUE
Pb,Cu_Zn,Ratio,39,0.5984754246678837,5.714138460607903e-5,-0.37522139929996795,0.022115841509072306,2,12.319786438234226,0.025713623072735562,6.949627857496097e-4,1,0.256632611290967,Strong,TRUE,TRUE,TRUE,FALSE,TRUE
Pb,Pb_Cu,Ratio,39,0.10213213831615676,0.5361241612511375,0.6440891628915032,1.6972465135194185e-5,2,4295.326037511114,1,0.9653733326135822,0.007637609310837383,9.547011638546729e-4,Weak,FALSE,FALSE,FALSE,TRUE,FALSE
Pb,Anthro_index,Ratio,39,0.6372942476295069,1.2841799775167887e-5,0.7608720244067141,7.20100492928813e-8,3,10.757477525294949,0.005778809898825549,1.6439592673058373e-4,3.2404522181796586e-5,1.6202261090898293e-5,Strong,TRUE,TRUE,TRUE,TRUE,TRUE
Pb,CH_stretch_2920,FTIR,34,0.043705207004166476,0.8061251411851766,-0.06788494903263867,0.7120060859242197,2,147.97335474525198,1,0.9653733326135822,1,0.9021608230249412,Weak,FALSE,FALSE,FALSE,FALSE,FALSE
Pb,CH_stretch_2850,FTIR,34,0.04461972427770351,0.802147766241004,-0.08407006329218306,0.6473387495198775,2,148.67169578973693,1,0.9653733326135822,1,0.9021608230249412,Weak,FALSE,FALSE,FALSE,FALSE,FALSE
Pb,CH_total,FTIR,34,0.0444054315501766,0.8030793240553246,-0.07942807292783986,0.665653799515546,2,148.9616044597544,1,0.9653733326135822,1,0.9021608230249412,Weak,FALSE,FALSE,FALSE,FALSE,FALSE
Pb,CO_carbonyl_1720,FTIR,34,-0.0810633313472158,0.64857149480229,-0.10699582813404807,0.5534154276444971,1,0.5594341292519337,1,0.9653733326135822,1,0.9021608230249412,Weak,FALSE,FALSE,FALSE,FALSE,FALSE
Pb,Aromatic_1600,FTIR,34,-0.45812412352406245,0.006437313251452013,-0.18048131230192774,0.31485154587033937,1,4.452088385346602,1,0.0616338502798597,1,0.8116848555225925,Moderate,TRUE,FALSE,FALSE,FALSE,FALSE
Pb,Aromatic_1580,FTIR,34,0.025670254255136398,0.8854161179455388,-0.2445721079767415,0.17731864358763916,2,62.139305358949315,1,0.9653733326135822,1,0.6651958686195676,Weak,FALSE,FALSE,FALSE,FALSE,FALSE
Pb,CO_stretch_1100,FTIR,34,0.022802687078949252,0.8981454070052215,-0.24534230056088993,0.1759150361783628,2,55.22652056365754,1,0.9653733326135822,1,0.6651958686195676,Weak,FALSE,FALSE,FALSE,FALSE,FALSE
Pb,NH_stretch,FTIR,34,0.046517403409033146,0.7939101339706595,-0.07581056159852047,0.6800598341567228,2,144.6104140754342,1,0.9653733326135822,1,0.9021608230249412,Weak,FALSE,FALSE,FALSE,FALSE,FALSE
Pb,NH_bend,FTIR,34,0.420115182001543,0.01337171151370428,-0.046697496196889114,0.7996582906729526,2,4.136973641223588,1,0.11571673425321011,1,0.9110132007662284,Moderate,TRUE,FALSE,FALSE,FALSE,FALSE
Pb,Amide_I,FTIR,34,0.20952864689817516,0.2343176698970308,-0.1474039762338689,0.4130106113894221,1,1.3583799556101794,1,0.6059939738716313,1,0.893094827602283,Weak,FALSE,FALSE,FALSE,FALSE,FALSE
Pb,CN_stretch,FTIR,34,0.02304445430461181,0.8970711803840756,-0.24494210449412102,0.176643373380737,2,55.52423039588756,1,0.9653733326135822,1,0.6651958686195676,Weak,FALSE,FALSE,FALSE,FALSE,FALSE
Pb,Nitrate_1380,FTIR,34,-0.024879025091524933,0.8889257520468099,-0.11449011520692315,0.5258018681257739,1,0.4818929482584865,1,0.9653733326135822,1,0.9021608230249412,Weak,FALSE,FALSE,FALSE,FALSE,FALSE
Pb,Sulfate_1100,FTIR,34,0.02266465024717143,0.8987588158019522,-0.2446835983074778,0.17711497399177045,2,54.72606208852419,1,0.9653733326135822,1,0.6651958686195676,Weak,FALSE,FALSE,FALSE,FALSE,FALSE
Pb,Sulfoxide_1040,FTIR,34,0.022719589424299275,0.8985146698783384,-0.24622527266549624,0.17431559216188186,2,55.52576105611193,1,0.9653733326135822,1,0.6651958686195676,Weak,FALSE,FALSE,FALSE,FALSE,FALSE
Pb,CS_stretch,FTIR,34,0.02273317436643158,0.8984543007397463,-0.22613811459602784,0.21330349326577763,2,58.259097325344285,1,0.9653733326135822,1,0.6778509233814833,Weak,FALSE,FALSE,FALSE,FALSE,FALSE
Pb,PO_1250,FTIR,34,0.023740772468741223,0.89397829103346,-0.2441879088176878,0.17802176319442356,2,57.18249129092364,1,0.9653733326135822,1,0.6651958686195676,Weak,FALSE,FALSE,FALSE,FALSE,FALSE
Pb,POC_1020,FTIR,34,0.02245059703492853,0.8997101403869356,-0.2451988630545002,0.17617584067104472,2,54.82429114315332,1,0.9653733326135822,1,0.6651958686195676,Weak,FALSE,FALSE,FALSE,FALSE,FALSE
Pb,OH_stretch,FTIR,34,0.04663506892749094,0.7934000701637933,-0.07680373900407572,0.6760933845277262,2,144.02707179397876,1,0.9653733326135822,1,0.9021608230249412,Weak,FALSE,FALSE,FALSE,FALSE,FALSE
Pb,Water_1630,FTIR,34,0.02602002165965137,0.8838653420250979,-0.23860016224887906,0.18847117555314213,2,63.11846537596516,1,0.9653733326135822,1,0.6651958686195676,Weak,FALSE,FALSE,FALSE,FALSE,FALSE
Pb,Carbonate_1420,FTIR,34,0.18247774567747818,0.3016390675794857,-0.3550213182929516,0.04262298761861464,1,1.3177727407667041,1,0.6960901559526593,1,0.3914356005791141,Weak,FALSE,FALSE,FALSE,FALSE,FALSE
Pb,Carbonate_875,FTIR,34,-0.036634713121431586,0.8370299566022776,0.020637846547688177,0.909240917856443,1,0.504146082818358,1,0.9653733326135822,1,0.9746518914259359,Weak,FALSE,FALSE,FALSE,FALSE,FALSE
Pb,Silicate_1080,FTIR,34,0.022833007135399465,0.8980106783298115,-0.2454611610788594,0.1756991257412842,2,55.22239871208711,1,0.9653733326135822,1,0.6651958686195676,Weak,FALSE,FALSE,FALSE,FALSE,FALSE
Pb,Silicate_800,FTIR,34,0.022515164405070693,0.8994231667297138,-0.23595137136789585,0.19357162811805959,2,56.17389832005575,1,0.9653733326135822,1,0.6651958686195676,Weak,FALSE,FALSE,FALSE,FALSE,FALSE
Pb,Metal_oxide_500,FTIR,34,0.023363478112207608,0.8956539604486284,-0.2169780642778518,0.23292625206857376,2,61.36698757475993,1,0.9653733326135822,1,0.7041848236284823,Weak,FALSE,FALSE,FALSE,FALSE,FALSE
Pb,Total_organic_C,FTIR,34,0.04399750624223948,0.8048533628772268,-0.08277874312543987,0.6524139374394179,2,146.05779916866928,1,0.9653733326135822,1,0.9021608230249412,Weak,FALSE,FALSE,FALSE,FALSE,FALSE
Pb,Total_organic_N,FTIR,34,0.04690301890081934,0.7922388582490241,-0.07486781950761033,0.6838326507878405,2,145.99783243584235,1,0.9653733326135822,1,0.9021608230249412,Weak,FALSE,FALSE,FALSE,FALSE,FALSE
Pb,Total_organic_S,FTIR,34,0.02270572058412449,0.8985763011877614,-0.23932575916360166,0.18709055138905065,2,56.207880656385264,1,0.9653733326135822,1,0.6651958686195676,Weak,FALSE,FALSE,FALSE,FALSE,FALSE
Pb,Total_organic_P,FTIR,34,0.023101628198356535,0.896817169999305,-0.24470701278635779,0.1770722216378275,2,56.02429394401044,1,0.9653733326135822,1,0.6651958686195676,Weak,FALSE,FALSE,FALSE,FALSE,FALSE
Pb,Total_organic_CNSP,FTIR,34,0.02958891608338879,0.8680670026609897,-0.20115083893384356,0.2696189511982632,2,80.9830523025352,1,0.9653733326135822,1,0.7269118452065029,Weak,FALSE,FALSE,FALSE,FALSE,FALSE
Pb,Weighted_CNSP,FTIR,34,0.0352943223782908,0.8429173309450749,-0.16128727410480606,0.3778457097369061,2,105.90988171172327,1,0.9653733326135822,1,0.8775725494538097,Weak,FALSE,FALSE,FALSE,FALSE,FALSE
Pb,Organic_index_FTIR,FTIR,34,0.32287364086444853,0.06253636139520254,0.41032106992864403,0.017704649064772544,1,1.8898040524441626,1,0.33501622176001356,1,0.2489716274733639,Moderate,FALSE,FALSE,FALSE,FALSE,FALSE
Pb,Mineral_index_FTIR,FTIR,34,0.022982701785167294,0.8973455438275278,-0.2432187585932549,0.17980413968743758,2,55.4165379470151,1,0.9653733326135822,1,0.6651958686195676,Weak,FALSE,FALSE,FALSE,FALSE,FALSE
Pb,CH_Silicate_ratio,FTIR,34,0.3251858893838746,0.06057505963725636,0.4107520324173182,0.017573954688390882,1,1.9150215403355526,1,0.33242410776543124,1,0.2489716274733639,Moderate,FALSE,FALSE,FALSE,FALSE,FALSE
Pb,Aromatic_Carbonate_ratio,FTIR,34,-0.03806911656131445,0.8307392724052177,-0.188437398408339,0.30167778324333844,2,11.08669034516278,1,0.9653733326135822,1,0.78927327011338555,Weak,FALSE,FALSE,FALSE,FALSE,FALSE
Pb,Aliphatic_aromatic,FTIR,34,0.04414465693764709,0.8042133039085179,-0.08134998612842853,0.658047126106279,2,147.0816435932031,1,0.9653733326135822,1,0.9021608230249412,Weak,FALSE,FALSE,FALSE,FALSE,FALSE
Pb,Weighted_organic,FTIR,34,0.04420146796854322,0.8039662273126448,-0.08111099000770737,0.6589912328177261,2,147.52292704703524,1,0.9653733326135822,1,0.9021608230249412,Weak,FALSE,FALSE,FALSE,FALSE,FALSE
Pb,Organic_mineral_ratio,FTIR,34,0.32376994220350896,0.06177024871183055,0.4032105318349423,0.019980562346278773,1,1.907768412140466,1,0.3348989387990813,1,0.2532498500299267,Moderate,FALSE,FALSE,FALSE,FALSE,FALSE
Pb,CNSP_mineral_ratio,FTIR,34,0.31765708795216346,0.06714478039887772,0.39755915923204055,0.0242439208125147,2,1.8697947718855998,1,0.3492270521648271,1,0.2660672065416313,Moderate,FALSE,FALSE,FALSE,FALSE,FALSE
Pb,Char_index_FTIR,FTIR,34,-0.18620230161585957,0.2917083544125632,-0.15992191249539128,0.3740033025383872,1,0.9653195458048942,1,0.6887538371778373,1,0.8775725494538097,Weak,FALSE,FALSE,FALSE,FALSE,FALSE
Pb,Pyrolysis_index,FTIR,34,-0.17780145054477586,0.3144070786503313,-0.14618296921935187,0.4169339700243695,1,0.9250611527178757,1,0.7156011633095809,1,0.893094827602283,Weak,FALSE,FALSE,FALSE,FALSE,FALSE
Pb,Combustion_index,FTIR,34,-0.1882263338841322,0.28640051591210397,-0.16199652982939175,0.3677550728764748,1,0.9760883144265456,1,0.6855331497896107,1,0.8754475465597088,Weak,FALSE,FALSE,FALSE,FALSE,FALSE
Pb,Normalized_organic,FTIR,34,0.2797599032034688,0.10905984892496244,0.3908827221051241,0.02696392885965945,2,1.5092398649934897,1,0.48916723695866765,1,0.28218065085690125,Weak,FALSE,FALSE,FALSE,FALSE,FALSE
Pb,Normalized_CNSP,FTIR,34,0.29282028337358607,0.09283653918412658,0.41089956977613484,0.019482563666168264,2,1.6113092727145892,1,0.43517127742559336,1,0.2532498500299267,Weak,FALSE,FALSE,FALSE,FALSE,FALSE
Pb,CN_ratio,FTIR,34,-0.159056041703312,0.3689209787899743,-0.18366649662972548,0.30624251294387306,1,0.8064160931852622,1,0.8035218782039474,1,0.7965845712412883,Weak,FALSE,FALSE,FALSE,FALSE,FALSE
Pb,Vis_slope,ASD,21,-0.028548886259327656,0.9022330569805707,-4.2164012291406893e-4,0.9985923675726608,1,0.21429280386689104,1,0.9653733326135822,1,0.9998294783207018,Weak,FALSE,FALSE,FALSE,FALSE,FALSE
Pb,NIR_slope,ASD,21,-0.21187116717067386,0.3565331321397359,-0.3414973974886163,0.14058632610141159,1,0.24827491624085357,1,0.7891836547521109,1,0.6651958686195676,Weak,FALSE,FALSE,FALSE,FALSE,FALSE
Pb,Blue_slope,ASD,21,0.34141121020037263,0.12985401859937623,0.3052604851780672,0.19061346730899134,1,0.3319477121341926,1,0.4912952718140986,1,0.6651958686195676,Moderate,FALSE,FALSE,FALSE,FALSE,FALSE
Pb,R_450,ASD,21,0.2813506812283122,0.21664160301421642,0.31126464397297604,0.18159579022955835,1,0.2353794630822335,1,0.5837647985413018,1,0.6651958686195676,Weak,FALSE,FALSE,FALSE,FALSE,FALSE
Pb,R_550,ASD,21,0.33557396761280683,0.13697606493905828,0.36609602570296335,0.11239989431818036,1,0.2523614725755812,1,0.4912952718140986,1,0.6484609287587328,Moderate,FALSE,FALSE,FALSE,FALSE,FALSE
Pb,R_650,ASD,21,0.32925278360398336,0.1449958299322469,0.3706382716786271,0.10767746727804066,1,0.2429866234980123,1,0.4912952718140986,1,0.6399814397993182,Moderate,FALSE,FALSE,FALSE,FALSE,FALSE
Pb,R_850,ASD,21,0.04694726202054831,0.8398568880752314,0.094714835213028,0.6912209545040109,1,0.21428049280590555,1,0.9653733326135822,1,0.9021608230249412,Weak,FALSE,FALSE,FALSE,FALSE,FALSE
Pb,R_1700,ASD,21,-0.05056176121428182,0.8276988309111921,-0.17260160020115156,0.46680652556153,1,0.2780767232758768,1,0.9653733326135822,1,0.9021608230249412,Weak,FALSE,FALSE,FALSE,FALSE,FALSE
Pb,R_2100,ASD,21,0.1312773675609343,0.5705677848927366,0.07787252869088662,0.7513378163542286,2,0.5340415645512421,1,0.9653733326135822,1,0.9021608230249412,Weak,FALSE,FALSE,FALSE,FALSE,FALSE
Pb,R_2300,ASD,21,0.22048072620309173,0.33685847663513535,0.1691841591143996,0.48868074127511996,2,0.6248444997401342,1,0.7579315724290545,1,0.9021608230249412,Weak,FALSE,FALSE,FALSE,FALSE,FALSE
Pb,Organic_index_1,ASD,21,-0.018760050665951166,0.9356710944773481,0.025378499837528566,0.9154199484882689,1,0.22094399953197785,1,0.9653733326135822,1,0.9764529241088957,Weak,FALSE,FALSE,FALSE,FALSE,FALSE
Pb,Organic_index_2,ASD,21,-0.11159948253209907,0.6300852846621892,-0.11034408355277749,0.6432798514298691,1,0.2147227980347037,1,0.9653733326135822,1,0.9021608230249412,Weak,FALSE,FALSE,FALSE,FALSE,FALSE
Pb,Char_darkness,ASD,21,-0.041093887370792864,0.8596193381053255,0.0672910640002029,0.7780377594317724,1,0.2922054285608463,1,0.9653733326135822,1,0.9021608230249412,Weak,FALSE,FALSE,FALSE,FALSE,FALSE
Pb,Aromatic_index,ASD,21,-0.4453277834076908,0.043066357767578334,-0.19005961019316425,0.4500141013964778,3,0.7602039941184139,1,0.2892516566479142,1,0.9021608230249412,Moderate,TRUE,FALSE,FALSE,FALSE,FALSE
Pb,Aliphatic_index,ASD,21,-0.08465685934675969,0.7152253860866952,-0.10247061360030155,0.6672756711867236,1,0.20803931075009843,1,0.9653733326135822,1,0.9021608230249412,Weak,FALSE,FALSE,FALSE,FALSE,FALSE
Zn,XRF_organic,XRF,37,0.8900105615720222,1.7224427506436012e-13,0.8885318944125637,5.145182003487738e-12,4,24.51610484216978,7.750992377896206e-11,2.4221851180925643e-12,2.315331901569482e-9,2.315331901569482e-9,Very Strong,TRUE,TRUE,TRUE,TRUE,TRUE
Zn,SiO2_pct,XRF,37,0.013215793672164881,0.9381202428814469,-0.3860663663246751,0.020038450928571226,1,0.6803895139918485,1,0.9653733326135822,1,0.2532498500299267,Weak,FALSE,FALSE,FALSE,FALSE,FALSE
Zn,Al2O3_pct,XRF,37,-0.4128604057980664,0.011099198644691286,-0.45412725423108485,0.006137708192588289,2,2.5095182556130533,1,0.09989278780222158,1,0.12554403121203317,Moderate,TRUE,FALSE,FALSE,FALSE,FALSE
Zn,Fe2O3_pct,XRF,37,-0.4811889466240945,0.002569941198905114,-0.7125339869773347,1.57390393620956e-6,2,2.7051647184120418,1,0.026283489534256844,7.08256771294302e-4,1.3636215138024163e-4,Moderate,TRUE,FALSE,TRUE,TRUE,FALSE
Zn,CaO_pct,XRF,37,0.013423193043336192,0.9371510540259352,0.380026792610414,0.02224149297855047,1,0.581570967201438,1,0.9653733326135822,1,0.256632611290967,Weak,FALSE,FALSE,FALSE,FALSE,FALSE
Zn,MgO_pct,XRF,37,0.07455259243764889,0.661000586429313,-0.12282806082279042,0.482093804319086,2,5.134084332576607,1,0.9653733326135822,1,0.9021608230249412,Weak,FALSE,FALSE,FALSE,FALSE,FALSE
Zn,K2O_pct,XRF,37,-0.48892109856171784,0.0021360539903113045,-0.5503521682148387,7.454707703744076e-4,3,3.1065977903938746,0.961224295640087,0.02235405338697877,0.33546184666848344,0.027955153889040286,Moderate,TRUE,FALSE,TRUE,TRUE,FALSE
Zn,Cr_Ni,Ratio,39,-0.01659986825697661,0.9201060667573037,-0.0814589514041063,0.6317347062135812,2,0.5432624393783304,1,0.9653733326135822,1,0.9021608230249412,Weak,FALSE,FALSE,FALSE,FALSE,FALSE
Zn,Fe_Mn,Ratio,39,-0.260099545285787,0.10979086873961207,-0.22331079390039896,0.17775935884892902,1,1.2903607523269296,1,0.48916723695866765,1,0.6651958686195676,Weak,FALSE,FALSE,FALSE,FALSE,FALSE
Zn,Ca_Mg,Ratio,39,0.037782268860266616,0.8193703759934053,0.5632185152715531,2.841956998293509e-4,2,0.7034846081072116,1,0.9653733326135822,0.1278880649232079,0.012157316712762439,Weak,FALSE,FALSE,FALSE,TRUE,FALSE
Zn,Fe_Al_ratio,Ratio,39,-0.052485542629563356,0.7509957244338437,-0.008390920200441512,0.9606890229213446,2,0.6270170093165021,1,0.9653733326135822,1,0.9825228643513751,Weak,FALSE,FALSE,FALSE,FALSE,FALSE
Zn,Si_Al_ratio,Ratio,37,0.6885529778608978,2.4682573844329017e-6,0.0762908527176563,0.6631363935955302,2,11.055524881503274,0.0011107158229948057,3.2668112441023695e-5,1,0.9021608230249412,Strong,TRUE,TRUE,TRUE,FALSE,TRUE
Zn,Pb_Zn,Ratio,39,0.0050148859966482814,0.9758284659470478,0.050310406641920574,0.767451598145265,2,285.2924043954528,1,0.9853834537378778,1,0.9021608230249412,Weak,FALSE,FALSE,FALSE,FALSE,FALSE
Zn,Cu_Zn,Ratio,39,-0.13826153375281836,0.4012489724858357,-0.2678077263907832,0.10903924706409752,2,0.7388286364761781,1,0.8282662276083763,1,0.6399814397993182,Weak,FALSE,FALSE,FALSE,FALSE,FALSE
Zn,Pb_Cu,Ratio,39,0.08488974465527749,0.6073798443337814,0.5114784128576272,0.0012144695003512111,2,17.11620360764601,1,0.9653733326135822,0.546511275158045,0.036434085010536334,Weak,FALSE,FALSE,FALSE,TRUE,FALSE
Zn,Anthro_index,Ratio,39,0.42597086414470053,0.006855415808051487,0.7512281159532346,1.2995709062131014e-7,3,2.182881982223262,1,0.0642695232004827,5.8480690779589565e-5,1.949356359319652e-5,Moderate,TRUE,FALSE,FALSE,TRUE,FALSE
Zn,CH_stretch_2920,FTIR,34,0.9712049696789272,1.6698809258565392e-21,0.3227566903344884,0.07159065756073697,2,133.18077101091455,7.514464166354426e-19,1.0816914849170717e-19,1,0.5228975462468485,Very Strong,TRUE,TRUE,TRUE,FALSE,TRUE
Zn,CH_stretch_2850,FTIR,34,0.9708879773634153,1.9850818771884625e-21,0.3235185810524265,0.07088555703389096,2,135.7256596876607,8.932868447348082e-19,1.0816914849170717e-19,1,0.5228975462468485,Very Strong,TRUE,TRUE,TRUE,FALSE,TRUE
Zn,CH_total,FTIR,34,0.9709854938132915,1.8826351340939677e-21,0.3232359027345651,0.07114653179519,2,135.01801335533548,8.471858103422854e-19,1.0816914849170717e-19,1,0.5228975462468485,Very Strong,TRUE,TRUE,TRUE,FALSE,TRUE
Zn,CO_carbonyl_1720,FTIR,34,-0.10563167276506209,0.5521363011515668,-0.07407676600302883,0.6820302449507956,1,0.5955563859976418,1,0.9653733326135822,1,0.9021608230249412,Weak,FALSE,FALSE,FALSE,FALSE,FALSE
Zn,Aromatic_1600,FTIR,34,0.24574736599486738,0.16123392667304973,-0.09461946537609055,0.6004407840383948,1,1.712007273446079,1,0.4912952718140986,1,0.9021608230249412,Weak,FALSE,FALSE,FALSE,FALSE,FALSE
Zn,Aromatic_1580,FTIR,34,0.9637466970944163,6.309058941227624e-20,0.24268253547923496,0.18079570413933868,2,180.95357495681125,2.8390765235524304e-17,1.2452795354573502e-18,1,0.6651958686195676,Very Strong,TRUE,TRUE,TRUE,FALSE,TRUE
Zn,CO_stretch_1100,FTIR,34,0.9632875370769981,7.691104331698614e-20,0.23366429686401824,0.1980522931411555,2,182.89146865870418,3.4609969492643766e-17,1.2452795354573502e-18,1,0.6651958686195676,Very Strong,TRUE,TRUE,TRUE,FALSE,TRUE
Zn,NH_stretch,FTIR,34,0.9706170227453564,2.297796030593236e-21,0.32103334616729867,0.07320565647455879,2,135.3683169870529,1.0340082137669562e-18,1.0816914849170717e-19,1,0.5228975462468485,Very Strong,TRUE,TRUE,TRUE,FALSE,TRUE
Zn,NH_bend,FTIR,34,0.5230455158907645,0.00150407455313782,-0.19114199132878862,0.2946642710646874,2,6.7688726714137575,0.676833548912019,0.016115084497905215,1,0.7754322922754933,Strong,TRUE,FALSE,TRUE,FALSE,TRUE
Zn,Amide_I,FTIR,34,0.24805312381237607,0.15721414812122242,-0.012468714533603839,0.9450946629346675,1,1.565922646110507,1,0.4912952718140986,1,0.9764529241088957,Weak,FALSE,FALSE,FALSE,FALSE,FALSE
Zn,CN_stretch,FTIR,34,0.9633093238168208,7.619592062177579e-20,0.23486804795267208,0.1956851061728145,2,182.46427091125142,3.4288164279799104e-17,1.2452795354573502e-18,1,0.6651958686195676,Very Strong,TRUE,TRUE,TRUE,FALSE,TRUE
Zn,Nitrate_1380,FTIR,34,0.247470650475278,0.158222714840979,-0.15412448708596396,0.39179162808902934,1,1.8607730497226298,1,0.4912952718140986,1,0.8904355183841577,Weak,FALSE,FALSE,FALSE,FALSE,FALSE
Zn,Sulfate_1100,FTIR,34,0.9632702160171329,7.74840599840129e-20,0.23378981183164352,0.19780454301010475,2,182.66167966898368,3.4867826992805804e-17,1.2452795354573502e-18,1,0.6651958686195676,Very Strong,TRUE,TRUE,TRUE,FALSE,TRUE
Zn,Sulfoxide_1040,FTIR,34,0.9632781462044734,7.722121908413117e-20,0.2320025509792397,0.2013526781298822,2,183.67583324218126,3.4749548587859026e-17,1.2452795354573502e-18,1,0.6651958686195676,Very Strong,TRUE,TRUE,TRUE,FALSE,TRUE
Zn,CS_stretch,FTIR,34,0.9641876651484921,5.2035467652444416e-20,0.23958702981518815,0.18659516041463203,2,180.1653840893262,2.3415960443599987e-17,1.2452795354573502e-18,1,0.6651958686195676,Very Strong,TRUE,TRUE,TRUE,FALSE,TRUE
Zn,PO_1250,FTIR,34,0.9634444439258262,7.189781728310702e-20,0.23762356760252806,0.19034061846124256,2,181.85299216626677,3.2354017777398157e-17,1.2452795354573502e-18,1,0.6651958686195676,Very Strong,TRUE,TRUE,TRUE,FALSE,TRUE
Zn,POC_1020,FTIR,34,0.9632723497022613,7.741325821241273e-20,0.23214221151019368,0.20107384327052444,2,183.43276919633277,3.4835966195585726e-17,1.2452795354573502e-18,1,0.6651958686195676,Very Strong,TRUE,TRUE,TRUE,FALSE,TRUE
Zn,OH_stretch,FTIR,34,0.9705330066570129,2.4037588553712706e-21,0.31947337254436337,0.07469180808816288,2,135.89550950979822,1.0816914849170718e-18,1.0816914849170717e-19,1,0.5251767756198953,Very Strong,TRUE,TRUE,TRUE,FALSE,TRUE
Zn,Water_1630,FTIR,34,0.9640135803165462,5.616336815301053e-20,0.2469966434952812,0.1729267623903129,2,179.11073251661384,2.5273515668854738e-17,1.2452795354573502e-18,1,0.6651958686195676,Very Strong,TRUE,TRUE,TRUE,FALSE,TRUE
Zn,Carbonate_1420,FTIR,34,0.36669698423159813,0.03291226519020267,-0.09876129453456184,0.5907369427499926,2,3.959401598395117,1,0.2314143646186125,1,0.9021608230249412,Moderate,TRUE,FALSE,FALSE,FALSE,FALSE
Zn,Carbonate_875,FTIR,34,-0.25621016721364737,0.1435740523990667,-0.04450483164694727,0.805740564233242,1,1.5303653831360453,1,0.4912952718140986,1,0.9110132007662284,Weak,FALSE,FALSE,FALSE,FALSE,FALSE
Zn,Silicate_1080,FTIR,34,0.9632732858661237,7.738221272365275e-20,0.2336229958683239,0.19813386297948588,2,182.91011268638331,3.482199572564374e-17,1.2452795354573502e-18,1,0.6651958686195676,Very Strong,TRUE,TRUE,TRUE,FALSE,TRUE
Zn,Silicate_800,FTIR,34,0.9636999950930619,6.438203792091727e-20,0.23590111536281028,0.1936693203259904,2,181.82319589407243,2.897191706441277e-17,1.2452795354573502e-18,1,0.6651958686195676,Very Strong,TRUE,TRUE,TRUE,FALSE,TRUE
Zn,Metal_oxide_500,FTIR,34,0.9647994530361652,3.9671042940064283e-20,0.24951457683364975,0.16844796928834987,2,177.39389309238905,1.7851969323028928e-17,1.2452795354573502e-18,1,0.6651958686195676,Very Strong,TRUE,TRUE,TRUE,FALSE,TRUE
Zn,Total_organic_C,FTIR,34,0.9708872591309456,1.9858554152606025e-21,0.32465510892955246,0.06984379864180555,2,135.65164204578494,8.936349368672711e-19,1.0816914849170717e-19,1,0.5228975462468485,Very Strong,TRUE,TRUE,TRUE,FALSE,TRUE
Zn,Total_organic_N,FTIR,34,0.970661562198579,2.2434108158631084e-21,0.32184899767915903,0.07243779588310392,2,134.93951535027892,1.0095348671383989e-18,1.0816914849170717e-19,1,0.5228975462468485,Very Strong,TRUE,TRUE,TRUE,FALSE,TRUE
Zn,Total_organic_S,FTIR,34,0.9635836573837224,6.770745089006146e-20,0.23515494169649276,0.19512384361971497,2,182.27116915686815,3.0468352900527657e-17,1.2452795354573502e-18,1,0.6651958686195676,Very Strong,TRUE,TRUE,TRUE,FALSE,TRUE
Zn,Total_organic_P,FTIR,34,0.9633612589770878,7.451621901006411e-20,0.23492661977480028,0.19557042848447337,2,182.64172124857905,3.3532298554528845e-17,1.2452795354573502e-18,1,0.6651958686195676,Very Strong,TRUE,TRUE,TRUE,FALSE,TRUE
Zn,Total_organic_CNSP,FTIR,34,0.966098682076837,2.1937834388954023e-20,0.2640600582299974,0.14418439420749146,2,171.53611086262367,9.872025475029311e-18,7.593865750022545e-19,1,0.6651958686195676,Very Strong,TRUE,TRUE,TRUE,FALSE,TRUE
Zn,Weighted_CNSP,FTIR,34,0.9681082692427728,8.372023467279508e-21,0.2884512810089665,0.10936589731557426,2,159.123039859365,3.7674105602757786e-18,3.4249186911597984e-19,1,0.6399814397993182,Very Strong,TRUE,TRUE,TRUE,FALSE,TRUE
Zn,Organic_index_FTIR,FTIR,34,0.40271851971383743,0.018207473317943396,0.4751702509840247,0.005990717274486083,2,2.1838674558065128,1,0.1370632239242072,1,0.12554403121203317,Moderate,TRUE,FALSE,FALSE,FALSE,FALSE
Zn,Mineral_index_FTIR,FTIR,34,0.9633005477180898,7.648323379945889e-20,0.23296984734864085,0.19942693811445295,2,182.55037584767908,3.4417455209756496e-17,1.2452795354573502e-18,1,0.6651958686195676,Very Strong,TRUE,TRUE,TRUE,FALSE,TRUE
Zn,CH_Silicate_ratio,FTIR,34,0.40599202280877816,0.017200238082563782,0.47500735295655855,0.006010371422901135,2,2.226915628308598,1,0.1370632239242072,1,0.12554403121203317,Moderate,TRUE,FALSE,FALSE,FALSE,FALSE
Zn,Aromatic_Carbonate_ratio,FTIR,34,0.004731187574494296,0.9788142307129586,-0.12330289596508544,0.5013746975780847,2,7.985971569230159,1,0.9853834537378778,1,0.9021608230249412,Weak,FALSE,FALSE,FALSE,FALSE,FALSE
Zn,Aliphatic_aromatic,FTIR,34,0.9709399724965344,1.929826088952793e-21,0.324576518926683,0.06991544944659178,2,135.24177313044686,8.684217400287569e-19,1.0816914849170717e-19,1,0.5228975462468485,Very Strong,TRUE,TRUE,TRUE,FALSE,TRUE
Zn,Weighted_organic,FTIR,34,0.9709372366441522,1.9326972580296368e-21,0.3239563712331155,0.07048285013527507,2,135.33277119776122,8.697137661133365e-19,1.0816914849170717e-19,1,0.5228975462468485,Very Strong,TRUE,TRUE,TRUE,FALSE,TRUE
Zn,Organic_mineral_ratio,FTIR,34,0.4046588970245446,0.017604667651407054,0.47418352877196013,0.006110614368409586,2,2.21302376564309,1,0.1370632239242072,1,0.12554403121203317,Moderate,TRUE,FALSE,FALSE,FALSE,FALSE
Zn,CNSP_mineral_ratio,FTIR,34,0.4033138058463093,0.018020737267426555,0.4602950996957866,0.008028317084163522,2,2.235233514621509,1,0.1370632239242072,1,0.1338052847360587,Moderate,TRUE,FALSE,FALSE,FALSE,FALSE
Zn,Char_index_FTIR,FTIR,34,-0.23805421326339493,0.17517982526266376,-0.1970565072165386,0.2716910157853166,1,1.1226129135676306,1,0.5021077794152783,1,0.7277437922820981,Weak,FALSE,FALSE,FALSE,FALSE,FALSE
Zn,Pyrolysis_index,FTIR,34,-0.24240590214652133,0.16718969748733484,-0.22092865840080347,0.2166299990361046,1,1.118020713464008,1,0.4912952718140986,1,0.6788857548338036,Weak,FALSE,FALSE,FALSE,FALSE,FALSE
Zn,Combustion_index,FTIR,34,-0.24082081706582673,0.17006929694671313,-0.1978344314019317,0.2697650625544133,1,1.141124264709006,1,0.4912952718140986,1,0.7269118452065029,Weak,FALSE,FALSE,FALSE,FALSE,FALSE
Zn,Normalized_organic,FTIR,34,0.347705406026788,0.04390655138353666,0.4462238907918096,0.010469933697556146,2,1.6492762535973218,1,0.28987272102810413,1,0.162464488410354,Moderate,TRUE,FALSE,FALSE,FALSE,FALSE
Zn,Normalized_CNSP,FTIR,34,0.3641072918595409,0.034263629759175296,0.4537698655512324,0.00909256154809152,2,1.7987402001035648,1,0.2372097444865982,1,0.14613045345147088,Moderate,TRUE,FALSE,FALSE,FALSE,FALSE
Zn,CN_ratio,FTIR,34,-0.09591558668461123,0.5894684423949232,-0.2206413451659212,0.21724344154681716,1,0.5014377434690053,1,0.9653733326135822,1,0.6788857548338036,Weak,FALSE,FALSE,FALSE,FALSE,FALSE
Zn,Vis_slope,ASD,21,0.012109193951105645,0.9584529764455365,0.012109193951105645,0.9584529764455365,0,0.18141629156883485,1,0.9735978316038181,1,0.9824688824612562,Weak,FALSE,FALSE,FALSE,FALSE,FALSE
Zn,NIR_slope,ASD,21,-0.19883103304220878,0.38756613982514865,-0.3015256866816537,0.19637213643804816,1,0.20821825473630293,1,0.814975527669705,1,0.6651958686195676,Weak,FALSE,FALSE,FALSE,FALSE,FALSE
Zn,Blue_slope,ASD,21,0.35385386592541035,0.11556120207436485,0.31626952859908997,0.1743034783510066,1,0.27522792318815237,1,0.4912952718140986,1,0.6651958686195676,Moderate,FALSE,FALSE,FALSE,FALSE,FALSE
Zn,R_450,ASD,21,0.26349154004140307,0.248471132586548,0.2626656398743086,0.29232921199183803,3,0.222509869195692,1,0.6325269579854248,1,0.7738126199783948,Weak,FALSE,FALSE,FALSE,FALSE,FALSE
Zn,R_550,ASD,21,0.32762741997902006,0.14711021259216514,0.21977156627634514,0.36596851563152033,2,0.2329087190670655,1,0.4912952718140986,1,0.8754475465597088,Moderate,FALSE,FALSE,FALSE,FALSE,FALSE
Zn,R_650,ASD,21,0.33181403047285435,0.14170751558109898,0.21886820634201187,0.3679918751364195,2,0.26100980779925725,1,0.4912952718140986,1,0.8754475465597088,Moderate,FALSE,FALSE,FALSE,FALSE,FALSE
Zn,R_850,ASD,21,0.058196045295241694,0.8021468815418448,0.058196045295241694,0.8021468815418448,0,0.1823956136121386,1,0.9653733326135822,1,0.9110132007662284,Weak,FALSE,FALSE,FALSE,FALSE,FALSE
Zn,R_1700,ASD,21,-0.0393315429967918,0.8655858527425819,-0.14067196142060676,0.5541516696408408,1,0.233417558261292,1,0.9653733326135822,1,0.9021608230249412,Weak,FALSE,FALSE,FALSE,FALSE,FALSE
Zn,R_2100,ASD,21,0.12798838993082465,0.5803424481246948,0.09767218262946141,0.6907825316429901,2,0.4464261101296184,1,0.9653733326135822,1,0.9021608230249412,Weak,FALSE,FALSE,FALSE,FALSE,FALSE
Zn,R_2300,ASD,21,0.20479450786195372,0.37319127232138893,0.16614298685878803,0.4966413388179278,2,0.5213653188638822,1,0.8035218782039474,1,0.9021608230249412,Weak,FALSE,FALSE,FALSE,FALSE,FALSE
Zn,Organic_index_1,ASD,21,0.026898643189655572,0.9078605345511352,0.026898643189655572,0.9078605345511352,0,0.18779144430443168,1,0.9653733326135822,1,0.9746518914259359,Weak,FALSE,FALSE,FALSE,FALSE,FALSE
Zn,Organic_index_2,ASD,21,-0.07661636642083684,0.7413342641255325,-0.07661636642083684,0.7413342641255325,0,0.1803934761231896,1,0.9653733326135822,1,0.9021608230249412,Weak,FALSE,FALSE,FALSE,FALSE,FALSE
Zn,Char_darkness,ASD,21,-0.04726138523562834,0.8387988404335173,0.046232915652077655,0.8465286118171004,1,0.24525486324046,1,0.9653733326135822,1,0.9429155329645921,Weak,FALSE,FALSE,FALSE,FALSE,FALSE
Zn,Aromatic_index,ASD,21,-0.49252796826615164,0.023311184784327015,-0.24890042085859737,0.3192627098388864,3,0.7726845502423088,1,0.16919408311205092,1,0.8116848555225925,Moderate,TRUE,FALSE,FALSE,FALSE,FALSE
Zn,Aliphatic_index,ASD,21,-0.15652796568416183,0.4980417629906342,-0.15652796568416183,0.4980417629906342,0,0.177863826637887,1,0.9653733326135822,1,0.9021608230249412,Weak,FALSE,FALSE,FALSE,FALSE,FALSE
Cu,XRF_organic,XRF,37,0.3038352811712125,0.0675172300851999,0.46856404093061504,0.004525684383556773,2,3.2651322430562972,1,0.3492270521648271,1,0.11979752780003221,Moderate,FALSE,FALSE,FALSE,FALSE,FALSE
Cu,SiO2_pct,XRF,37,0.12462224335694003,0.4623993677522138,-0.017987601869063077,0.9170701420007121,1,0.7560099651966353,1,0.9207067057013106,1,0.9764529241088957,Weak,FALSE,FALSE,FALSE,FALSE,FALSE
Cu,Al2O3_pct,XRF,37,-0.19870379486502124,0.23840430380743108,-0.07744277342329656,0.6583562831811215,2,1.1416708489437843,1,0.6130396383619656,1,0.9021608230249412,Weak,FALSE,FALSE,FALSE,FALSE,FALSE
Cu,Fe2O3_pct,XRF,37,-0.32536667493180144,0.049410078666518246,-0.16656909917377527,0.33889478433737286,2,2.2134333814779112,1,0.3061145457261748,1,0.8400667649160293,Moderate,TRUE,FALSE,FALSE,FALSE,FALSE
Cu,CaO_pct,XRF,37,-0.11219226113545883,0.5085430566534622,-0.025684447974340493,0.8817963951701256,1,0.6506547586659047,1,0.9653733326135822,1,0.9650663380744323,Weak,FALSE,FALSE,FALSE,FALSE,FALSE
Cu,MgO_pct,XRF,37,0.9246589133505191,3.0415996681946395e-16,-0.03172040955284705,0.8586550496800915,3,100.11645048228888,1.3687198506875877e-13,4.562399502291959e-15,1,0.9517112619606927,Very Strong,TRUE,TRUE,TRUE,FALSE,TRUE
Cu,K2O_pct,XRF,37,-0.38747119328853985,0.017817239137022937,-0.456830838636993,0.006608361481303328,3,2.4632699689024493,1,0.1370632239242072,1,0.12929402898202164,Moderate,TRUE,FALSE,FALSE,FALSE,FALSE
Cu,Cr_Ni,Ratio,39,0.2150253761820908,0.18865037924260772,-0.0780036577616867,0.6463111725500151,2,2.033565204899809,1,0.5208139304243772,1,0.9021608230249412,Weak,FALSE,FALSE,FALSE,FALSE,FALSE
Cu,Fe_Mn,Ratio,39,-0.14440487241896688,0.3804446796578207,-0.0894604476202532,0.5932569627558444,1,0.7279258293334273,1,0.8113749092228404,1,0.9021608230249412,Weak,FALSE,FALSE,FALSE,FALSE,FALSE
Cu,Ca_Mg,Ratio,39,-0.06315089899929989,0.7025150692892237,0.20390905558408914,0.22607663524824687,2,0.6152779834582545,1,0.9653733326135822,1,0.6920713323925924,Weak,FALSE,FALSE,FALSE,FALSE,FALSE
Cu,Fe_Al_ratio,Ratio,39,-0.059866751672881496,0.7173305255435218,0.12913008339282253,0.4397213985061976,1,0.6241929671711184,1,0.9653733326135822,1,0.9021608230249412,Weak,FALSE,FALSE,FALSE,FALSE,FALSE
Cu,Si_Al_ratio,Ratio,37,0.1820069074159721,0.2809699529069127,-0.0542507985709858,0.7605748314625845,3,1.063242151160094,1,0.6770003025567274,1,0.9021608230249412,Weak,FALSE,FALSE,FALSE,FALSE,FALSE
Cu,Pb_Zn,Ratio,39,0.9517609547157776,1.4157794598248655e-20,-0.36194543399870255,0.03006931453328519,3,872.2505229067104,6.3710075692118945e-18,5.309172974343245e-19,1,0.3075270804540531,Very Strong,TRUE,TRUE,TRUE,FALSE,TRUE
Cu,Cu_Zn,Ratio,39,0.7318651445138916,1.1976414019844427e-7,-0.18193257006731964,0.2882513395459996,3,11.307780613960867,5.389386308929992e-5,1.633147366342422e-6,1,0.767533152637277,Very Strong,TRUE,TRUE,TRUE,FALSE,TRUE
Cu,Pb_Cu,Ratio,39,-0.027259330492985307,0.8691594376459016,-0.1478091424925072,0.3826421157381491,2,3347.7874012217007,1,0.9653733326135822,1,0.8786505039825371,Weak,FALSE,FALSE,FALSE,FALSE,FALSE
Cu,Anthro_index,Ratio,39,0.6367135940459007,1.3151674138446697e-5,0.37772404130328324,0.02313276048076586,3,9.67563108257622,0.005918253362301014,1.6439592673058373e-4,1,0.26024355540861593,Strong,TRUE,TRUE,TRUE,FALSE,TRUE
Cu,CH_stretch_2920,FTIR,34,0.10032710603181723,0.5723808952284439,0.27935455583340757,0.1215244785358133,2,171.01197433725727,1,0.9653733326135822,1,0.6651958686195676,Weak,FALSE,FALSE,FALSE,FALSE,FALSE
Cu,CH_stretch_2850,FTIR,34,0.10138411293223426,0.5683202313086575,0.2752810432644487,0.127282992606422,2,172.1303771160913,1,0.9653733326135822,1,0.6651958686195676,Weak,FALSE,FALSE,FALSE,FALSE,FALSE
Cu,CH_total,FTIR,34,0.10112580997970204,0.5693113320026146,0.2765864299707169,0.12541612913223799,2,172.35437704208206,1,0.9653733326135822,1,0.6651958686195676,Weak,FALSE,FALSE,FALSE,FALSE,FALSE
Cu,CO_carbonyl_1720,FTIR,34,-0.07874986483654574,0.6579829149281149,-0.05709164748932091,0.7523226865739968,1,0.549080252440793,1,0.9653733326135822,1,0.9021608230249412,Weak,FALSE,FALSE,FALSE,FALSE,FALSE
Cu,Aromatic_1600,FTIR,34,-0.397588668102994,0.019884489959581204,0.2525718489164473,0.15616694131837827,1,4.36683165597932,1,0.14668886035756626,1,0.6651958686195676,Moderate,TRUE,FALSE,FALSE,FALSE,FALSE
Cu,Aromatic_1580,FTIR,34,0.08474531451562092,0.6337029143637505,0.21066133782289412,0.24714457100168377,2,79.8377319686633,1,0.9653733326135822,1,0.7057705245891167,Weak,FALSE,FALSE,FALSE,FALSE,FALSE
Cu,CO_stretch_1100,FTIR,34,0.08194358709504394,0.6450044154516572,0.20744728722700373,0.25459584609956454,2,71.86544429014154,1,0.9653733326135822,1,0.7057705245891167,Weak,FALSE,FALSE,FALSE,FALSE,FALSE
Cu,NH_stretch,FTIR,34,0.10307210149973252,0.5618628955840669,0.267749026949757,0.13845718038794227,2,166.0350511065858,1,0.9653733326135822,1,0.6651958686195676,Weak,FALSE,FALSE,FALSE,FALSE,FALSE
Cu,NH_bend,FTIR,34,0.41139998125138644,0.01563829417513712,-0.30334370729219534,0.09146300237431794,2,4.046321799148918,1,0.13232357378893755,1,0.5962161357768958,Moderate,TRUE,FALSE,FALSE,FALSE,FALSE
Cu,Amide_I,FTIR,34,0.24962818294263664,0.15451014426274812,0.15900352966734188,0.37678905433287546,1,1.3321851924178325,1,0.4912952718140986,1,0.8775725494538097,Weak,FALSE,FALSE,FALSE,FALSE,FALSE
Cu,CN_stretch,FTIR,34,0.08220115951207303,0.6439621142202776,0.2082889380404473,0.25263043943775687,2,72.21437963794247,1,0.9653733326135822,1,0.7057705245891167,Weak,FALSE,FALSE,FALSE,FALSE,FALSE
Cu,Nitrate_1380,FTIR,34,-0.024837166989928324,0.8891114792583222,-0.07191650169936348,0.6908403106803498,1,0.4730411047776627,1,0.9653733326135822,1,0.9021608230249412,Weak,FALSE,FALSE,FALSE,FALSE,FALSE
Cu,Sulfate_1100,FTIR,34,0.08181918355104932,0.6455080691647034,0.207829988098493,0.2537009229217476,2,71.27972543583198,1,0.9653733326135822,1,0.7057705245891167,Weak,FALSE,FALSE,FALSE,FALSE,FALSE
Cu,Sulfoxide_1040,FTIR,34,0.08181078574440703,0.6455420736692448,0.20569668180284276,0.25871607667788654,2,72.17728185151564,1,0.9653733326135822,1,0.7095208724915196,Weak,FALSE,FALSE,FALSE,FALSE,FALSE
Cu,CS_stretch,FTIR,34,0.08167361694061077,0.6460975991639263,0.2168706083594957,0.2331634193792086,2,75.42408966148848,1,0.9653733326135822,1,0.7041848236284823,Weak,FALSE,FALSE,FALSE,FALSE,FALSE
Cu,PO_1250,FTIR,34,0.08288308562237433,0.6412058308728719,0.20950833755153464,0.24980076358687564,2,74.13884046421005,1,0.9653733326135822,1,0.7057705245891167,Weak,FALSE,FALSE,FALSE,FALSE,FALSE
Cu,POC_1020,FTIR,34,0.08157588319901823,0.6464935297100722,0.2069994336958404,0.2556457677956134,2,71.41474361826668,1,0.9653733326135822,1,0.7057705245891167,Weak,FALSE,FALSE,FALSE,FALSE,FALSE
Cu,OH_stretch,FTIR,34,0.10316562353561948,0.561506120396931,0.2656807449592737,0.14164738620535694,2,165.23569058074324,1,0.9653733326135822,1,0.6651958686195676,Weak,FALSE,FALSE,FALSE,FALSE,FALSE
Cu,Water_1630,FTIR,34,0.08510984372042525,0.6322383846684185,0.21573680873560025,0.23567574687018294,2,81.03158960023354,1,0.9653733326135822,1,0.7057705245891167,Weak,FALSE,FALSE,FALSE,FALSE,FALSE
Cu,Carbonate_1420,FTIR,34,0.21604895123978843,0.21974479947837197,-0.010041965694207953,0.9557690533969513,1,1.2901856233274327,1,0.5886021414599248,1,0.9819545069146761,Weak,FALSE,FALSE,FALSE,FALSE,FALSE
Cu,Carbonate_875,FTIR,34,-0.04350941685101299,0.8069772869878648,-0.02908331368091561,0.8723590617919865,1,0.49487829258897753,1,0.9653733326135822,1,0.9598082586953398,Weak,FALSE,FALSE,FALSE,FALSE,FALSE
Cu,Silicate_1080,FTIR,34,0.08197190449953212,0.6448897927378014,0.20723536024748654,0.255092320036356,2,71.84581632443316,1,0.9653733326135822,1,0.7057705245891167,Weak,FALSE,FALSE,FALSE,FALSE,FALSE
Cu,Silicate_800,FTIR,34,0.08154985344708969,0.6465989952893374,0.211455667277893,0.24532561623211505,2,72.97154092032703,1,0.9653733326135822,1,0.7057705245891167,Weak,FALSE,FALSE,FALSE,FALSE,FALSE
Cu,Metal_oxide_500,FTIR,34,0.08230034343300353,0.6435609308253566,0.2258515617046352,0.21389962471149027,2,79.27257161042097,1,0.9653733326135822,1,0.6778509233814833,Weak,FALSE,FALSE,FALSE,FALSE,FALSE
Cu,Total_organic_C,FTIR,34,0.10080719313013267,0.5705349364995294,0.2767970279485745,0.12511685503605058,2,169.449480551025,1,0.9653733326135822,1,0.6651958686195676,Weak,FALSE,FALSE,FALSE,FALSE,FALSE
Cu,Total_organic_N,FTIR,34,0.10340990981915862,0.5605746904515427,0.26694003766701724,0.13969868469541943,2,167.35171016166797,1,0.9653733326135822,1,0.6651958686195676,Weak,FALSE,FALSE,FALSE,FALSE,FALSE
Cu,Total_organic_S,FTIR,34,0.08176995719340156,0.6457074072060687,0.21011992058937787,0.24838949888825518,2,73.01994580850327,1,0.9653733326135822,1,0.7057705245891167,Weak,FALSE,FALSE,FALSE,FALSE,FALSE
Cu,Total_organic_P,FTIR,34,0.08223563307057435,0.6438226628784112,0.20827894299478827,0.25265372064127856,2,72.80447281953172,1,0.9653733326135822,1,0.7057705245891167,Weak,FALSE,FALSE,FALSE,FALSE,FALSE
Cu,Total_organic_CNSP,FTIR,34,0.08798506990054177,0.6207353757094692,0.22942570492474146,0.20654547759120354,2,100.89026790504595,1,0.9653733326135822,1,0.668672409467925,Weak,FALSE,FALSE,FALSE,FALSE,FALSE
Cu,Weighted_CNSP,FTIR,34,0.09309755937521148,0.600499566333532,0.2476612660531073,0.17173644037545413,2,128.01492996317106,1,0.9653733326135822,1,0.6651958686195676,Weak,FALSE,FALSE,FALSE,FALSE,FALSE
Cu,Organic_index_FTIR,FTIR,34,0.32707183736491197,0.05901156582977468,0.29721240691266604,0.09301154004069875,1,1.8523602587103063,1,0.33242410776543124,1,0.5962161357768958,Moderate,FALSE,FALSE,FALSE,FALSE,FALSE
Cu,Mineral_index_FTIR,FTIR,34,0.08207850954092472,0.644458350730904,0.2070858415560113,0.25544297629507867,2,71.95884133286484,1,0.9653733326135822,1,0.7057705245891167,Weak,FALSE,FALSE,FALSE,FALSE,FALSE
Cu,CH_Silicate_ratio,FTIR,34,0.32916244470363126,0.0573158595774061,0.29629844305252806,0.09406965697813245,1,1.8769781385244628,1,0.3309705670931676,1,0.5962161357768958,Moderate,FALSE,FALSE,FALSE,FALSE,FALSE
Cu,Aromatic_Carbonate_ratio,FTIR,34,-0.033204296534278165,0.8521139043400134,-0.06216571841918116,0.7353644266018018,2,9.749032664608643,1,0.9653733326135822,1,0.9021608230249412,Weak,FALSE,FALSE,FALSE,FALSE,FALSE
Cu,Aliphatic_aromatic,FTIR,34,0.1009450598635155,0.5700053317163363,0.277836878571367,0.1236468951239536,2,170.5641778514116,1,0.9653733326135822,1,0.6651958686195676,Weak,FALSE,FALSE,FALSE,FALSE,FALSE
Cu,Weighted_organic,FTIR,34,0.10096656036075645,0.5699227592841272,0.2767038090486246,0.12524926022801308,2,170.91927999294475,1,0.9653733326135822,1,0.6651958686195676,Weak,FALSE,FALSE,FALSE,FALSE,FALSE
Cu,Organic_mineral_ratio,FTIR,34,0.3290971484224479,0.05736823162948238,0.2997123490662944,0.09016367179368964,1,1.8701322651714436,1,0.3309705670931676,1,0.5962161357768958,Moderate,FALSE,FALSE,FALSE,FALSE,FALSE
Cu,CNSP_mineral_ratio,FTIR,34,0.3259142730314843,0.05996738470459213,0.30075400721616347,0.08899692403310715,1,1.8334836215447587,1,0.33242410776543124,1,0.5962161357768958,Moderate,FALSE,FALSE,FALSE,FALSE,FALSE
Cu,Char_index_FTIR,FTIR,34,-0.19303802647636015,0.27403322660934115,-0.14926066460982737,0.40708470378329475,1,0.9472467580292693,1,0.6715260872958464,1,0.893094827602283,Weak,FALSE,FALSE,FALSE,FALSE,FALSE
Cu,Pyrolysis_index,FTIR,34,-0.1964315900785057,0.26552310044876337,-0.20955909631412661,0.24181594556156455,1,0.9083421377358504,1,0.6638077511219085,1,0.7057705245891167,Weak,FALSE,FALSE,FALSE,FALSE,FALSE
Cu,Combustion_index,FTIR,34,-0.1946480114780554,0.26997396264049933,-0.14823315564266704,0.4103581776272083,1,0.9577863539543916,1,0.6712059844653299,1,0.893094827602283,Weak,FALSE,FALSE,FALSE,FALSE,FALSE
Cu,Normalized_organic,FTIR,34,0.28850276380039397,0.09798127068711557,0.27500286055637196,0.1276834657601482,2,1.4806077998684317,1,0.44991399805308174,1,0.6651958686195676,Weak,FALSE,FALSE,FALSE,FALSE,FALSE
Cu,Normalized_CNSP,FTIR,34,0.29830224843603137,0.08660483659513085,0.2662903140117552,0.14070164473427763,2,1.580092937036302,1,0.41459762199796685,1,0.6651958686195676,Weak,FALSE,FALSE,FALSE,FALSE,FALSE
Cu,CN_ratio,FTIR,34,-0.15050131394955826,0.39554993533475025,-0.07211935490811727,0.6900113103532053,1,0.7910949369478932,1,0.8240623652807297,1,0.9021608230249412,Weak,FALSE,FALSE,FALSE,FALSE,FALSE
Cu,Vis_slope,ASD,21,0.019074462301207285,0.9345951685275292,-0.0712677299603546,0.76526318112017655,1,0.38604455149048844,1,0.9653733326135822,1,0.9021608230249412,Weak,FALSE,FALSE,FALSE,FALSE,FALSE
Cu,NIR_slope,ASD,21,-0.24039697911345967,0.2938683038625439,-0.21973155684204798,0.3519350360829733,1,0.5299319591316891,1,0.6887538371778373,1,0.8560581958775025,Weak,FALSE,FALSE,FALSE,FALSE,FALSE
Cu,Blue_slope,ASD,21,0.2746920508625631,0.22817679156988474,0.2951516912949616,0.2064667167194832,1,0.525299735681613,1,0.593523446280047,1,0.668672409467925,Weak,FALSE,FALSE,FALSE,FALSE,FALSE
Cu,R_450,ASD,21,0.24991422135973337,0.27457955569430165,0.0945467969517194,0.6917429932505522,1,0.7788288683799566,1,0.6715260872958464,1,0.9021608230249412,Weak,FALSE,FALSE,FALSE,FALSE,FALSE
Cu,R_550,ASD,21,0.3048360334035057,0.17906568025908862,0.13735515748185695,0.5636242137252486,1,0.9433081248978703,1,0.5067896611106282,1,0.9021608230249412,Moderate,FALSE,FALSE,FALSE,FALSE,FALSE
Cu,R_650,ASD,21,0.3140019829987216,0.16569073280832855,0.10278835859141779,0.6663010465084805,1,1.0907464772873794,1,0.4912952718140986,1,0.9021608230249412,Moderate,FALSE,FALSE,FALSE,FALSE,FALSE
Cu,R_850,ASD,21,0.07041129940717109,0.761673591947577,-0.17506434624524,0.46037432692381963,1,0.6142752532591198,1,0.9653733326135822,1,0.9021608230249412,Weak,FALSE,FALSE,FALSE,FALSE,FALSE
Cu,R_1700,ASD,21,-0.11177256417309449,0.629551311371517,-0.17762756579210726,0.4537281567966305,1,0.362867581268895,1,0.9653733326135822,1,0.9021608230249412,Weak,FALSE,FALSE,FALSE,FALSE,FALSE
Cu,R_2100,ASD,21,-0.020195030238463137,0.9307614567118372,-0.015512772665268968,0.9482442840790831,1,0.356912600814029,1,0.9653733326135822,1,0.9764529241088957,Weak,FALSE,FALSE,FALSE,FALSE,FALSE
Cu,R_2300,ASD,21,0.03379589917595158,0.8843714707024253,0.07500924948879485,0.7532969677928643,1,0.3560802390822602,1,0.9653733326135822,1,0.9021608230249412,Weak,FALSE,FALSE,FALSE,FALSE,FALSE
Cu,Organic_index_1,ASD,21,0.04073364406880156,0.8608383738709773,-0.039383365769649084,0.8690618488662646,1,0.3920082367393402,1,0.9653733326135822,1,0.9586605060994732,Weak,FALSE,FALSE,FALSE,FALSE,FALSE
Cu,Organic_index_2,ASD,21,-0.06935844636179567,0.7651401577299342,-0.05963003406377888,0.8028004757015144,1,0.37080867658470695,1,0.9653733326135822,1,0.9110132007662284,Weak,FALSE,FALSE,FALSE,FALSE,FALSE
Cu,Char_darkness,ASD,21,0.029574134702816134,0.8987391218757043,0.14183759351399208,0.550839715708964,1,0.3750444818928237,1,0.9653733326135822,1,0.9021608230249412,Weak,FALSE,FALSE,FALSE,FALSE,FALSE
Cu,Aromatic_index,ASD,21,-0.3066402179895877,0.17637655163602822,-0.49981055678519365,0.024832939277218923,1,0.4096363137756837,1,0.5023382799760298,1,0.2660672065416313,Moderate,FALSE,FALSE,FALSE,FALSE,FALSE
Cu,Aliphatic_index,ASD,21,-0.05892987358165467,0.799700539565901,-0.0016915832905532485,0.9943527422472955,1,0.38874406660194727,1,0.9653733326135822,1,0.9998294783207018,Weak,FALSE,FALSE,FALSE,FALSE,FALSE
As,XRF_organic,XRF,37,0.03770575405759494,0.8246550574202773,0.11573170445271147,0.5212926972859915,4,3.7289199025984447,1,0.9653733326135822,1,0.9021608230249412,Weak,FALSE,FALSE,FALSE,FALSE,FALSE
As,SiO2_pct,XRF,37,-0.29981450019514144,0.07141426759763625,-0.2265545637696611,0.19759067789961338,3,1.063606274911161,1,0.3621094055216796,1,0.6651958686195676,Weak,FALSE,FALSE,FALSE,FALSE,FALSE
As,Al2O3_pct,XRF,37,-0.049950795931510916,0.7690684637618689,0.08468720471682183,0.6505797452909872,6,0.7654439335061507,1,0.9653733326135822,1,0.9021608230249412,Weak,FALSE,FALSE,FALSE,FALSE,FALSE
As,Fe2O3_pct,XRF,37,-0.04031074972995879,0.8127491266558802,-0.08212914595999969,0.6549728083675455,5,0.7453408829772263,1,0.9653733326135822,1,0.9021608230249412,Weak,FALSE,FALSE,FALSE,FALSE,FALSE
As,CaO_pct,XRF,37,0.24122744879392477,0.15034704398292323,0.16892077445678866,0.3395708482409653,3,2.088112263339015,1,0.4912952718140986,1,0.8400667649160293,Weak,FALSE,FALSE,FALSE,FALSE,FALSE
As,MgO_pct,XRF,37,-0.2600428509929171,0.12009714224077378,0.03393034829678557,0.844255050803536,1,2.7184179792944776,1,0.4912952718140986,1,0.9427165579692091,Weak,FALSE,FALSE,FALSE,FALSE,FALSE
As,K2O_pct,XRF,37,0.01926889167152358,0.9098754951760887,-0.08463629982627495,0.6507765250966133,6,1.2382141710988956,1,0.9653733326135822,1,0.9021608230249412,Weak,FALSE,FALSE,FALSE,FALSE,FALSE
As,Cr_Ni,Ratio,39,0.31075816991032434,0.05416455012582707,0.31748412867310116,0.06310429140419307,4,0.8565574706924286,1,0.3207111520608182,1,0.5186365165483329,Moderate,FALSE,FALSE,FALSE,FALSE,FALSE
As,Fe_Mn,Ratio,39,0.011642328600275946,0.9439205918888359,0.17083027445610766,0.31917460709831647,3,0.17799586131670075,1,0.9653733326135822,1,0.8116848555225925,Weak,FALSE,FALSE,FALSE,FALSE,FALSE
As,Ca_Mg,Ratio,39,-0.012847389136895633,0.9381266360463676,0.1053190671571129,0.5350129086529088,2,5.02189002648774,1,0.9653733326135822,1,0.9021608230249412,Weak,FALSE,FALSE,FALSE,FALSE,FALSE
As,Fe_Al_ratio,Ratio,39,-0.004632318526011732,0.9776719439905482,-0.04978219141244678,0.7730937500039698,3,1.7612298726856992,1,0.9853834537378778,1,0.9021608230249412,Weak,FALSE,FALSE,FALSE,FALSE,FALSE
As,Si_Al_ratio,Ratio,37,0.03454620898350843,0.8391472152797395,-0.21327823008817626,0.22585975398485725,3,2.864480003244874,1,0.9653733326135822,1,0.6920713323925924,Weak,FALSE,FALSE,FALSE,FALSE,FALSE
As,Pb_Zn,Ratio,39,-0.2366517900953643,0.1469186246075404,0.3752528700725568,0.020259988002394137,1,464.7549041696393,1,0.4912952718140986,1,0.2532498500299267,Weak,FALSE,FALSE,FALSE,FALSE,FALSE
As,Cu_Zn,Ratio,39,-0.2842701283145893,0.07944871615548404,-0.1073703363107042,0.539267395165833,4,0.7614863314447129,1,0.39287826670294307,1,0.9021608230249412,Weak,FALSE,FALSE,FALSE,FALSE,FALSE
As,Pb_Cu,Ratio,39,0.40254296859822775,0.011066593931584648,0.05062344143306402,0.766044932521585,2,207.53193079407922,1,0.09989278780222158,1,0.9021608230249412,Moderate,TRUE,FALSE,FALSE,FALSE,FALSE
As,Anthro_index,Ratio,39,-0.0425363673715336,0.7970914494695922,-0.2081993543152944,0.22302762897838485,3,0.9848005495285471,1,0.9653733326135822,1,0.6920713323925924,Weak,FALSE,FALSE,FALSE,FALSE,FALSE
As,CH_stretch_2920,FTIR,34,-0.2414271441091475,0.16896364174367542,-0.08649196321179883,0.6322238984368634,1,1.41417781101271,1,0.4912952718140986,1,0.9021608230249412,Weak,FALSE,FALSE,FALSE,FALSE,FALSE
As,CH_stretch_2850,FTIR,34,-0.24223218709988242,0.16750356967870852,-0.09141954724116765,0.6128724355184507,1,1.6923873535352334,1,0.4912952718140986,1,0.9021608230249412,Weak,FALSE,FALSE,FALSE,FALSE,FALSE
As,CH_total,FTIR,34,-0.24222175488742892,0.16752243223586333,-0.09144796514254641,0.6127615579131263,1,1.70525207023276,1,0.4912952718140986,1,0.9021608230249412,Weak,FALSE,FALSE,FALSE,FALSE,FALSE
As,CO_carbonyl_1720,FTIR,34,0.01286341108935109,0.9424401545799128,0.11550031552866238,0.5360955552899617,3,0.2533737811110232,1,0.9653733326135822,1,0.9021608230249412,Weak,FALSE,FALSE,FALSE,FALSE,FALSE
As,Aromatic_1600,FTIR,34,-0.0961697703300228,0.5884778359845783,-0.11216662175339438,0.5551075628873525,4,0.6672736391729432,1,0.9653733326135822,1,0.9021608230249412,Weak,FALSE,FALSE,FALSE,FALSE,FALSE
As,Aromatic_1580,FTIR,34,-0.2507812771552693,0.15255199564810523,-0.02393883111979176,0.896527538509154,2,4.741187679135582,1,0.4912952718140986,1,0.9744864549012543,Weak,FALSE,FALSE,FALSE,FALSE,FALSE
As,CO_stretch_1100,FTIR,34,-0.24962345634167463,0.15451820806176716,-0.014602808567113781,0.9367753266001624,2,3.9808996357878756,1,0.4912952718140986,1,0.9764529241088957,Weak,FALSE,FALSE,FALSE,FALSE,FALSE
As,NH_stretch,FTIR,34,-0.24232573635726,0.16733449048578686,-0.09105382291163631,0.6143001265646537,1,1.5609332901072874,1,0.4912952718140986,1,0.9021608230249412,Weak,FALSE,FALSE,FALSE,FALSE,FALSE
As,NH_bend,FTIR,34,-0.25537888768582845,0.14492314521257507,-0.11638551480498166,0.532954413294928,3,0.20030883501912108,1,0.4912952718140986,1,0.9021608230249412,Weak,FALSE,FALSE,FALSE,FALSE,FALSE
As,Amide_I,FTIR,34,0.057992397136322274,0.7445931485736565,0.05355060100198733,0.7747939884397607,3,0.4206960936003359,1,0.9653733326135822,1,0.9021608230249412,Weak,FALSE,FALSE,FALSE,FALSE,FALSE
As,CN_stretch,FTIR,34,-0.24971242858486692,0.1543664683745015,-0.015254852801450905,0.9339582162813743,2,4.013358793693306,1,0.4912952718140986,1,0.9764529241088957,Weak,FALSE,FALSE,FALSE,FALSE,FALSE
As,Nitrate_1380,FTIR,34,0.23107897460599416,0.18854665349149602,0.5362094761885412,0.0018751696361245648,3,0.1986681641782198,1,0.5208139304243772,0.8438263362560542,0.05273914601600339,Weak,FALSE,FALSE,FALSE,FALSE,FALSE
As,Sulfate_1100,FTIR,34,-0.24944442192305405,0.15482387320748314,-0.013481961881042167,0.9416196013543287,2,3.865440069372711,1,0.4912952718140986,1,0.9764529241088957,Weak,FALSE,FALSE,FALSE,FALSE,FALSE
As,Sulfoxide_1040,FTIR,34,-0.249568958262809,0.15461120628534278,-0.014072161007440171,0.9390685073492455,2,3.9931754866103337,1,0.4912952718140986,1,0.9764529241088957,Weak,FALSE,FALSE,FALSE,FALSE,FALSE
As,CS_stretch,FTIR,34,-0.24805327155814152,0.15721389288580917,-0.013427719427569701,0.941854089428712,2,3.426990449829091,1,0.4912952718140986,1,0.9764529241088957,Weak,FALSE,FALSE,FALSE,FALSE,FALSE
As,PO_1250,FTIR,34,-0.2499290564727278,0.15399746633834852,-0.017141506161614795,0.9258116041215265,2,4.158340946990687,1,0.4912952718140986,1,0.9764529241088957,Weak,FALSE,FALSE,FALSE,FALSE,FALSE
As,POC_1020,FTIR,34,-0.2496150166581134,0.1545326073078023,-0.014624736497652368,0.9366805761547787,2,4.000863447693185,1,0.4912952718140986,1,0.9764529241088957,Weak,FALSE,FALSE,FALSE,FALSE,FALSE
As,OH_stretch,FTIR,34,-0.24238705085343765,0.16722373805355933,-0.09135027950847477,0.6131427314508335,1,1.5691467399611063,1,0.4912952718140986,1,0.9021608230249412,Weak,FALSE,FALSE,FALSE,FALSE,FALSE
As,Water_1630,FTIR,34,-0.24994981914651204,0.15396213293354122,-0.020883753808028083,0.9096750986642068,2,4.288789752922232,1,0.4912952718140986,1,0.9746518914259359,Weak,FALSE,FALSE,FALSE,FALSE,FALSE
As,Carbonate_1420,FTIR,34,-0.41053855102434655,0.015878828854672504,-0.3683664332327974,0.03803547838878286,2,0.3360767580078005,1,0.13232357378893755,1,0.3565826098948393,Moderate,TRUE,FALSE,FALSE,FALSE,FALSE
As,Carbonate_875,FTIR,34,0.2656205805260203,0.12893587798155473,0.1799075867911041,0.31641814328819917,1,0.12792499756458975,1,0.4912952718140986,1,0.8116848555225925,Weak,FALSE,FALSE,FALSE,FALSE,FALSE
As,Silicate_1080,FTIR,34,-0.2496768832990145,0.15442707693567742,-0.014814345080080274,0.9358613143292325,2,4.003680410730904,1,0.4912952718140986,1,0.9764529241088957,Weak,FALSE,FALSE,FALSE,FALSE,FALSE
As,Silicate_800,FTIR,34,-0.2486041978402884,0.1562642287133417,-0.012122633188351361,0.9474973252659398,2,3.5786779813022642,1,0.4912952718140986,1,0.9764529241088957,Weak,FALSE,FALSE,FALSE,FALSE,FALSE
As,Metal_oxide_500,FTIR,34,-0.2478477934176447,0.15756915181754721,-0.12185631702509189,0.49933001794094145,1,3.454108580007417,1,0.4912952718140986,1,0.9021608230249412,Weak,FALSE,FALSE,FALSE,FALSE,FALSE
As,Total_organic_C,FTIR,34,-0.242493247775801,0.16703203853779594,-0.09306097750286851,0.6064819714157688,1,1.7964777614177707,1,0.4912952718140986,1,0.9021608230249412,Weak,FALSE,FALSE,FALSE,FALSE,FALSE
As,Total_organic_N,FTIR,34,-0.2425374593635611,0.16695227713824473,-0.09238306736668131,0.6091177991681966,1,1.6426287141731926,1,0.4912952718140986,1,0.9021608230249412,Weak,FALSE,FALSE,FALSE,FALSE,FALSE
As,Total_organic_S,FTIR,34,-0.24903622668978026,0.1555224186676761,-0.013668281508133807,0.9408141853519549,2,3.773734939783375,1,0.4912952718140986,1,0.9764529241088957,Weak,FALSE,FALSE,FALSE,FALSE,FALSE
As,Total_organic_P,FTIR,34,-0.24977400939010044,0.15426150716722625,-0.01589629596547127,0.931187672587833,2,4.081691577851912,1,0.4912952718140986,1,0.9764529241088957,Weak,FALSE,FALSE,FALSE,FALSE,FALSE
As,Total_organic_CNSP,FTIR,34,-0.24742434495591453,0.15830309366394463,-0.1207650424446613,0.5032087675500788,1,3.561057283066216,1,0.4912952718140986,1,0.9021608230249412,Weak,FALSE,FALSE,FALSE,FALSE,FALSE
As,Weighted_CNSP,FTIR,34,-0.24567055657422834,0.16136909353170853,-0.11177990323129128,0.5357101302091232,1,3.0357960907741974,1,0.4912952718140986,1,0.9021608230249412,Weak,FALSE,FALSE,FALSE,FALSE,FALSE
As,Organic_index_FTIR,FTIR,34,0.05950156523180611,0.7381760652495997,0.08958789503893835,0.6317451446181142,3,0.5979761176443469,1,0.9653733326135822,1,0.9021608230249412,Weak,FALSE,FALSE,FALSE,FALSE,FALSE
As,Mineral_index_FTIR,FTIR,34,-0.2496848332606142,0.15441351989611346,-0.01625897944033076,0.9296215055385495,2,3.999618953247798,1,0.4912952718140986,1,0.9764529241088957,Weak,FALSE,FALSE,FALSE,FALSE,FALSE
As,CH_Silicate_ratio,FTIR,34,0.060287285843833596,0.7348419618918718,0.09088454334587012,0.6267988238197104,3,0.6109463230651009,1,0.9653733326135822,1,0.9021608230249412,Weak,FALSE,FALSE,FALSE,FALSE,FALSE
As,Aromatic_Carbonate_ratio,FTIR,34,0.2128872792682443,0.22673179559985354,0.2522787124143376,0.16362705908141453,2,2.953452803060392,1,0.593523446280047,1,0.6651958686195676,Weak,FALSE,FALSE,FALSE,FALSE,FALSE
As,Aliphatic_aromatic,FTIR,34,-0.24242661712858243,0.1671522972971753,-0.09267845310243603,0.6079686944078488,1,1.7762766471303466,1,0.4912952718140986,1,0.9021608230249412,Weak,FALSE,FALSE,FALSE,FALSE,FALSE
As,Weighted_organic,FTIR,34,-0.24235774545253888,0.16727666588279175,-0.09225869267367928,0.6096019142066968,1,1.7511038927291418,1,0.4912952718140986,1,0.9021608230249412,Weak,FALSE,FALSE,FALSE,FALSE,FALSE
As,Organic_mineral_ratio,FTIR,34,0.056037786044928074,0.7529293864653284,0.09307558451541038,0.6184767642252409,3,0.5618358423937849,1,0.9653733326135822,1,0.9021608230249412,Weak,FALSE,FALSE,FALSE,FALSE,FALSE
As,CNSP_mineral_ratio,FTIR,34,0.048100920369574446,0.7870529233484038,0.09681911342797672,0.6043651292460677,3,0.4828775278797972,1,0.9653733326135822,1,0.9021608230249412,Weak,FALSE,FALSE,FALSE,FALSE,FALSE
As,Char_index_FTIR,FTIR,34,-0.05518030082161242,0.7565952203657442,0.15287267251402392,0.4035496494687172,2,0.2641126965388238,1,0.9653733326135822,1,0.893094827602283,Weak,FALSE,FALSE,FALSE,FALSE,FALSE
As,Pyrolysis_index,FTIR,34,-0.046722486834515076,0.7930211800508051,0.13618369205215453,0.45736406500515214,2,0.2145774912346739,1,0.9653733326135822,1,0.9021608230249412,Weak,FALSE,FALSE,FALSE,FALSE,FALSE
As,Combustion_index,FTIR,34,-0.056017310018512324,0.7530168620547119,0.15513901868615174,0.3965308522513017,2,0.2689954319159478,1,0.9653733326135822,1,0.893094827602283,Weak,FALSE,FALSE,FALSE,FALSE,FALSE
As,Normalized_organic,FTIR,34,0.06196425313471248,0.7277419331715071,0.0024021989541598058,0.9895893099698512,2,0.4222346130105328,1,0.9653733326135822,1,0.9998294783207018,Weak,FALSE,FALSE,FALSE,FALSE,FALSE
As,Normalized_CNSP,FTIR,34,0.060606481443418424,0.7334888510134974,0.08527555069341035,0.6483070905604957,3,0.4928530934928335,1,0.9653733326135822,1,0.9021608230249412,Weak,FALSE,FALSE,FALSE,FALSE,FALSE
As,CN_ratio,FTIR,34,-0.05248191135030062,0.7681648342212125,0.026510162519140328,0.8835718473037025,1,0.19724536684880745,1,0.9653733326135822,1,0.9650663380744323,Weak,FALSE,FALSE,FALSE,FALSE,FALSE
As,Vis_slope,ASD,21,0.06674220878964113,0.7737728410643377,0.12266930257596681,0.606397131302711,1,0.20527901309725116,1,0.9653733326135822,1,0.9021608230249412,Weak,FALSE,FALSE,FALSE,FALSE,FALSE
As,NIR_slope,ASD,21,0.1498213183126048,0.516854737829305,0.3790378772628703,0.10950793525454999,2,0.27307288969928617,1,0.9653733326135822,1,0.6399814397993182,Weak,FALSE,FALSE,FALSE,FALSE,FALSE
As,Blue_slope,ASD,21,0.19690745014907404,0.392268105945735,0.11212304437232329,0.6379038779019293,1,0.31127983944039084,1,0.8210262682585152,1,0.9021608230249412,Weak,FALSE,FALSE,FALSE,FALSE,FALSE
As,R_450,ASD,21,-0.020797655600327328,0.928700346295702,-0.08793070572760374,0.7124012837884013,1,0.21870150819093975,1,0.9653733326135822,1,0.9021608230249412,Weak,FALSE,FALSE,FALSE,FALSE,FALSE
As,R_550,ASD,21,0.007453793292738152,0.9744192029042066,0.1053309056654353,0.6678108757798625,2,0.23214732136731578,1,0.9853834537378778,1,0.9021608230249412,Weak,FALSE,FALSE,FALSE,FALSE,FALSE
As,R_650,ASD,21,0.024503605676220293,0.9160353214899093,0.1505614808282667,0.538388655268814,2,0.2286313811812231,1,0.9653733326135822,1,0.9021608230249412,Weak,FALSE,FALSE,FALSE,FALSE,FALSE
As,R_850,ASD,21,-0.014220105498686516,0.9512180530653306,-0.12133099128166534,0.620741431733563,2,0.2001746400220996,1,0.9706306663931945,1,0.9021608230249412,Weak,FALSE,FALSE,FALSE,FALSE,FALSE
As,R_1700,ASD,21,0.2008135879865611,0.38275322133129297,0.38012104289272963,0.10841467521889026,2,0.24795516370623283,1,0.8124478754673672,1,0.6399814397993182,Weak,FALSE,FALSE,FALSE,FALSE,FALSE
As,R_2100,ASD,21,0.349849406399367,0.12003096728834256,0.4946052509233239,0.031334902881389785,2,0.45802273827776835,1,0.4912952718140986,1,0.31334902881389787,Moderate,FALSE,FALSE,FALSE,FALSE,FALSE
As,R_2300,ASD,21,0.40099507596339595,0.07161719353650996,0.5230340819327461,0.021569854127921756,2,0.5394406551381923,1,0.3621094055216796,1,0.256632611290967,Moderate,FALSE,FALSE,FALSE,FALSE,FALSE
As,Organic_index_1,ASD,21,0.06721786856677262,0.7722013825970677,0.13549911823447985,0.5689558265588246,1,0.21232418743719295,1,0.9653733326135822,1,0.9021608230249412,Weak,FALSE,FALSE,FALSE,FALSE,FALSE
As,Organic_index_2,ASD,21,0.06040066174613001,0.794802868740739,0.11503470512977948,0.6291424492532203,1,0.20525070261101008,1,0.9653733326135822,1,0.9021608230249412,Weak,FALSE,FALSE,FALSE,FALSE,FALSE
As,Char_darkness,ASD,21,-0.20266393952459133,0.3782917575059921,-0.34852408900704984,0.1436427955522646,2,0.26673213668859547,1,0.8106251946556973,1,0.6651958686195676,Weak,FALSE,FALSE,FALSE,FALSE,FALSE
As,Aromatic_index,ASD,21,-0.39785956272934075,0.07407363094099759,0.03939356777798942,0.876668820576334,3,0.3808487560983019,1,0.37036815470498796,1,0.9621974859984155,Moderate,FALSE,FALSE,FALSE,FALSE,FALSE
As,Aliphatic_index,ASD,21,-0.17542085043523956,0.4469065825384744,-0.21872201198785413,0.35420776834297607,1,0.20017125660812615,1,0.9018294266471456,1,0.8569542782491357,Weak,FALSE,FALSE,FALSE,FALSE,FALSE
Cr,XRF_organic,XRF,37,0.3323647986455812,0.04444715055764264,0.7500942388011177,2.1326131730708733e-7,2,6.201051114771851,1,0.28987272102810413,9.59675927881893e-5,2.3991898197047325e-5,Moderate,TRUE,FALSE,FALSE,TRUE,FALSE
Cr,SiO2_pct,XRF,37,-0.5169712238711689,0.0010521991274784056,-0.14673752106641477,0.40026369733824674,2,5.213013049463851,0.4734896073652825,0.011548527008909331,1,0.893094827602283,Strong,TRUE,FALSE,TRUE,FALSE,TRUE
Cr,Al2O3_pct,XRF,37,-0.4061536241348334,0.012620476626576563,-0.12851691432570575,0.4759874575153,4,3.508830464593106,1,0.11135714670508733,1,0.9021608230249412,Moderate,TRUE,FALSE,FALSE,FALSE,FALSE
Cr,Fe2O3_pct,XRF,37,-0.4789203713553252,0.002711046562877893,-0.3235169525377266,0.061985738296961745,3,3.361241975463621,1,0.027110465628778932,1,0.5186365165483329,Moderate,TRUE,FALSE,TRUE,FALSE,FALSE
Cr,CaO_pct,XRF,37,0.5907112626659436,1.1858899467050981e-4,0.1630459922479057,0.3493531377890474,2,7.673542506281473,0.053365047601729415,0.001404343357940248,1,0.8543962608971268,Strong,TRUE,FALSE,TRUE,FALSE,TRUE
Cr,MgO_pct,XRF,37,-0.07021935241646048,0.6796227374269177,-0.22531448013268499,0.19312941824569543,2,5.065921244150391,1,0.9653733326135822,1,0.6651958686195676,Weak,FALSE,FALSE,FALSE,FALSE,FALSE
Cr,K2O_pct,XRF,37,-0.5833974864747017,1.5078163446621175e-4,-0.7135840864737961,4.5455548263373296e-6,5,4.526878452853328,0.06785173550979529,0.001739788089994751,0.0020454996718517983,2.9221423883597124e-4,Strong,TRUE,FALSE,TRUE,TRUE,TRUE
Cr,Cr_Ni,Ratio,39,0.3136607452621015,0.05183943545289005,0.5286187176907985,0.0010967057290412593,4,1.1205884341133339,1,0.3110366127173403,0.4935175780685667,0.0352512555763262,Moderate,FALSE,FALSE,FALSE,TRUE,FALSE
Cr,Fe_Mn,Ratio,39,-0.09062687765205397,0.5832237427948692,0.14087199097183434,0.398891273192738,1,0.8368442878882448,1,0.9653733326135822,1,0.893094827602283,Weak,FALSE,FALSE,FALSE,FALSE,FALSE
Cr,Ca_Mg,Ratio,39,0.2641966830148962,0.10410894623708392,0.14779102083585374,0.3827011084012828,2,8.29960066538594,1,0.473222482895836,1,0.8786505039825371,Weak,FALSE,FALSE,FALSE,FALSE,FALSE
Cr,Fe_Al_ratio,Ratio,39,-0.09044350782805648,0.583989132157762,-0.09541077813747818,0.5743029039083828,2,0.47317704043786296,1,0.9653733326135822,1,0.9021608230249412,Weak,FALSE,FALSE,FALSE,FALSE,FALSE
Cr,Si_Al_ratio,Ratio,37,0.549541417389309,4.269343363151764e-4,-0.0458765039977244,0.7935605214154366,2,9.243645138088326,0.1921204513418294,0.004803011283545735,1,0.9110132007662284,Strong,TRUE,FALSE,TRUE,FALSE,TRUE
Cr,Pb_Zn,Ratio,39,0.014917986463810136,0.9281786561862514,-0.10293592109880044,0.5443433124833592,2,510.8913637767363,1,0.9653733326135822,1,0.9021608230249412,Weak,FALSE,FALSE,FALSE,FALSE,FALSE
Cr,Cu_Zn,Ratio,39,-0.16281314949491194,0.32202022182125195,-0.3126355216316167,0.06338890757812958,3,0.658096649784314,1,0.7281864312540872,1,0.5186365165483329,Weak,FALSE,FALSE,FALSE,FALSE,FALSE
Cr,Pb_Cu,Ratio,39,0.9113353268002163,7.782173215924744e-16,0.2807794600973018,0.09716000540251622,3,355.1265518129909,3.501977947166135e-13,1.1296703055374628e-14,1,0.6072500337657264,Very Strong,TRUE,TRUE,TRUE,FALSE,TRUE
Cr,Anthro_index,Ratio,39,0.25867224470932043,0.11182445817381402,0.32330350964725163,0.05443341263181756,3,1.1537341437984567,1,0.4912952718140986,1,0.489900713686358,Weak,FALSE,FALSE,FALSE,FALSE,FALSE
Cr,CH_stretch_2920,FTIR,34,-0.05326761239397493,0.7647908614701958,0.08074768506969676,0.6604273847505829,2,2.78432218700927,1,0.9653733326135822,1,0.9021608230249412,Weak,FALSE,FALSE,FALSE,FALSE,FALSE
Cr,CH_stretch_2850,FTIR,34,-0.05522935876976721,0.7563853512280285,0.0833051994025584,0.6503429815168538,2,3.814419132547985,1,0.9653733326135822,1,0.9021608230249412,Weak,FALSE,FALSE,FALSE,FALSE,FALSE
Cr,CH_total,FTIR,34,-0.05471403371096504,0.7585907552702572,0.08158913305384911,0.657102941400677,2,3.5394102708921484,1,0.9653733326135822,1,0.9021608230249412,Weak,FALSE,FALSE,FALSE,FALSE,FALSE
Cr,CO_carbonyl_1720,FTIR,34,-0.20331712541293626,0.24879393680760042,-0.0647963885371373,0.7201552560909419,1,1.021393562392365,1,0.6325269579854248,1,0.9021608230249412,Weak,FALSE,FALSE,FALSE,FALSE,FALSE
Cr,Aromatic_1600,FTIR,34,-0.2123840175867304,0.22785771622719989,0.11287010954425138,0.5317137217189603,1,1.4937528209411621,1,0.593523446280047,1,0.9021608230249412,Weak,FALSE,FALSE,FALSE,FALSE,FALSE
Cr,Aromatic_1580,FTIR,34,-0.08018487024799134,0.6521389730005345,0.06455476997877933,0.7255774791416583,2,23.924632192617015,1,0.9653733326135822,1,0.9021608230249412,Weak,FALSE,FALSE,FALSE,FALSE,FALSE
Cr,CO_stretch_1100,FTIR,34,-0.08103869853883262,0.6486714258577018,0.05663658664235962,0.7581696027716501,2,24.489290313870306,1,0.9653733326135822,1,0.9021608230249412,Weak,FALSE,FALSE,FALSE,FALSE,FALSE
Cr,NH_stretch,FTIR,34,-0.05496609158894477,0.7575118042470583,0.06984965657986904,0.7040394751285959,2,3.3813235714211145,1,0.9653733326135822,1,0.9021608230249412,Weak,FALSE,FALSE,FALSE,FALSE,FALSE
Cr,NH_bend,FTIR,34,0.01260153544596611,0.943610089141236,-0.20177024824576914,0.26015765324689055,1,0.5307589629148572,1,0.9653733326135822,1,0.7095208724915196,Weak,FALSE,FALSE,FALSE,FALSE,FALSE
Cr,Amide_I,FTIR,34,-0.06105002632138278,0.7316099166739027,0.16137068777429506,0.36963340854743265,1,0.6403870286338466,1,0.9653733326135822,1,0.8754475465597088,Weak,FALSE,FALSE,FALSE,FALSE,FALSE
Cr,CN_stretch,FTIR,34,-0.08101201427099798,0.6487796861279662,0.05698731429053214,0.7567168348049061,2,24.380885828143043,1,0.9653733326135822,1,0.9021608230249412,Weak,FALSE,FALSE,FALSE,FALSE,FALSE
Cr,Nitrate_1380,FTIR,34,-0.10707805732347686,0.5466749657064196,0.005941332703727529,0.9738224546555118,1,0.6394360690454164,1,0.9653733326135822,1,0.9919003664848274,Weak,FALSE,FALSE,FALSE,FALSE,FALSE
Cr,Sulfate_1100,FTIR,34,-0.08100487558077749,0.6488086495799419,0.056796170976298535,0.7575084790565302,2,24.337786778830512,1,0.9653733326135822,1,0.9021608230249412,Weak,FALSE,FALSE,FALSE,FALSE,FALSE
Cr,Sulfoxide_1040,FTIR,34,-0.08121560353197597,0.6479538866228636,0.05382699153376668,0.7698362539547355,2,24.926756650328024,1,0.9653733326135822,1,0.9021608230249412,Weak,FALSE,FALSE,FALSE,FALSE,FALSE
Cr,CS_stretch,FTIR,34,-0.07757194167319292,0.6627948476800043,0.06441628177134384,0.7261436647524959,2,21.459187488646943,1,0.9653733326135822,1,0.9021608230249412,Weak,FALSE,FALSE,FALSE,FALSE,FALSE
Cr,PO_1250,FTIR,34,-0.08081046027309353,0.6495976354491821,0.058331760155517665,0.7511555270373823,2,24.26399446133353,1,0.9653733326135822,1,0.9021608230249412,Weak,FALSE,FALSE,FALSE,FALSE,FALSE
Cr,POC_1020,FTIR,34,-0.0811132891229533,0.6483688432263497,0.05450018990364097,0.7670362306779074,2,24.708654617459615,1,0.9653733326135822,1,0.9021608230249412,Weak,FALSE,FALSE,FALSE,FALSE,FALSE
Cr,OH_stretch,FTIR,34,-0.05514590489477063,0.7567423758011305,0.06737128604665063,0.7140938854098501,2,3.454349255707052,1,0.9653733326135822,1,0.9021608230249412,Weak,FALSE,FALSE,FALSE,FALSE,FALSE
Cr,Water_1630,FTIR,34,-0.07913292960472343,0.6564209487758966,0.06888003108422364,0.7079673789208103,2,22.697473364323148,1,0.9653733326135822,1,0.9021608230249412,Weak,FALSE,FALSE,FALSE,FALSE,FALSE
Cr,Carbonate_1420,FTIR,34,-0.31852906131530756,0.0663564748687732,-0.050100032748431785,0.7818727132882825,1,2.120686819549746,1,0.3492270521648271,1,0.9021608230249412,Moderate,FALSE,FALSE,FALSE,FALSE,FALSE
Cr,Carbonate_875,FTIR,34,0.019945479121375613,0.9108535867744239,-0.057621088651821806,0.750098423788433,1,0.46507212153299976,1,0.9653733326135822,1,0.9021608230249412,Weak,FALSE,FALSE,FALSE,FALSE,FALSE
Cr,Silicate_1080,FTIR,34,-0.08112328954440168,0.6483282799237658,0.05594521918869522,0.7610357235052589,2,24.569156272876047,1,0.9653733326135822,1,0.9021608230249412,Weak,FALSE,FALSE,FALSE,FALSE,FALSE
Cr,Silicate_800,FTIR,34,-0.07940805710816498,0.6552999835867455,0.06023954247547081,0.7432850440096559,2,23.08131961371229,1,0.9653733326135822,1,0.9021608230249412,Weak,FALSE,FALSE,FALSE,FALSE,FALSE
Cr,Metal_oxide_500,FTIR,34,-0.07602655749120672,0.6691280220776046,0.0735813943381392,0.6889929663226835,2,20.221184594367944,1,0.9653733326135822,1,0.9021608230249412,Weak,FALSE,FALSE,FALSE,FALSE,FALSE
Cr,Total_organic_C,FTIR,34,-0.05550229426015147,0.7552180502432195,0.08183322338654272,0.656139774815804,2,3.971239424550008,1,0.9653733326135822,1,0.9021608230249412,Weak,FALSE,FALSE,FALSE,FALSE,FALSE
Cr,Total_organic_N,FTIR,34,-0.05482679096093836,0.7581080346623891,0.06950129530578394,0.7054498130129405,2,3.306414356033141,1,0.9653733326135822,1,0.9021608230249412,Weak,FALSE,FALSE,FALSE,FALSE,FALSE
Cr,Total_organic_S,FTIR,34,-0.07995848474875485,0.6530595704688282,0.058285994108118536,0.7513446387635927,2,23.632218909271742,1,0.9653733326135822,1,0.9021608230249412,Weak,FALSE,FALSE,FALSE,FALSE,FALSE
Cr,Total_organic_P,FTIR,34,-0.08096066581063333,0.6489880309404392,0.05643845235621766,0.7589906642314398,2,24.49088500945973,1,0.9653733326135822,1,0.9021608230249412,Weak,FALSE,FALSE,FALSE,FALSE,FALSE
Cr,Total_organic_CNSP,FTIR,34,-0.07291637031268758,0.6819417423435501,0.06358691293749634,0.7295373617310218,2,17.9571763548488,1,0.9653733326135822,1,0.9021608230249412,Weak,FALSE,FALSE,FALSE,FALSE,FALSE
Cr,Weighted_CNSP,FTIR,34,-0.06639421363725774,0.709094247373227,0.07043235006968714,0.7016826048380423,2,12.253879233144296,1,0.9653733326135822,1,0.9021608230249412,Weak,FALSE,FALSE,FALSE,FALSE,FALSE
Cr,Organic_index_FTIR,FTIR,34,0.3383182588052075,0.050338836408304305,0.14872050654490343,0.41659024883465257,2,2.4716357722535665,1,0.3061145457261748,1,0.893094827602283,Moderate,FALSE,FALSE,FALSE,FALSE,FALSE
Cr,Mineral_index_FTIR,FTIR,34,-0.08071926533311145,0.6499678563344868,0.0553672888429073,0.7634339734792006,2,24.014266280563277,1,0.9653733326135822,1,0.9021608230249412,Weak,FALSE,FALSE,FALSE,FALSE,FALSE
Cr,CH_Silicate_ratio,FTIR,34,0.3410250824483161,0.048411448578023764,0.14515531432688453,0.42797307447556343,2,2.5225226214346845,1,0.3061145457261748,1,0.8992491075227984,Moderate,TRUE,FALSE,FALSE,FALSE,FALSE
Cr,Aromatic_Carbonate_ratio,FTIR,34,-0.049592304979793514,0.7806090160026197,0.24009855883036918,0.1856279228862077,2,6.627466468031913,1,0.9653733326135822,1,0.6651958686195676,Weak,FALSE,FALSE,FALSE,FALSE,FALSE
Cr,Aliphatic_aromatic,FTIR,34,-0.055121175423846674,0.7568481806138443,0.08295760376045178,0.6517100552889346,2,3.754865126612225,1,0.9653733326135822,1,0.9021608230249412,Weak,FALSE,FALSE,FALSE,FALSE,FALSE
Cr,Weighted_organic,FTIR,34,-0.055108291681605116,0.7569033053055657,0.08171385888030747,0.6566107127199122,2,3.753336924675887,1,0.9653733326135822,1,0.9021608230249412,Weak,FALSE,FALSE,FALSE,FALSE,FALSE
Cr,Organic_mineral_ratio,FTIR,34,0.3269330728822593,0.059125506591629684,0.1474124006672406,0.42074689655929776,2,2.3262138094487956,1,0.33242410776543124,1,0.893094827602283,Moderate,FALSE,FALSE,FALSE,FALSE,FALSE
Cr,CNSP_mineral_ratio,FTIR,34,0.29900204984637,0.08583305816822745,0.14463726884094166,0.42964124026089257,2,2.0079725124956727,1,0.41459762199796685,1,0.8992491075227984,Weak,FALSE,FALSE,FALSE,FALSE,FALSE
Cr,Char_index_FTIR,FTIR,34,-0.16216373901867331,0.3595169982759616,0.023395668983468287,0.8988631731695642,2,1.152282461741044,1,0.7891836547521109,1,0.9746518914259359,Weak,FALSE,FALSE,FALSE,FALSE,FALSE
Cr,Pyrolysis_index,FTIR,34,-0.15812363058029963,0.3717706319838653,0.04192831530492858,0.8167909259636825,1,0.9342250115808312,1,0.8035218782039474,1,0.9188897917091429,Weak,FALSE,FALSE,FALSE,FALSE,FALSE
Cr,Combustion_index,FTIR,34,-0.16525907631759343,0.35029444018479583,0.024404602558602436,0.8945253659717409,2,1.1735721764330251,1,0.7842412839958115,1,0.9744864549012543,Weak,FALSE,FALSE,FALSE,FALSE,FALSE
Cr,Normalized_organic,FTIR,34,0.27514330763480077,0.11527758374055795,0.1475871220625532,0.42019036742590876,2,1.803279143117998,1,0.4912952718140986,1,0.893094827602283,Weak,FALSE,FALSE,FALSE,FALSE,FALSE
Cr,Normalized_CNSP,FTIR,34,0.30022436940885494,0.08449772400348404,0.14316950243908558,0.4343870292757258,2,2.077329371964,1,0.4133040847996502,1,0.9008025952722425,Moderate,FALSE,FALSE,FALSE,FALSE,FALSE
Cr,CN_ratio,FTIR,34,-0.11251676501144686,0.5263702880651775,0.15582019285151616,0.3865388931053032,1,0.8665102433542864,1,0.9653733326135822,1,0.8829568624232814,Weak,FALSE,FALSE,FALSE,FALSE,FALSE
Cr,Vis_slope,ASD,21,-0.0014744398573492995,0.9949390799376356,0.04464349146784081,0.8517478361844681,1,0.26894233628807973,1,0.9964157463838943,1,0.9463864846494091,Weak,FALSE,FALSE,FALSE,FALSE,FALSE
Cr,NIR_slope,ASD,21,-0.01775343451937431,0.9391164818488101,-0.09989588928366566,0.675191978482034,1,0.28540106812871885,1,0.9653733326135822,1,0.9021608230249412,Weak,FALSE,FALSE,FALSE,FALSE,FALSE
Cr,Blue_slope,ASD,21,0.23773084462276853,0.2994176650826813,0.16331066320099719,0.491476791457232,1,0.4188681383008874,1,0.694805877092365,1,0.9021608230249412,Weak,FALSE,FALSE,FALSE,FALSE,FALSE
Cr,R_450,ASD,21,0.13240521510485195,0.5672325624567092,-0.09161195450280976,0.7091460097620172,2,0.28646681133094143,1,0.9653733326135822,1,0.9021608230249412,Weak,FALSE,FALSE,FALSE,FALSE,FALSE
Cr,R_550,ASD,21,0.17552127293768707,0.44664234908161304,-0.0759349694885649,0.7573456045371018,2,0.30476202753956966,1,0.9018294266471456,1,0.9021608230249412,Weak,FALSE,FALSE,FALSE,FALSE,FALSE
Cr,R_650,ASD,21,0.17119396993311065,0.45810216831425143,-0.09465292332260991,0.6999114520063087,2,0.2915989306041361,1,0.9162043366285029,1,0.9021608230249412,Weak,FALSE,FALSE,FALSE,FALSE,FALSE
Cr,R_850,ASD,21,-0.02639909551756011,0.9095648871865424,0.0010131267295811063,0.9966177155998617,1,0.26569657130247165,1,0.9653733326135822,1,0.9998294783207018,Weak,FALSE,FALSE,FALSE,FALSE,FALSE
Cr,R_1700,ASD,21,0.06792291232620586,0.7698736777156123,-0.029313182500126045,0.9023626379593419,1,0.3350536436080932,1,0.9653733326135822,1,0.9746518914259359,Weak,FALSE,FALSE,FALSE,FALSE,FALSE
Cr,R_2100,ASD,21,0.23133994184007575,0.312979211841769,0.05114221967486293,0.8304475382687999,1,0.6496819894421845,1,0.7156011633095809,1,0.92960545328597,Weak,FALSE,FALSE,FALSE,FALSE,FALSE
Cr,R_2300,ASD,21,0.29084415479197784,0.20087277636057876,0.09645555193504951,0.685821058302579,1,0.7794375602542355,1,0.5445346347124123,1,0.9021608230249412,Weak,FALSE,FALSE,FALSE,FALSE,FALSE
Cr,Organic_index_1,ASD,21,0.004361766848200237,0.9850292303600383,0.06922951756186438,0.7718036354182167,1,0.27753483593392997,1,0.9894266822812886,1,0.9021608230249412,Weak,FALSE,FALSE,FALSE,FALSE,FALSE
Cr,Organic_index_2,ASD,21,-0.032102407785150444,0.8901308723929467,5.107778624357335e-5,0.9998294783207018,1,0.2686146983928921,1,0.9653733326135822,1,0.9998294783207018,Weak,FALSE,FALSE,FALSE,FALSE,FALSE
Cr,Char_darkness,ASD,21,-0.10214143581087386,0.659528088629628,-1.751865896266075e-4,0.9994151447935864,1,0.3611624667477574,1,0.9653733326135822,1,0.9998294783207018,Weak,FALSE,FALSE,FALSE,FALSE,FALSE
Cr,Aromatic_index,ASD,21,-0.4325849906333647,0.05016059095992148,-0.4856879244437167,0.03501756569816545,2,0.7069208348541685,1,0.3061145457261748,1,0.33527456519520116,Moderate,FALSE,FALSE,FALSE,FALSE,FALSE
Cr,Aliphatic_index,ASD,21,-0.1653787300671967,0.4737377238728674,-0.2323493755093387,0.32424622349450294,1,0.265196850011656,1,0.9363592665293529,1,0.819723598722058,Weak,FALSE,FALSE,FALSE,FALSE,FALSE
Ni,XRF_organic,XRF,37,0.3467574119672378,0.03550262777122147,0.3641058652193107,0.034264386464299246,3,6.386933794534981,1,0.24206337116741913,1,0.3351950849768404,Moderate,TRUE,FALSE,FALSE,FALSE,FALSE
Ni,SiO2_pct,XRF,37,-0.23780277526157076,0.15640251602788421,-0.32317986404564797,0.058265980442836,2,0.4280614527392079,1,0.4912952718140986,1,0.5042248307553115,Weak,FALSE,FALSE,FALSE,FALSE,FALSE
Ni,Al2O3_pct,XRF,37,-0.15653631550410538,0.3548548570344392,-0.004163219657285618,0.9810635807620744,2,0.3684389794243605,1,0.7891836547521109,1,0.9965657140924007,Weak,FALSE,FALSE,FALSE,FALSE,FALSE
Ni,Fe2O3_pct,XRF,37,-0.2806144535220887,0.09250727363579792,-0.22076413435023798,0.2025151866686239,2,0.6887562179321596,1,0.43517127742559336,1,0.6651958686195676,Weak,FALSE,FALSE,FALSE,FALSE,FALSE
Ni,CaO_pct,XRF,37,0.2180043868032224,0.19490291506718305,0.06021774796995137,0.7351368459754257,3,0.40572419540464505,1,0.5347945840258072,1,0.9021608230249412,Weak,FALSE,FALSE,FALSE,FALSE,FALSE
Ni,MgO_pct,XRF,37,-0.1125601783597932,0.5071449098223411,-0.12373102802155576,0.47885422599546623,2,2.8344343513413475,1,0.9653733326135822,1,0.9021608230249412,Weak,FALSE,FALSE,FALSE,FALSE,FALSE
Ni,K2O_pct,XRF,37,-0.2229084303495633,0.18480062784471002,-0.4413188990410354,0.007958159618177297,2,0.46989466125015505,1,0.5165234939758976,1,0.1338052847360587,Weak,FALSE,FALSE,FALSE,FALSE,FALSE
Ni,Cr_Ni,Ratio,39,-0.4547967607296887,0.0036280463790101134,-0.6394916420887595,3.5392285694035834e-05,4,1.7185383861250427,1,0.035491758055533715,0.015926528562316127,0.0017696142847017917,Moderate,TRUE,FALSE,TRUE,TRUE,FALSE
Ni,Fe_Mn,Ratio,39,-0.08136222589317675,0.6224414499045388,0.11368976233292852,0.5028644021550293,2,0.511853320709085,1,0.9653733326135822,1,0.9021608230249412,Weak,FALSE,FALSE,FALSE,FALSE,FALSE
Ni,Ca_Mg,Ratio,39,0.1989566513284888,0.22465491960226722,0.22841183685430066,0.17391146869738328,2,5.829008386589784,1,0.593523446280047,1,0.6651958686195676,Weak,FALSE,FALSE,FALSE,FALSE,FALSE
Ni,Fe_Al_ratio,Ratio,39,0.08107943004315855,0.6236556125890296,-0.12210042418221698,0.4780707779572171,3,0.8979096278643526,1,0.9653733326135822,1,0.9021608230249412,Weak,FALSE,FALSE,FALSE,FALSE,FALSE
Ni,Si_Al_ratio,Ratio,37,0.09122269418334737,0.5912934140199391,-0.08515141251460631,0.6320714652911773,3,0.5616027362107949,1,0.9653733326135822,1,0.9021608230249412,Weak,FALSE,FALSE,FALSE,FALSE,FALSE
Ni,Pb_Zn,Ratio,39,-0.0767373474470521,0.642419587897191,0.05840100560612307,0.7313426947503523,2,11.747670950244158,1,0.9653733326135822,1,0.9021608230249412,Weak,FALSE,FALSE,FALSE,FALSE,FALSE
Ni,Cu_Zn,Ratio,39,-0.135431099365358,0.41105021333790026,-0.24461911570682807,0.15047194050587417,3,0.3512535599593867,1,0.8446237260367815,1,0.6651958686195676,Weak,FALSE,FALSE,FALSE,FALSE,FALSE
Ni,Pb_Cu,Ratio,39,0.22405271270643068,0.1703156942288875,-0.1968057146966634,0.2499563833277312,3,16.911834380952378,1,0.4912952718140986,1,0.7057705245891167,Weak,FALSE,FALSE,FALSE,FALSE,FALSE
Ni,Anthro_index,Ratio,39,0.20967131100282935,0.2001618117728238,0.45452965971902287,0.00608685993331192,4,1.0380682090754072,1,0.5445346347124123,1,0.12554403121203317,Weak,FALSE,FALSE,FALSE,FALSE,FALSE
Ni,CH_stretch_2920,FTIR,34,-0.018867684665364592,0.9156531763966602,0.0514845125511651,0.7796012938158077,2,13.619352511738963,1,0.9653733326135822,1,0.9021608230249412,Weak,FALSE,FALSE,FALSE,FALSE,FALSE
Ni,CH_stretch_2850,FTIR,34,-0.019072997838511158,0.91473865329895,0.054710616775751675,0.7661615955268057,2,13.145852333748502,1,0.9653733326135822,1,0.9021608230249412,Weak,FALSE,FALSE,FALSE,FALSE,FALSE
Ni,CH_total,FTIR,34,-0.01924781978378881,0.9139600314463214,0.05123915124391307,0.7806260664008551,2,13.046660259995951,1,0.9653733326135822,1,0.9021608230249412,Weak,FALSE,FALSE,FALSE,FALSE,FALSE
Ni,CO_carbonyl_1720,FTIR,34,-0.14897351381276164,0.4004192154475755,-0.44411136312298705,0.01088567214511455,2,0.6153359386056229,1,0.8282662276083763,1,0.16328508217671825,Weak,FALSE,FALSE,FALSE,FALSE,FALSE
Ni,Aromatic_1600,FTIR,34,0.08476456344962936,0.6336255457505913,-0.17919568894739862,0.3264315432149818,2,0.3546898229511004,1,0.9653733326135822,1,0.820637957803027,Weak,FALSE,FALSE,FALSE,FALSE,FALSE
Ni,Aromatic_1580,FTIR,34,-0.023824235261824204,0.8936076701034028,0.05946273179127352,0.7464867251838927,2,6.104575302911848,1,0.9653733326135822,1,0.9021608230249412,Weak,FALSE,FALSE,FALSE,FALSE,FALSE
Ni,CO_stretch_1100,FTIR,34,-0.02395317493045392,0.8930351502224303,0.0631933971091221,0.7311493553735506,2,5.899426262441693,1,0.9653733326135822,1,0.9021608230249412,Weak,FALSE,FALSE,FALSE,FALSE,FALSE
Ni,NH_stretch,FTIR,34,-0.02029434414140916,0.9093006906845145,0.04538875619738521,0.8051642301750099,2,10.988677595688552,1,0.9653733326135822,1,0.9110132007662284,Weak,FALSE,FALSE,FALSE,FALSE,FALSE
Ni,NH_bend,FTIR,34,-0.1902704582903574,0.28110344291699313,0.17266010824755254,0.34467072320934755,2,0.5573654124701543,1,0.6770003025567274,1,0.8475509587115104,Weak,FALSE,FALSE,FALSE,FALSE,FALSE
Ni,Amide_I,FTIR,34,0.04535291139640096,0.7989625406641415,-0.0902646906540504,0.6173854230861135,1,0.48106700724733414,1,0.9653733326135822,1,0.9021608230249412,Weak,FALSE,FALSE,FALSE,FALSE,FALSE
Ni,CN_stretch,FTIR,34,-0.023805630484544156,0.8936902836839471,0.06334512884260385,0.7305276693942011,2,5.9744097956745685,1,0.9653733326135822,1,0.9021608230249412,Weak,FALSE,FALSE,FALSE,FALSE,FALSE
Ni,Nitrate_1380,FTIR,34,-0.18550950557081022,0.29353951337601586,-0.07836936408850054,0.6646467290379405,1,0.6463558888432878,1,0.6887538371778373,1,0.9021608230249412,Weak,FALSE,FALSE,FALSE,FALSE,FALSE
Ni,Sulfate_1100,FTIR,34,-0.02376706109971756,0.8938615526007421,0.0641603138801367,0.7271905198404871,2,5.990629639032416,1,0.9653733326135822,1,0.9021608230249412,Weak,FALSE,FALSE,FALSE,FALSE,FALSE
Ni,Sulfoxide_1040,FTIR,34,-0.02467335212536843,0.8898383924690937,0.060096186907595495,0.7438755791765004,2,5.503465084960939,1,0.9653733326135822,1,0.9021608230249412,Weak,FALSE,FALSE,FALSE,FALSE,FALSE
Ni,CS_stretch,FTIR,34,-0.02303066477795958,0.8971324455658147,0.06980603349076799,0.7042160300794,2,6.851749957083176,1,0.9653733326135822,1,0.9021608230249412,Weak,FALSE,FALSE,FALSE,FALSE,FALSE
Ni,PO_1250,FTIR,34,-0.02382081001343295,0.8936228796645915,0.06202306052846797,0.7359501458622812,2,5.997525383597009,1,0.9653733326135822,1,0.9021608230249412,Weak,FALSE,FALSE,FALSE,FALSE,FALSE
Ni,POC_1020,FTIR,34,-0.024353718099227817,0.8912569921244617,0.061716769505549246,0.7372081955218726,2,5.679573079592165,1,0.9653733326135822,1,0.9021608230249412,Weak,FALSE,FALSE,FALSE,FALSE,FALSE
Ni,OH_stretch,FTIR,34,-0.02054016533027879,0.9082066694166842,0.044284174340434364,0.809818422551448,2,10.677234266023751,1,0.9653733326135822,1,0.9133290479903549,Weak,FALSE,FALSE,FALSE,FALSE,FALSE
Ni,Water_1630,FTIR,34,-0.02287052330053997,0.8978439772638762,0.06197626726960272,0.7361422995637864,2,6.757953417298519,1,0.9653733326135822,1,0.9021608230249412,Weak,FALSE,FALSE,FALSE,FALSE,FALSE
Ni,Carbonate_1420,FTIR,34,-0.2917273445564858,0.09411891939403014,-0.3386249411127169,0.057989359559477593,2,0.5931595099119098,1,0.43663416213725326,1,0.5042248307553115,Weak,FALSE,FALSE,FALSE,FALSE,FALSE
Ni,Carbonate_875,FTIR,34,8.003453875529352e-4,0.9964157463838943,-0.09625520294086182,0.5941281361794817,1,0.37551559917273997,1,0.9964157463838943,1,0.9021608230249412,Weak,FALSE,FALSE,FALSE,FALSE,FALSE
Ni,Silicate_1080,FTIR,34,-0.024142496692145077,0.8921946171086441,0.06235836385592711,0.7345737021447595,2,5.775758065551812,1,0.9653733326135822,1,0.9021608230249412,Weak,FALSE,FALSE,FALSE,FALSE,FALSE
Ni,Silicate_800,FTIR,34,-0.023628500263232696,0.894476876434776,0.06737946476975257,0.7140606267651697,2,6.266078766313621,1,0.9653733326135822,1,0.9021608230249412,Weak,FALSE,FALSE,FALSE,FALSE,FALSE
Ni,Metal_oxide_500,FTIR,34,-0.022358409051444882,0.9001198971950282,0.07231742498889393,0.6940766158102356,2,7.543782510071394,1,0.9653733326135822,1,0.9021608230249412,Weak,FALSE,FALSE,FALSE,FALSE,FALSE
Ni,Total_organic_C,FTIR,34,-0.019323735758235056,0.9136219413778339,0.05207622224206373,0.7771314653252166,2,12.844118793467665,1,0.9653733326135822,1,0.9021608230249412,Weak,FALSE,FALSE,FALSE,FALSE,FALSE
Ni,Total_organic_N,FTIR,34,-0.020314201733483476,0.9092123088420057,0.046300774372914424,0.8013263356812217,2,10.970161181725594,1,0.9653733326135822,1,0.9110132007662284,Weak,FALSE,FALSE,FALSE,FALSE,FALSE
Ni,Total_organic_S,FTIR,34,-0.023832150411485703,0.8935725236114826,0.06463717899902896,0.7252406313190349,2,6.098430920649976,1,0.9653733326135822,1,0.9021608230249412,Weak,FALSE,FALSE,FALSE,FALSE,FALSE
Ni,Total_organic_P,FTIR,34,-0.02408488157591966,0.8924503991665671,0.06187561792708858,0.7365556630992358,2,5.840563695165168,1,0.9653733326135822,1,0.9021608230249412,Weak,FALSE,FALSE,FALSE,FALSE,FALSE
Ni,Total_organic_CNSP,FTIR,34,-0.02272554015210488,0.8984882258019848,0.060390261634183956,0.7426643299885407,2,7.826609727237076,1,0.9653733326135822,1,0.9021608230249412,Weak,FALSE,FALSE,FALSE,FALSE,FALSE
Ni,Weighted_CNSP,FTIR,34,-0.02143052857650356,0.9042455312284958,0.05723648394263919,0.7556852308836306,2,9.767982810323081,1,0.9653733326135822,1,0.9021608230249412,Weak,FALSE,FALSE,FALSE,FALSE,FALSE
Ni,Organic_index_FTIR,FTIR,34,0.19779865611659528,0.2621443957665108,0.1389782292853224,0.44050548089855124,1,0.5479773631537866,1,0.6590222239940215,1,0.9021608230249412,Weak,FALSE,FALSE,FALSE,FALSE,FALSE
Ni,Mineral_index_FTIR,FTIR,34,-0.023997468750436086,0.8928384883618825,0.06325789246491201,0.7308850799444526,2,5.855989236069803,1,0.9653733326135822,1,0.9021608230249412,Weak,FALSE,FALSE,FALSE,FALSE,FALSE
Ni,CH_Silicate_ratio,FTIR,34,0.19847133431200828,0.2604922998145403,0.14131773457050778,0.4327729186714827,1,0.5453530769120118,1,0.6585479489693435,1,0.9008025952722425,Weak,FALSE,FALSE,FALSE,FALSE,FALSE
Ni,Aromatic_Carbonate_ratio,FTIR,34,-0.07659838351736112,0.6667819668403343,-0.0303132999204346,0.8691855255301889,2,1.274559035816638,1,0.9653733326135822,1,0.9586605060994732,Weak,FALSE,FALSE,FALSE,FALSE,FALSE
Ni,Aliphatic_aromatic,FTIR,34,-0.019138081209302996,0.914448775887337,0.05158430515222234,0.7791846052977611,2,13.089905267473837,1,0.9653733326135822,1,0.9021608230249412,Weak,FALSE,FALSE,FALSE,FALSE,FALSE
Ni,Weighted_organic,FTIR,34,-0.019285802593464206,0.9137908740089199,0.05166006732571855,0.778868297122215,2,12.94666947339707,1,0.9653733326135822,1,0.9021608230249412,Weak,FALSE,FALSE,FALSE,FALSE,FALSE
Ni,Organic_mineral_ratio,FTIR,34,0.19317196068713144,0.2736940315108151,0.13377841732447612,0.4579586224700348,1,0.5415259230641192,1,0.6715260872958464,1,0.9021608230249412,Weak,FALSE,FALSE,FALSE,FALSE,FALSE
Ni,CNSP_mineral_ratio,FTIR,34,0.1832589783536013,0.29953853367981953,0.12757978966119715,0.479236893347312,1,0.5175400086190679,1,0.694805877092365,1,0.9021608230249412,Weak,FALSE,FALSE,FALSE,FALSE,FALSE
Ni,Char_index_FTIR,FTIR,34,-0.13711428730881448,0.4393657621344482,-0.14847678617674723,0.40958066935602877,1,0.3638361350959382,1,0.8978308843912582,1,0.893094827602283,Weak,FALSE,FALSE,FALSE,FALSE,FALSE
Ni,Pyrolysis_index,FTIR,34,-0.17763614954481968,0.31486451185621556,-0.148076915799671,0.4108572307887399,1,0.4593463552926442,1,0.7156011633095809,1,0.893094827602283,Weak,FALSE,FALSE,FALSE,FALSE,FALSE
Ni,Combustion_index,FTIR,34,-0.13664901687379669,0.44093472322326244,-0.1483976951617385,0.40983298445364824,1,0.3631446094477474,1,0.8978308843912582,1,0.893094827602283,Weak,FALSE,FALSE,FALSE,FALSE,FALSE
Ni,Normalized_organic,FTIR,34,0.1901820442613431,0.2813312368402401,0.13482265832615237,0.45442434020979194,1,0.5278086960348798,1,0.6770003025567274,1,0.9021608230249412,Weak,FALSE,FALSE,FALSE,FALSE,FALSE
Ni,Normalized_CNSP,FTIR,34,0.1868091077570946,0.2901104978824491,0.1376888507106488,0.44479912080405803,1,0.5094091703702383,1,0.6887538371778373,1,0.9021608230249412,Weak,FALSE,FALSE,FALSE,FALSE,FALSE
Ni,CN_ratio,FTIR,34,-0.04705468022477911,0.7915817994737143,-0.07366356896394406,0.6837122186969223,1,0.321278190296152,1,0.9653733326135822,1,0.9021608230249412,Weak,FALSE,FALSE,FALSE,FALSE,FALSE
Ni,Vis_slope,ASD,21,0.1475469450015412,0.5233104215086886,0.17432939419099014,0.46228911575406073,1,0.36496721405677984,1,0.9653733326135822,1,0.9021608230249412,Weak,FALSE,FALSE,FALSE,FALSE,FALSE
Ni,NIR_slope,ASD,21,-0.21096582563054025,0.35863988768869204,-0.1554384452286973,0.5128683942520108,1,0.49721113786252996,1,0.7891836547521109,1,0.9021608230249412,Weak,FALSE,FALSE,FALSE,FALSE,FALSE
Ni,Blue_slope,ASD,21,0.30178126213161527,0.18368237174731183,0.3304608871674863,0.15472021146201304,1,0.497595643021122,1,0.5165234939758976,1,0.6651958686195676,Moderate,FALSE,FALSE,FALSE,FALSE,FALSE
Ni,R_450,ASD,21,0.19941220248374364,0.38615177596569816,0.0027569902781675137,0.9907960559591309,1,0.7362446614697472,1,0.814975527669705,1,0.9998294783207018,Weak,FALSE,FALSE,FALSE,FALSE,FALSE
Ni,R_550,ASD,21,0.2753308429126595,0.22705309486492878,0.08362137040597797,0.7259624112048877,1,0.8867064860647971,1,0.593523446280047,1,0.9021608230249412,Weak,FALSE,FALSE,FALSE,FALSE,FALSE
Ni,R_650,ASD,21,0.32193758303860415,0.1546822679451657,0.12519979385872526,0.5989331333481012,1,1.020512997840904,1,0.4912952718140986,1,0.9021608230249412,Moderate,FALSE,FALSE,FALSE,FALSE,FALSE
Ni,R_850,ASD,21,0.16512646594230146,0.47442202837487213,0.024043137799093773,0.919856278819275,1,0.567970740718817,1,0.9363592665293529,1,0.9764529241088957,Weak,FALSE,FALSE,FALSE,FALSE,FALSE
Ni,R_1700,ASD,21,-0.05507905138410615,0.8125575234773139,-0.06097870522177687,0.7984273176402263,1,0.34023135357126555,1,0.9653733326135822,1,0.9110132007662284,Weak,FALSE,FALSE,FALSE,FALSE,FALSE
Ni,R_2100,ASD,21,-0.030675301892691187,0.8949884728176996,0.4054320246401375,0.085047987991082,2,0.33677743331400706,1,0.9653733326135822,1,0.588793763015183,Weak,FALSE,FALSE,FALSE,FALSE,FALSE
Ni,R_2300,ASD,21,-0.019348892869313322,0.9336561485996118,-0.028795024674951375,0.9040808447749981,1,0.33549656480210716,1,0.9653733326135822,1,0.9746518914259359,Weak,FALSE,FALSE,FALSE,FALSE,FALSE
Ni,Organic_index_1,ASD,21,0.17136457601934849,0.4576475120197424,0.2082276312823999,0.3783312768756424,1,0.3720707099244646,1,0.9162043366285029,1,0.8775725494538097,Weak,FALSE,FALSE,FALSE,FALSE,FALSE
Ni,Organic_index_2,ASD,21,0.03684044579973483,0.8740315463520425,0.13876136095433372,0.559599504225765,1,0.352597133150249,1,0.9653733326135822,1,0.9021608230249412,Weak,FALSE,FALSE,FALSE,FALSE,FALSE
Ni,Char_darkness,ASD,21,-0.012557405325204243,0.9569164984542711,0.05126186641342084,0.8300564021738894,1,0.35191455459225623,1,0.9735978316038181,1,0.92960545328597,Weak,FALSE,FALSE,FALSE,FALSE,FALSE
Ni,Aromatic_index,ASD,21,-0.33655391509511146,0.1357615218217091,-0.23887915806271487,0.33976033603270517,3,0.4025515361460226,1,0.4912952718140986,1,0.8400667649160293,Moderate,FALSE,FALSE,FALSE,FALSE,FALSE
Ni,Aliphatic_index,ASD,21,-0.11363719380281263,0.6238100736902243,-0.1057485258327821,0.6572461830424138,1,0.36691810178420714,1,0.9653733326135822,1,0.9021608230249412,Weak,FALSE,FALSE,FALSE,FALSE,FALSE
