Base_ID,Latitude,Longitude,Sample_Type,Sum of Metals,Pd,Ag,Cd,Sn,Sb,Te,Cs,Ba,La,Ce,Pr,Nd,Sm,Eu,Gd,Tb,Dy,Ho,Er,Tm,Yb,Lu,Hf,Ta,W,Os,Tl,Pb,Th,U,Na,Mg,Al,K,Ca,Ti,V,Cr,Mn,Fe,Co,Ni,Cu,Zn,Ga,Ge,As,Li,Rb,Sr,Y,Zr,Nb,Mo,has_ICPMS,has_XRF,has_ASD,has_FTIR,Data_Tier,SiO2_pct,Al2O3_pct,Fe2O3_pct,CaO_pct,MgO_pct,Na2O_pct,K2O_pct,TiO2_pct,P2O5_pct,MnO_pct,SO3_pct,Pb_xrf,Zn_xrf,Cu_xrf,Pb_exceed_RSL,As_exceed_RSL,Cd_exceed_RSL,Cr_exceed_RSL,Cu_exceed_RSL,Ni_exceed_RSL,Zn_exceed_RSL,Mn_exceed_RSL,N_exceedances,Ca_Mg_ratio,Fe_Al_ratio,Si_Al_ratio,Pb_Zn_ratio,Total_Toxics_ppm,Sum_REE_ppm,Metal_Load_Class
1590,34.1399091,-118.0888207,ASH,156584.23,0.588591044,0.226546117,0.605956024,5.856334917,3.935738971,0.016404962,2.363901756,597.5162705,23.69548828,44.61324608,5.143722232,20.95170205,3.996141011,0.970058929,3.835925552,0.453888632,2.454805859,0.459646701,1.366931356,0.178505161,1.163239802,0.175529925,0.508144156,0.356764385,0.909698286,0.827549269,0.258802977,53.09668291,3.161055525,2.122021143,10877.34772,12427.41177,37222.97497,12325.98694,30193.84318,4856.40311,105.8366552,47.5263867,897.6057558,44849.52966,20.7126722,38.85328072,857.7296493,446.3439318,61.45140824,3.438310671,6.138394322,18.58128583,77.7744252,424.2118122,15.22384867,18.19152748,6.777930418,2.524651513,TRUE,TRUE,FALSE,TRUE,2,40.458,13.721,15.946,13.873,3.65,0,7.364,1.786,0.624,0.41,0.6,0.0395,0.181,0.311,FALSE,TRUE,FALSE,TRUE,FALSE,FALSE,FALSE,FALSE,2,2.429616183095526,1.2048883382174131,2.9484040227372104,0.11895885698953511,146.22070067599998,103.20628413400001,Medium
1601,34.13625,-118.127,ASH,217286.65,0.759162304,0.497382199,0.366492147,6.832460733,4.136125654,NA,1.020942408,853.1151832,20.68062827,36.07329843,4.685863874,17.98429319,3.429319372,0.759162304,3.062827225,0.366492147,1.910994764,0.366492147,1.047120419,0.130890052,0.785340314,0.104712042,0.340314136,0.157068063,0.994764398,1.64921466,0.157068063,54.26701571,1.544502618,0.968586387,5805.78534,7001.256545,7863.82199,35972.48691,126842.0419,3586.780105,68.40314136,31.23036649,2742.041885,24283.08901,14.13612565,27.2513089,111.0994764,312.8534031,53.03664921,2.329842932,5.471204188,12.46073298,47.09424084,1455.235602,7.146596859,13.97905759,4.842931937,4.581151832,TRUE,FALSE,FALSE,FALSE,3,NA,NA,NA,NA,NA,NA,NA,NA,NA,NA,NA,NA,NA,NA,FALSE,TRUE,FALSE,TRUE,FALSE,FALSE,FALSE,TRUE,3,18.11703698724598,3.0879495940943094,NA,0.17345773360477282,118.586387435,86.675392665,High
1620,34.17194,-118.123503,ASH,163665.72,0.767241379,0.112068966,0.284482759,5.206896552,3.060344828,0.017241379,2.318965517,753.7068966,34.74137931,67.44827586,7.879310345,30.98275862,6.767241379,1.353448276,6.646551724,0.896551724,5.129310345,0.982758621,2.965517241,0.396551724,2.560344828,0.362068966,0.172413793,1.189655172,1.068965517,3.568965517,0.448275862,54.27586207,7.612068966,2.181034483,17419.91379,11347.59483,47664.40517,20331.94828,18404.62069,5152.12931,78.14655172,59.57758621,741.3793103,40680.08621,12.48275862,29.64655172,40.75,165.5431034,71.86206897,3.775862069,6.474137931,18.00862069,103.6034483,270.4741379,30.57758621,9.931034483,16.52586207,1.163793103,TRUE,TRUE,FALSE,TRUE,2,48.685,15.452,12.231,8.62,2.72,0,8.991,1.657,0.378,0.337,0.688,0.0162,0.066,0.0207,FALSE,TRUE,FALSE,TRUE,FALSE,FALSE,FALSE,FALSE,2,1.6218960355763745,0.8534688560875027,3.1505209344463863,0.3278634572616254,150.25862069,155.818965514,Medium
GPS02,34.130429,-118.135441,ASH,147452.74000000002,0.744827586,0.110344828,0.24827586200000001,3.255172414,2.675862069,0.027586207,2.013793103,534.5931034,69.82068966,155.3103448,18.37241379,71.44827586,11.91724138,1.737931034,9.848275862,1.075862069,4.882758621,0.882758621,2.537931034,0.331034483,1.95862069,0.275862069,0.275862069,1.103448276,2.593103448,6.482758621,0.303448276,43.2,22.84137931,2.179310345,9614.041379,11846.67586,38392.88276,15964.41379,27380.68966,4186.317241,85.71034483,36.88275862,835.1172414,37357.29655,14.95172414,27.42068966,49.43448276,145.5724138,37.15862069,5.544827586,7.420689655,18.0137931,69.51724138,360.4965517,24.93793103,7.227586207,9.931034483,2.04137931,TRUE,TRUE,FALSE,TRUE,2,36.802,11.326,16.7,16.655,3.295,0,9.95,1.923,0.994,0.601,1.07,0.0331,0.098,0.0337,FALSE,TRUE,FALSE,TRUE,FALSE,FALSE,FALSE,FALSE,2,2.311254876247211,0.9730265843932533,3.2490509402313057,0.2967574838861133,115.17241379699999,338.45517238599996,Medium
GPS03,34.13004,-118.144,ASH,184509.7,0.866222908,0.132649739,0.270894116,4.882324203,3.205937643,0.022841227,2.227722705,698.7183205,43.38343011,87.14201792,9.807350406,38.36729297,7.356328319,1.321117391,7.095547343,0.86468113,4.465613855,0.82766172,2.381280406,0.291131256,1.784093353,0.253195556,0.449384522,0.576576464,0.911099198,2.20587772,0.339919594,53.07316245,9.831903005,2.192562512,13800.05265,14711.34161,46206.38317,18069.89629,31778.13591,5910.36334,112.2066266,49.46398447,1136.799235,50544.72863,18.61611569,29.2062171,63.1412941,351.3769855,71.54544881,4.713245295,6.690810802,21.28954803,100.17106,483.3763145,27.10014876,13.97586126,12.41779038,1.457295594,TRUE,TRUE,FALSE,TRUE,2,36.631,11.599,13.57,21.902,3.987,0,7.97,1.545,0.824,0.65,0.772,0.0432,0.109,0.0341,FALSE,TRUE,FALSE,TRUE,FALSE,FALSE,FALSE,FALSE,2,2.1601111980356498,1.093890585422971,3.157844827586207,0.15104293564230706,138.705068938,194.473084459,Medium
GPS05,34.142425,-118.136055,ASH,212772.34,0.869565217,0.149068323,0.322981366,4.111801242,3.354037267,0.01242236,1.453416149,735.4906832,23.29192547,41.51552795,5.440993789,21.22981366,4.322981366,0.944099379,4.111801242,0.50931677,2.546583851,0.48447205,1.378881988,0.186335404,1.093167702,0.161490683,0.310559006,0.211180124,0.956521739,2.223602484,0.173913043,61.86335404,3.279503106,1.155279503,5526.223602,17714.02484,26539.65217,27983.68944,101205.4534,3170.89441,58.39751553,35.90062112,2171.478261,25742.29814,11.30434783,21.2173913,84.72049689,198.1614907,42.7826087,2.260869565,9.590062112,14.03726708,59.27950311,1222.720497,15.18012422,9.863354037,4.807453416,5.242236025,TRUE,TRUE,FALSE,TRUE,2,24.124,3.188,6.945,40.518,3.857,0,16.134,0.908,2.076,0.978,0.908,0.0209,0.07,0.0298,FALSE,TRUE,FALSE,TRUE,FALSE,FALSE,FALSE,TRUE,3,5.713294894911365,0.9699560870335217,7.56475384132957,0.31218498425948576,128.894409938,100.857142856,High
GPS09,34.15316,-118.146214,ASH,177757.84999999998,0.602636535,0.094161959,0.207156309,5.103578154,2.787193974,0.037664783,2.316384181,646.1770245,38.73822976,76.00753296,8.587570621,31.56308851,5.913370998,1.224105461,5.593220339,0.696798493,3.615819209,0.715630885,2.109227872,0.301318267,1.939736347,0.282485876,0.301318267,0.696798493,1.31826742,3.013182674,0.451977401,49.43502825,7.702448211,1.996233522,17790.79096,12881.3936,52281.77024,21233.12618,22420.43315,4713.276836,80.69679849,42.01506591,870.6214689,43761.95857,14.16195857,24.80225989,39.47269303,147.0998117,46.96798493,3.917137476,5.612052731,20.77212806,107.4764595,329.5856874,20.24482109,7.947269303,13.05084746,1.129943503,TRUE,TRUE,FALSE,TRUE,2,41.621,12.606,14.229,13.653,2.765,0,11.005,1.864,0.794,0.4,0.727,0.0419,0.087,0.0184,FALSE,TRUE,FALSE,TRUE,FALSE,FALSE,FALSE,FALSE,2,1.7405284013269806,0.8370404738031979,3.301419846117237,0.3360622397571719,122.07156309,167.627118649,Medium
JPL06,34.176361,-118.110278,ASH,187059.41,0.812749004,0.175298805,0.270916335,4.015936255,2.422310757,0.015936255,1.768924303,682.7091633,31.61752988,64.66932271,7.330677291,27.95219124,5.609561753,1.243027888,5.577689243,0.733067729,3.824701195,0.701195219,1.896414343,0.239043825,1.466135458,0.207171315,0.334661355,0.430278884,0.749003984,4.717131474,0.3187251,55.01195219,7.93625498,1.386454183,10409.11554,13850.0239,35365.78486,24338.51793,65030.35857,3961.784861,68.50996016,30.98007968,1448.76494,30438.24701,12.09561753,20.812749,60,158.310757,41.86454183,2.900398406,4.462151394,14.69322709,83.20318725,755.187251,20.74900398,11.84063745,9.513944223,5.545816733,TRUE,TRUE,TRUE,TRUE,1,28.587,5.705,8.446,35.599,4.576,0,12.263,1.043,1.684,0.825,0.933,0.0171,0.064,0.0272,FALSE,TRUE,FALSE,TRUE,FALSE,FALSE,FALSE,FALSE,2,4.695324307323086,0.8606693240323772,5.009989484752891,0.3474912617513303,111.537848599,144.000000005,Medium
JPL07,34.161926,-118.162948,ASH,170032.23,0.811860918,0.147511641,1.264148529,12.04006568,6.813900229,0.039261576,1.982677905,843.8366,38.31817533,69.57018761,7.772077197,29.60466721,5.686623272,1.086629546,5.61476013,0.70890386,3.816316948,0.720376439,2.105953865,0.278202514,1.720109726,0.250119541,0.421065466,0.739632978,0.790731551,5.455004868,0.3130002,88.05642307,6.43035194,1.625178703,14214.79667,11380.83449,42117.77453,19180.04432,34849.16585,7131.651772,74.8020934,46.29576721,1069.91573,37222.863,13.93375117,24.19157623,71.21923405,787.6254346,81.12365773,3.826539212,6.943947332,18.51569467,89.22152454,452.5144183,25.41092246,16.53869616,12.79656964,2.206350344,TRUE,TRUE,TRUE,TRUE,1,35.672,10.802,11.482,21.892,3.382,0,11.38,2.376,0.914,0.617,0.98,0.0397,0.19,0.0322,FALSE,TRUE,FALSE,TRUE,FALSE,FALSE,FALSE,FALSE,2,3.0620920476902524,0.8837803642665455,3.302045728038508,0.11179973043276524,166.751862371,157.653120295,Medium
JPL09,34.161591,-118.127696,ASH,169126.22,0.616216216,0.108108108,0.367567568,4.767567568,2.627027027,0.021621622,2.172972973,738.9297297,32,62.88648649,6.962162162,26.96216216,5.318918919,1.145945946,5.091891892,0.659459459,3.578378378,0.713513514,2.140540541,0.313513514,1.967567568,0.291891892,0.367567568,0.810810811,0.886486486,5.318918919,0.421621622,64.34594595,5.881081081,1.978378378,19229.45946,11127.42703,51175.15676,21301.42703,21188.07568,4089.189189,70.54054054,38.68108108,783.1135135,38332.03243,13.03783784,21.54594595,37.2,176.3675676,69.58918919,3.567567568,5.264864865,17.81621622,102.9945946,317.6432432,20.69189189,10.8,13.92432432,1.016216216,TRUE,TRUE,TRUE,TRUE,1,41.869,12.684,13.84,14.106,3.094,0,10.298,1.713,0.721,0.453,0.795,0.0464,0.104,0.0233,FALSE,TRUE,FALSE,TRUE,FALSE,FALSE,FALSE,FALSE,2,1.9041305522602423,0.7490359406368345,3.300670082774931,0.3648379460445309,130.205405413,140.36756756900002,Medium
JPL11,34.189899,-118.168567,ASH,206795.78,0.726915521,0.235756385,0.294695481,5.206286837,5.854616896,0.019646365,1.689587426,997.6424361,46.60117878,99.31237721,10.94302554,40.92337917,7.858546169,1.453831041,6.99410609,0.864440079,4.263261297,0.805500982,2.377210216,0.314341847,1.944990177,0.275049116,0.294695481,0.628683694,0.589390963,4.007858546,0.392927308,51.76817289,14.67583497,1.434184676,19389.11591,13607.87819,56584.93124,22555.06876,35229.41061,6145.559921,102.632613,34.1453831,1051.434185,49475.75639,14.57760314,20,53.45776031,503.0255403,62.78978389,4.656188605,6.326129666,17.85854617,92.45579568,480.9233792,22.35756385,16.20825147,13.49705305,1.316306483,TRUE,TRUE,TRUE,TRUE,1,37.484,10.731,12.62,20.735,2.674,0,10.935,2.011,0.732,0.476,1.016,0.0413,0.234,0.0293,FALSE,TRUE,FALSE,TRUE,FALSE,FALSE,FALSE,FALSE,2,2.5888979552294216,0.874362739892538,3.492732016399553,0.10291340265888553,112.534381137,214.086444,High
JPL15,34.175306,-118.1755,ASH,217140.23,0.796645702,0.136268344,0.293501048,4.916142558,7.13836478,0.020964361,1.519916143,969.3501048,37.88259958,79.83228512,8.867924528,34.28721174,6.42557652,1.404612159,5.880503145,0.71278826,3.752620545,0.72327044,2.096436059,0.272536688,1.77148847,0.241090147,0.597484277,0.639412998,0.733752621,2.589098532,0.283018868,61.40461216,5.283018868,1.4360587,17574.8218,15125.79665,48266.47799,20129.51782,61031.77149,6703.888889,102.4737945,41.25786164,1426.593291,43912.5891,14.55974843,22.70440252,58.16561845,487.966457,86.5408805,3.825995807,5.34591195,16.57232704,74.92662474,763.8469602,20.39832285,14.98951782,12.34800839,1.561844864,TRUE,TRUE,TRUE,TRUE,1,28.984,8.555,11.363,31.977,2.446,0,11.183,1.879,1.127,0.733,0.905,0.051,0.23,0.0269,FALSE,TRUE,FALSE,TRUE,FALSE,FALSE,FALSE,FALSE,2,4.03494565392391,0.9097947482164164,3.387564282374942,0.12583751493903414,131.006289318,174.580712792,High
JPL18,34.171063,-118.186769,ASH,201885.11000000002,0.658362989,0.106761566,0.302491103,5.604982206,2.028469751,NA,1.761565836,853.3451957,33.46975089,76.33451957,9.056939502,35.42704626,6.797153025,1.690391459,6.014234875,0.729537367,3.736654804,0.676156584,2.010676157,0.266903915,1.672597865,0.231316726,0.480427046,0.640569395,0.693950178,2.882562278,0.37366548,44.82206406,6.209964413,1.494661922,14864.03915,15621.01423,49212.41993,18174.25267,29878.73665,7468.096085,140.1779359,35.49822064,906.5658363,63303.20285,28.55871886,103.6476868,46.83274021,367.6512456,56.77935943,4.483985765,5.213523132,22.95373665,86.35231317,408.3629893,20.03558719,13.16725979,15.56939502,1.975088968,TRUE,TRUE,TRUE,TRUE,1,32.32,10.078,16.088,19.374,3.928,0,10.932,3.61,0.849,0.697,1.488,0.0383,0.297,0.0312,FALSE,TRUE,FALSE,TRUE,FALSE,FALSE,FALSE,FALSE,2,1.9127269393232642,1.2863257213060664,3.2066673281079474,0.12191429427243516,189.483985735,168.790035581,High
JPL25,34.162417,-118.10011,ASH,187900.59,0.720979513,0.137308198,0.233554128,4.789029287,4.937109369,0.039355769,1.742076487,681.5028591,120.8833984,293.7768092,32.37742638,105.6251618,11.39042363,1.525659786,10.52808821,0.885673254,3.646695893,0.630704544,1.9722792,0.223880742,1.429237097,0.208431868,0.461227942,0.463363472,1.300969864,4.373380206,0.284727637,55.34909972,30.80377675,2.103753245,14584.28023,14116.33593,44161.51467,19107.35744,36938.56724,5552.899148,115.289796,44.40420257,1141.501061,49708.27213,18.52784892,28.29211684,60.99307895,174.6050294,70.11740636,8.164316305,10.41981573,17.70715522,84.68286779,537.3047224,20.44537377,13.1808608,8.950582994,2.433335274,TRUE,TRUE,FALSE,TRUE,2,35.683,9.066,13.081,21.65,4.668,0,11.279,1.572,1.26,0.496,0.858,0.0257,0.069,0.0228,FALSE,TRUE,FALSE,TRUE,FALSE,FALSE,FALSE,FALSE,2,2.616724680288571,1.1256015871703438,3.9354803132237786,0.3169942063867813,138.698788988,576.106967406,Medium
JPL29,34.1835037,-118.0829862,ASH,187343.47999999998,0.658536585,0.146341463,0.243902439,4.43902439,3.609756098,0.012195122,1.93902439,577.2926829,21.74390244,51.32926829,6.134146341,24.59756098,5.146341463,1.097560976,4.792682927,0.609756098,3.195121951,0.609756098,1.792682927,0.231707317,1.512195122,0.219512195,0.426829268,0.487804878,0.865853659,4.182926829,0.280487805,61.12195122,4.024390244,1.695121951,12085.32927,15615.10976,43973.41463,18308.79268,43908.65854,4986.95122,103.9634146,42.84146341,1312.97561,45171.92683,19.30487805,30.2804878,69.2195122,153.1341463,42.43902439,3.170731707,6.573170732,22.81707317,78.57317073,581.7195122,18.08536585,13.08536585,8.853658537,1.817073171,TRUE,TRUE,FALSE,TRUE,2,29.669,6.889,12.587,31.846,2.956,0,11.254,1.478,1.223,0.843,0.817,0.0308,0.076,0.0337,FALSE,TRUE,FALSE,TRUE,FALSE,FALSE,FALSE,FALSE,2,2.811933851438144,1.0272553583302348,4.306095791001451,0.39913731561178517,141.060975601,114.841463417,Medium
JPL33,34.175049,-118.06999,ASH,184511.49,0.838235294,0.132352941,0.25,6.073529412,3.558823529,0.044117647,2.176470588,643.1764706,96.01470588,195.0294118,21.39705882,79.75,15.17647059,1.735294118,13.30882353,1.470588235,6.602941176,1.058823529,2.735294118,0.308823529,1.75,0.235294118,0.426470588,0.5,1.588235294,1.220588235,0.352941176,46.57352941,25.47058824,2.838235294,13254.14706,14288.88235,47322.72059,17536.16176,30868.36765,6346.220588,111.5441176,67.83823529,966.0294118,51397.48529,20.48529412,38.07352941,57.22058824,425.5,46.5,6.676470588,9.161764706,21.5,94.16176471,405.4852941,29.01470588,11.86764706,10.19117647,4.455882353,TRUE,TRUE,TRUE,TRUE,1,37.781,12.243,16.257,15.848,3.755,0,8.568,2.699,0.752,0.487,1.112,0.0284,0.188,0.0356,FALSE,TRUE,FALSE,TRUE,FALSE,FALSE,FALSE,FALSE,2,2.1603065049866195,1.086105861266886,3.0856746161385167,0.10945574607345224,161.897058816,422.411764738,Medium
JPL43,34.17599,-118.02007,ASH,168115.41,0.629333333,0.128,0.192,2.784,2.976,0.010666667,1.397333333,727.9253333,14.464,39.08266667,5.077333333,22.048,5.184,1.205333333,4.682666667,0.64,3.594666667,0.693333333,2.069333333,0.277333333,1.770666667,0.245333333,0.448,0.554666667,0.704,1.28,0.277333333,38.44266667,2.762666667,1.429333333,16023.392,11972.61867,47220.07467,19675.616,26089.52533,4192.576,90.336,34.16533333,759.9146667,40226.61333,14.592,24.736,120.5866667,143.7546667,68.37333333,3.104,4.757333333,16.064,74.74133333,434.8586667,19.2,12.672,8.832,1.333333333,TRUE,TRUE,TRUE,TRUE,1,47.871,9.196,12.094,13.286,3.761,0,10.065,1.485,0.74,0.361,0.744,0.025,0.073,0.074,FALSE,TRUE,FALSE,TRUE,FALSE,FALSE,FALSE,FALSE,2,2.179099148649395,0.8518964181914027,5.205066869631402,0.2674167046939792,102.293333333,91.744000003,Medium
JPL48,34.161124,-118.057554,ASH,193038.55,0.681431005,0.119250426,0.238500852,3.781942078,3.185689949,NA,1.839863714,665.0085179,23.20272572,57.1890971,7.155025554,29.81260647,6.149914821,1.499148211,5.451448041,0.69846678,3.679727428,0.681431005,2.044293015,0.272572402,1.754684838,0.255536627,0.562180579,0.545144804,0.766609881,1.090289608,0.272572402,47.2572402,5.025553663,2.470187394,13846.88245,15624.00341,48768.82453,19161.99319,38154.63373,6376.320273,118.4667802,39.88074957,1023.0664399999999,47988.90971,20.42589438,29.94889267,74.08858603,183.7819421,47.64906303,3.884156729,5.894378194,22.8109029,80.76660988,545.5025554,20.71550256,13.50936968,10.28960818,3.611584327,TRUE,TRUE,TRUE,TRUE,1,34.079,9.543,12.768,22.916,3.257,0,12.704,1.784,1.176,0.508,0.74,0.02,0,0.0303,FALSE,TRUE,FALSE,TRUE,FALSE,FALSE,FALSE,FALSE,2,2.4420521608134904,0.9840079023531081,3.5707250628667233,0.25713616106051007,123.21976148599998,130.459965917,Medium
JPL50,34.199831,-118.191721,ASH,181817.58,0.61827957,0.161290323,0.362903226,3.77016129,2.600806452,0.02016129,1.639784946,826.9825269,29.40188172,54.11290323,6.028225806,22.54704301,4.227150538,1.048387097,4.005376344,0.510752688,2.580645161,0.510752688,1.505376344,0.201612903,1.26344086,0.188172043,0.63844086,0.443548387,0.813172043,2.110215054,0.275537634,48.00403226,4.596774194,1.25,12888.61559,11518.27285,40180.28898,19037.58065,44365.5578,6251.512097,91.89516129,36.71370968,1486.505376,43764.39516,12.9233871,22.00268817,59.21370968,223.0846774,75.58467742,2.983870968,4.045698925,15.00672043,72.47983871,641.9556452,15.28225806,18.69623656,8.588709677,1.975806452,TRUE,TRUE,TRUE,TRUE,1,36.012,8.941,11.675,23.785,3.891,0,11.082,1.469,0.986,0.759,0.964,0.0261,0.117,0.0319,FALSE,TRUE,FALSE,TRUE,FALSE,FALSE,FALSE,FALSE,2,3.8517540369123977,1.0892005802293616,4.027286960411541,0.21518204494108864,111.12903226099999,121.370967745,Medium
JPL51,34.202526,-118.178906,ASH,163699.19,0.529528598,0.210959373,0.474724414,3.421450027,2.016241267,0.013451071,1.209363464,753.5201098,22.05659356,42.49911603,4.48616062,17.73971731,3.337470761,0.842401617,3.332906321,0.391931361,2.04521558,0.390333929,1.118249178,0.147718632,0.907648511,0.134725182,0.2537519,0.306468066,0.539098713,1.465140034,0.24933403,62.98435406,5.528497763,1.409946887,16063.89048,8807.354036,41538.04266,15686.0101,30007.0379,3578.289778,84.23457385,33.31484036,995.7312177,44981.67946,10.98141013,16.61471882,43.88573034,221.8793239,75.06634778,3.053025997,6.251297062,11.18046039,67.67811671,501.0481679,11.95531638,12.88921898,6.290738005,1.268761523,TRUE,TRUE,TRUE,TRUE,1,41.987,11.889,10.539,17.747,2.87,0,10.857,1.474,0.814,0.517,0.909,0.0369,0.087,0.0153,FALSE,TRUE,FALSE,TRUE,FALSE,FALSE,FALSE,FALSE,2,3.407043065409132,1.082903177342368,3.5312867956265777,0.28386633367448405,119.639934716,94.29436621900001,Medium
JPL58,34.175086,-118.159399,ASH,186966.02,0.760804377,0.185367413,0.356316713,5.682871966,41.65268327,0.019463086,2.061397015,1071.59295,37.44498668,67.43720327,7.558042491,28.10412808,5.345863883,1.145772545,5.220758901,0.643411396,3.534025677,0.671789384,1.985930834,0.260710683,1.67047122,0.247069786,0.435605099,0.8158907,0.76388665,2.35567335,0.398874105,208.5216243,7.964517862,1.384588948,17333.28652,11442.52621,47443.04616,22677.66196,36256.04426,5936.256045,84.4119013,50.60141022,1119.573114,41722.68033,13.13252892,24.55680375,58.65876291,572.2748228,97.27362524,3.879308117,6.026068218,16.91794167,107.5742422,438.3796974,23.13941354,16.9976199,13.41066117,1.483594281,TRUE,TRUE,TRUE,TRUE,1,34.291,10.765,10.562,23.982,4.303,0,10.389,2.567,0.892,0.593,1.053,0.0442,0,0.0326,FALSE,TRUE,FALSE,TRUE,FALSE,FALSE,FALSE,FALSE,2,3.16853467722713,0.8794266563294668,3.1851198216607837,0.36437259096454006,290.06222320100005,152.25675585,Medium
JPL59,34.173628,-118.144892,ASH,173836.91,0.8951765,0.143568384,0.382530041,9.680845315,6.072518212,0.023175884,2.268769596,740.9462856,34.56058345,75.58303582,7.502564699,29.78613858,6.379044644,1.281781856,6.346019062,0.83140987,4.799394829,0.944410178,2.830585226,0.392141705,2.560188938,0.3762795,0.459575034,1.332557897,0.998567288,3.419951952,0.389259527,86.09509363,8.140258651,1.963886603,17514.9002,10894.41269,46305.98458,19633.16606,28615.71055,6350.445279,82.36591884,42.19149531,1193.398023,40996.15594,13.59700003,23.6009419,72.93310897,387.8093214,75.79137918,4.123649096,6.911511568,17.15707526,107.9346891,393.3799116,31.73155277,15.22975564,19.00365647,1.587839562,TRUE,TRUE,TRUE,TRUE,1,40.974,12.51,10.658,17.692,3.18,0,10.286,2.073,0.662,0.472,1.068,0.0486,0.142,0.0215,FALSE,TRUE,FALSE,TRUE,FALSE,FALSE,FALSE,FALSE,2,2.6266407136959016,0.8853316785402067,3.275037966589401,0.22200310017329003,159.181572449,161.43916811100004,Medium
JPL61,34.16643,-118.135338,ASH,168883.26,0.795791203,0.14292582,0.390521484,6.819100863,3.676962473,0.029204171,2.464393123,671.1427651,45.59843471,87.54836178,9.466774171,35.61816427,6.905868758,1.23054064,6.776975238,0.815730475,4.534390582,0.8461055,2.599388797,0.348248807,2.668616741,0.314790175,0.389813705,1.147852871,1.092696528,3.281025558,0.435344704,78.68331885,8.958233278,2.1594971,15518.91324,11875.79549,46463.02427,19522.4486,21408.45493,5246.033371,85.2252278,45.93897711,954.9199678,45877.19109,15.00816704,27.80032571,51.86056835,215.4109965,72.33159543,4.680553986,7.959753113,18.77425903,111.7056749,312.3211428,29.38131125,11.99592816,17.86284561,1.344622696,TRUE,TRUE,FALSE,TRUE,2,42.517,13.326,13.315,13.626,3.378,0,9.716,1.889,0.578,0.472,0.781,0.0474,0.104,0.0209,FALSE,TRUE,FALSE,TRUE,FALSE,FALSE,FALSE,FALSE,2,1.802696345295826,0.9873913896782297,3.1902903879342692,0.36526897354112775,160.77289626700002,193.14511956699997,Medium
JPL63,34.165413,-118.154636,ASH,175713.19,0.772532189,0.163090129,0.583690987,8.532188841,9.793991416,0.017167382,2.274678112,844.9356223,42.49785408,84.87553648,8.549356223,31.78540773,6.343347639,1.175965665,6.163090129,0.789699571,4.274678112,0.824034335,2.454935622,0.343347639,2.154506438,0.300429185,0.712446352,0.875536481,1.107296137,2.69527897,0.420600858,84.66094421,8.918454936,2.231759657,15661.80258,11880,45710.74678,21656.41202,35597.79399,4645.630901,71.82832618,47.28755365,1127.630901,36979.56223,12.74678112,24.39484979,56.9527897,332.6695279,79.94849785,3.587982833,5.931330472,18.36051502,105.9484979,468.9356223,27.29613734,22.03433476,12.4806867,1.982832618,TRUE,TRUE,TRUE,TRUE,1,36.752,11.024,11.713,20.182,4.139,0,11.314,1.781,0.903,0.636,1.06,0.0472,0.165,0.0294,FALSE,TRUE,FALSE,TRUE,FALSE,FALSE,FALSE,FALSE,2,2.9964470533293723,0.8089905334294228,3.3335147392290256,0.25448886243222874,162.858369109,181.390557946,Medium
JPL68,34.19871117,-118.1630706,ASH,103462.8,0.25492862,0.237933379,0.662814412,4.384772264,7.036029912,0.050985724,0.849762067,519.8844324,19.57851801,46.77090415,4.435757988,16.21346023,2.872195785,0.560842964,2.447314752,0.288919103,1.393609789,0.25492862,0.747790619,0.084976207,0.543847723,0.067980965,0.339904827,0.288919103,0.781781101,1.359619307,0.237933379,77.39632903,1.563562203,1.461590755,8707.239973,3448.895309,7852.447315,20221.32903,32604.52073,3732.613868,62.61046907,29.6057104,736.4377974,23945.02039,11.98164514,22.70564242,74.18422842,778.6879674,36.777702240000004,2.141400408,6.067301156,8.531611149,47.04282801,393.660775,3.144119646,13.57919782,7.171991842,3.348062542,TRUE,TRUE,FALSE,TRUE,2,39.711,11.367,11.88,16.692,4.279,0,11.13,1.915,0.977,0.34,1.16,0.0405,0.222,0.0294,FALSE,TRUE,FALSE,TRUE,FALSE,FALSE,FALSE,FALSE,2,9.453610027334689,3.049370009129439,3.4932266009852215,0.09939312391752785,136.437797418,92.878993879,Medium
JPL73,34.188432,-118.130156,ASH,222957.56,0.693069307,0.396039604,0.95049505,13.7029703,16.61386139,0.01980198,1.465346535,3260.633663,20.57425743,56.99009901,5.148514851,20.35643564,4.554455446,1.326732673,4.693069307,0.653465347,3.762376238,0.752475248,2.217821782,0.316831683,1.96039604,0.277227723,1.089108911,0.534653465,1.287128713,3.96039604,0.277227723,804.4356436,11.84158416,2.95049505,14830.55446,13358.33663,40178.53465,17011.42574,75199.48515,16849.24752,81.66336634,138.019802,711.3267327,35466.31683,40.51485149,37.08910891,292.1386139,3684.653465,248.2574257,2.851485149,12.1980198,18.61386139,61.24752475,413.049505,21.84158416,41.86138614,11.00990099,2.891089109,TRUE,TRUE,TRUE,FALSE,2,29.789,8.528,7.847,30.51,2.884,0,5.254,7.279,0.556,0.29,4.856,0,1.244,0.163,TRUE,TRUE,FALSE,TRUE,FALSE,FALSE,FALSE,FALSE,3,5.629404438851572,0.8827180049305755,3.4926720600304844,0.21832051044167586,992.6930693600001,113.643564357,High
JPL76,34.191261,-118.145178,ASH,99710.62000000001,0.150470219,0.351097179,1.479623824,3.097178683,15.22257053,0.012539185,1.003134796,1232.037618,10.20689655,30.26959248,2.394984326,9.028213166,1.655172414,0.438871473,1.454545455,0.175548589,0.927899687,0.163009404,0.489028213,0.062695925,0.376175549,0.05015674,0.576802508,1.680250784,0.827586207,2.006269592,0.300940439,556.9404389,0.526645768,2.006269592,14451.05956,1088.727273,1911.824451,22959.66144,26764.18809,9502.144201,52.15047022,46.92163009,648.3761755,17649.22884,14.50783699,22.28213166,179.8369906,2042.532915,103.4357367,1.968652038,8.652037618,6.68338558,61.5799373,279.7617555,1.492163009,24.12539185,9.868338558,3.699059561,TRUE,TRUE,TRUE,TRUE,1,32.381,8.962,8.012,25.158,3.662,0,9.309,7.126,0.753,0.464,2.362,0.159,0.733,0.052,TRUE,TRUE,FALSE,TRUE,FALSE,FALSE,FALSE,FALSE,3,24.58298250696756,9.231610987691575,3.612741269664175,0.27267132986626563,636.275862092,55.448275863999996,Low
JPL77,34.189415,-118.146334,ASH,199048.66,0.584045584,0.512820513,0.954415954,19.08831909,19.7008547,0.185185185,1.581196581,1588.062678,47.43589744,56.06837607,6.111111111,23.09116809,4.017094017,1.025641026,4.031339031,0.541310541,2.806267806,0.584045584,1.680911681,0.242165242,1.495726496,0.213675214,0.712250712,0.698005698,1.41025641,4.287749288,0.313390313,557.4358974,5.270655271,1.538461538,14824.2735,10657.25071,40138.87464,21153.73219,64673.07692,12129.98575,59.27350427,84.75783476,753.1623932,28158.5755,40.71225071,225.3703704,239.7008547,2838.945869,129.5299145,2.877492877,10.48433048,17.63532764,75.05698006,423.974359,17.07977208,27.84900285,11.98005698,2.820512821,TRUE,TRUE,TRUE,TRUE,1,36.444,9.673,8.044,23.564,2.717,0,9.996,4.019,0.598,0.312,2.771,0.126,0.553,0.088,TRUE,TRUE,FALSE,TRUE,FALSE,FALSE,FALSE,FALSE,3,6.068457298359147,0.7015287561253671,3.7672110812487083,0.19635305735621358,879.002848994,141.78062678499998,Medium
JPL79,34.199635,-118.146431,ASH,145300.87,0.188679245,4.528301887,1.291727141,1.132075472,48.63570392,0.029027576,1.103047896,765.2685051,15.18142235,32.49637155,3.222060958,12.11901306,2.002902758,0.478955007,1.843251089,0.217706821,1.117561684,0.217706821,0.624092888,0.07256894,0.406386067,0.07256894,0.928882438,0.449927431,0.551523948,NA,0.246734398,448.1712627,1.291727141,1.320754717,14772.75762,3383.323657,5727.140784,20821.29173,54692.627,19221.87228,65.61683599,105.3265602,664.7750363,19965.44267,55.74746009,371.9738752,619.4775036,3076.632801,49.01306241,2.104499274,4.920174165,12.59796807,50.8563135,231.712627,3.802612482,43.51233672,10.07256894,3.062409289,TRUE,TRUE,TRUE,TRUE,1,31.906,8.594,7.093,28.194,2.679,0,7.059,8.038,0,0.262,3.248,0.274,0.917,0.062,TRUE,TRUE,FALSE,TRUE,FALSE,FALSE,FALSE,FALSE,3,16.165349927871258,3.486109375845688,3.7121582315299597,0.14566935543460863,931.683599406,67.343976772,Medium
JPL86,34.200775,-118.128921,ASH,185038.58,0.488958991,0.914826498,0.315457413,13.67507886,6.167192429,0.031545741,1.892744479,1875.362776,20.9148265,40.31545741,4.984227129,18.83280757,3.80126183,1.056782334,3.690851735,0.504731861,2.807570978,0.552050473,1.67192429,0.23659306,1.529968454,0.220820189,0.441640379,0.646687697,0.757097792,4.479495268,0.504731861,74.44794953,4.369085174,1.43533123,22361.49842,8852.129338,51838.45426,24121.70347,31047.41325,6876.735016,62.99684543,43.75394322,633.29653,35494.0694,17.12933754,66.67192429,85.11041009,796.6719243,160.6466877,3.154574132,5.362776025,20.12618297,116.4353312,300.126183,17.0977918,17.03470032,12.64984227,1.261829653,TRUE,TRUE,TRUE,TRUE,1,42.221,13.352,8.848,18.101,2.211,0,7.609,4.025,0.427,0.386,1.962,0.063,0.313,0.068,FALSE,TRUE,FALSE,TRUE,FALSE,FALSE,FALSE,FALSE,2,3.5073380152030924,0.6847053837151706,3.161911181008013,0.09344857501642095,190.552050478,93.596214508,Medium
JPL89,34.127434,-118.19433,ASH,182601.94,0.668756531,0.12539185,0.386624869,5.036572623,5.862068966,0.020898642,2.1107628,887.23093,38.88192268,77.47126437,8.359456635,31.73458725,6.133751306,1.274817137,5.820271682,0.752351097,3.918495298,0.773249739,2.23615465,0.303030303,1.912225705,0.271682341,0.480668757,0.929989551,1.034482759,3.239289446,0.449320794,67.45036573,7.36677116,1.786833856,20007.72205,11089.65517,54159.74922,21554.73354,28558.26541,5791.870428,81.61964472,36.081504700000004,809.738767,38315.86207,12.23615465,21.28526646,41.23301985,300.4702194,84.93207941,3.761755486,5.768025078,18.56844305,103.9393939,385.4022989,23.22884013,13.94984326,16.13375131,1.71368861,TRUE,TRUE,TRUE,TRUE,1,41.82,13.091,11.636,15.194,3.667,0,9.668,2.16,0.646,0.414,1.072,0.0366,0,0.0225,FALSE,TRUE,FALSE,TRUE,FALSE,FALSE,FALSE,FALSE,2,2.575216487527945,0.7074600956311428,3.1943171402383137,0.22448195159819026,130.971786837,169.67607106,Medium
JPL95,34.149446,-118.118895,ASH,176240.12,0.622876557,0.158550396,0.317100793,4.665911665,4.122310306,0.022650057,2.208380521,701.596829,29.70554926,60.02265006,6.534541336,25.80973952,5.062287656,1.14382786,4.722536806,0.566251416,2.978482446,0.566251416,1.619479049,0.215175538,1.370328426,0.20385051,0.532276331,0.475651189,0.792751982,3.544733862,0.328425821,58.93544734,5.152887882,1.415628539,13990.29445,13858.26727,46052.15176,18062.67271,33378.06342,4705.368063,96.96489241,40.55492639,986.6591166,43059.19592,18.08607022,35.7191393,97.50849377,214.7678369,66.10419026,3.295583239,5.175537939,21.4382786,85.51528879,492.8425821,17.04416761,16.26274066,8.278595696,2.4801812,TRUE,TRUE,TRUE,TRUE,1,41.13,12.406,14.184,14.741,3.455,0,9.692,1.786,0.755,0.508,0.812,0.0261,0.163,0.12,FALSE,TRUE,FALSE,TRUE,FALSE,FALSE,FALSE,FALSE,2,2.4085306165024902,0.9350094043247502,3.315064076730878,0.2744134027575022,140.702151762,133.00113249799998,Medium
XPAH17,34.17331,-118.041,ASH,74282.1,0.271217087,0.079104984,0.237314951,2.395750932,2.407051644,0.011300712,0.248615663,207.1872528,13.30093796,32.53474969,3.322409312,12.43078314,2.135834558,0.418126342,1.661204656,0.180811391,0.824951972,0.146909255,0.395524918,0.045202848,0.237314951,0.033902136,0.214713527,0.429427054,0.531133461,2.260142389,0.203412815,29.67566957,0.802350548,0.700644141,3731.065657,2541.733529,3291.377557,21625.92383,16133.89084,3617.595208,87.55791615,21.5730591,479.4553057,21496.70019,12.38558029,19.19990959,54.08520737,144.5700079,19.3920217,2.011526726,3.830941349,2.350548085,47.66640298,619.4033224,0.994462651,6.362300825,6.181489434,1.469092553,TRUE,FALSE,FALSE,FALSE,3,NA,NA,NA,NA,NA,NA,NA,NA,NA,NA,NA,NA,NA,NA,FALSE,TRUE,FALSE,TRUE,FALSE,FALSE,FALSE,FALSE,2,6.347590850232336,6.531214753247236,NA,0.2052670864031515,74.51689456000001,65.80404565799999,Low
XPAH29,34.18834,-118.11,ASH,98270.70999999999,0.265251989,0.106100796,0.297082228,5.708222812,3.618037135,0.021220159,1.814323607,365.2625995,15.19363395,23.73474801,3.883289125,13.88859416,2.875331565,0.50928382,2.514588859,0.339522546,1.877984085,0.371352785,1.092838196,0.148541114,0.933687003,0.137931034,0.413793103,0.99734748,1.294429708,3.851458886,0.413793103,53.75066313,3.023872679,1.74005305,4810.132626,6835.543767,15969.29443,16938.44032,10148.19098,4599.755968,74.0265252,45.33687003,636.5198939,37161.80371,12.68965517,26.4933687,43.35278515,169.061008,41.52785146,3.045092838,6.928381963,8.763925729,49.5066313,138.8647215,10.14323607,14.03713528,15.8938992,1.273209549,TRUE,TRUE,FALSE,TRUE,2,46.229,17.073,14.877,6.352,0,0,9.721,1.988,0.198,0.348,0.544,0.0183,0.058,0.0143,FALSE,TRUE,FALSE,TRUE,FALSE,FALSE,FALSE,FALSE,2,1.4846206594962965,2.3270784783771767,2.707567061028464,0.3179346073424137,132.806366051,62.599469489,Low
XPAH20,34.191078,-118.154297,ASH,384030.99000000005,0.273809524,0.214285714,0.238095238,4.428571429,4.5,0.011904762,0.333333333,3504.654762,7.178571429,12.16666667,1.583333333,6.285714286,1.19047619,0.75,1.130952381,0.130952381,0.666666667,0.142857143,0.44047619,0.05952381,0.333333333,0.047619048,0.30952381,0.154761905,0.642857143,1.202380952,0.047619048,1933.059524,3.857142857,0.738095238,3800.964286,15540.45238,10639.69048,3101.488095,322440.9881,9832.845238,139.297619,331.5119048,316.8214286,8335.690476,6.94047619,136.4761905,14.21428571,3327.72619,291.1309524,1.226190476,11.6547619,5.380952381,9.892857143,228.7261905,7.595238095,16.69047619,4.047619048,2.761904762,TRUE,TRUE,FALSE,TRUE,2,10.881,0.705,1.722,73.993,2.704,0,0,4.869,0,0.101,2.723,0.723,0.916,0,TRUE,TRUE,FALSE,TRUE,FALSE,FALSE,FALSE,FALSE,3,20.74849299538261,0.7834522731856507,15.412181303116148,0.5808948311054308,2412.940476438,30.285714288999998,Extreme
XPAH26,34.19516,-118.154653,ASH,143119.41,0.134680135,0.286195286,1.228956229,103.6363636,34.24242424,1.835016835,0.420875421,482.962963,7.828282828,11.32996633,1.245791246,4.781144781,0.892255892,0.252525253,0.875420875,0.117845118,0.555555556,0.117845118,0.336700337,0.050505051,0.286195286,NA,0.707070707,0.185185185,0.824915825,2.087542088,0.084175084,82.02020202,1.245791246,0.471380471,5814.276094,13681.80135,18756.48148,6406.616162,58967.32323,3690.521886,20.45454545,42.32323232,414.3265993,9127.222222,215.6734007,31.48148148,253.2828283,23828.51852,25.72390572,0.875420875,3.804713805,153.0808081,15.47138047,147.6094276,3.569023569,29.29292929,4.057239057,744.5791246,TRUE,TRUE,FALSE,TRUE,2,42.258,2.737,3.392,15.616,4.454,14.791,2.104,1.088,0,0.092,3.717,0.0114,5.881,0.094,FALSE,TRUE,FALSE,TRUE,FALSE,FALSE,TRUE,FALSE,3,4.309909010635576,0.4866169459935966,15.433893352812273,0.003442102307327904,160.858585854,27.205387205000005,Medium
XPAH28,34.206473,-118.135615,ASH,259640.44,0.347031963,1.077625571,0.210045662,103.9543379,45.93607306,0.127853881,0.99543379,1694.219178,14.01826484,29.82648402,3.095890411,12.69406393,2.401826484,0.767123288,2.347031963,0.310502283,1.671232877,0.328767123,0.97716895,0.127853881,0.831050228,0.118721461,0.484018265,0.611872146,0.95890411,NA,0.191780822,18528.21005,3.96347032,3.461187215,9363.360731,117363.2785,34711.55251,10073.379,41183.74429,3402.018265,33.44292237,49.73515982,548.7579909,16372.78539,11.56164384,17.30593607,3650.045662,1993.242009,128.4200913,1.926940639,3.01369863,12.3196347,39.12328767,188.1278539,9.415525114,19.10502283,7.059360731,3.452054795,TRUE,TRUE,FALSE,TRUE,2,43.349,5.563,4.045,13.453,24.026,0,2.826,1.093,0,0.171,0.776,3.17,0.603,0.528,TRUE,TRUE,FALSE,TRUE,TRUE,FALSE,FALSE,FALSE,4,0.3509082607903778,0.47168114746818196,7.790977713874909,9.295509863243174,18598.474890182,65.15068493599999,High
XPAH55,34.19345,-118.10439,ASH,187339.17,0.612366231,0.053507729,0.112960761,3.038049941,2.306777646,0.01783591,1.44470868,792.6218787,93.1391201,166.5755054,16.88466112,50.95124851,7.615933413,1.533888228,7.205707491,0.766944114,3.816884661,0.689655172,2.128418549,0.273483948,1.747919144,0.249702735,0.523186683,0.820451843,0.636147444,2.063020214,0.356718193,27.02140309,20.51724138,2.764565993,19784.02497,11065.02378,46318.62663,17350.12485,20556.34364,5291.426873,142.7348395,63.97740785,746.4863258,64080.83234,12.960761,19.86325803,23.60285375,100.3745541,75.08323424,5.225921522,6.183115339,11.96789536,85.20808561,344.411415,21.58145065,10.16052319,13.57312723,0.879904875,TRUE,TRUE,FALSE,TRUE,2,51.426,12.197,13.57,8.439,2.348,0,8.642,2.131,0.351,0.251,0.26,0.0187,0.028,0.007,FALSE,TRUE,FALSE,TRUE,FALSE,FALSE,FALSE,FALSE,2,1.857776557098682,1.3834786481993187,4.21593703885883,0.2692030278914296,117.15814506999999,343.906064262,Medium
XPAH58,34.177179,-118.097225,ASH,304397.33999999997,0.410519564,0.147530468,0.699166132,2.174470815,4.618345093,0.012828736,0.506735087,1292.386145,7.062219371,11.07761386,1.545862733,6.067992303,1.257216164,0.461834509,1.340602951,0.179602309,1.032713278,0.237331623,0.737652341,0.115458627,0.763309814,0.128287364,0.525978191,0.134701732,0.660679923,1.161000641,0.083386786,13.79730597,1.500962155,3.39320077,5026.209108,4488.005131,12385.34958,4504.310455,262414.9198,3588.903143,81.8345093,56.22193714,273.4445157,9175.182809,5.484284798,38.42847979,115.3559974,513.6561899,102.1616421,0.833867864,4.0410519559999996,6.18345093,15.83066068,202.3091725,13.50224503,24.81719051,2.815907633,3.316228352,TRUE,TRUE,FALSE,TRUE,2,11.85,1.505,3.236,74.469,0,0,1.329,1.395,3.407,0.137,2.027,0.0113,0.214,0.053,FALSE,TRUE,FALSE,TRUE,FALSE,FALSE,FALSE,FALSE,2,58.470267673526934,0.7408092931835281,7.868525896414344,0.026860922501028544,113.187940988,28.813341891,Extreme
1637,34.19102,-118.154,SOIL,93389.47,0.173541583,0.120144173,0.440528634,3.150447203,1.77546389,0.026698705,1.321585903,946.0953144,18.34201041,27.96689361,3.951408357,14.3772527,2.656521159,0.614070218,2.189293819,0.280336404,1.508476839,0.293685756,0.814310506,0.10679482,0.667467628,0.093445468,0.347083166,0.57402216,0.507275397,3.537578427,0.400480577,113.0156187,2.749966627,1.8288613,20190.04138,2696.182085,7131.250834,25294.62021,8818.301962,2955.760246,50.51395007,22.82739287,406.4076892,24048.09772,7.609130957,12.62848752,26.04458684,154.8257909,87.731945,2.509678281,4.552129222,12.74863169,81.68468829,211.2935523,3.644373248,9.317848084,10.17220665,0.774262448,TRUE,FALSE,FALSE,FALSE,3,NA,NA,NA,NA,NA,NA,NA,NA,NA,NA,NA,NA,NA,NA,FALSE,TRUE,FALSE,TRUE,FALSE,FALSE,FALSE,FALSE,2,3.270661406882908,3.3722126605240286,NA,0.7299487255600026,153.464156946,70.09745027299999,Low
1643,34.20643,-118.136,SOIL,60120.51,0.128205128,0.073260073,0.10989011,1.593406593,1.245421245,0.018315018,2.06959707,670.1282051,15.256410259999999,37.16117216,4.853479853,16.72161172,2.289377289,0.457875458,1.703296703,0.21978022,1.135531136,0.21978022,0.586080586,0.054945055,0.366300366,0.036630037,0.238095238,0.457875458,0.256410256,1.465201465,0.384615385,25.42124542,0.256410256,0.934065934,6381.263736,249.8351648,1894.908425,22966.04396,7817.417582,2114.6337,35.16483516,12.41758242,288.0586081,17061.684980000002,5.311355311,6.886446886,14.70695971,54.3040293,49.43223443,2.399267399,4.010989011,4.945054945,64.23076923,290.1282051,0.842490842,7.362637363,8.36996337,0.311355311,TRUE,FALSE,FALSE,FALSE,3,NA,NA,NA,NA,NA,NA,NA,NA,NA,NA,NA,NA,NA,NA,FALSE,TRUE,FALSE,TRUE,FALSE,FALSE,FALSE,FALSE,2,31.29017605700934,9.003958054617836,NA,0.46811954155413743,48.846153847000004,78.44322344300001,Low
1648,34.1361087,-118.1256508,SOIL,56158.01,0.054088164,0.34255837,0.027044082,0.829351844,0.576940413,0.009014694,0.522852249,79.2842333,1.081763274,3.064995943,0.351573064,1.253042459,0.171279185,0.04507347,0.126205715,0.018029388,0.072117552,0.009014694,0.04507347,0.009014694,0.027044082,NA,0.207337961,0.315514288,0.423690616,NA,0.288470206,10.91679437,0.04507347,0.43270531,2912.043631,143.2164428,615.9379789,23190.57063,2680.816731,2932.470928,59.18146579,16.28955197,346.7952763,22887.35238,5.895609844,7.076534752,11.16920581,32.75038312,16.46083115,1.361218787,1.929144506,1.054719192,51.37474083,130.7491211,0.09014694,5.715315965,6.860182097,0.2974849,TRUE,FALSE,FALSE,FALSE,3,NA,NA,NA,NA,NA,NA,NA,NA,NA,NA,NA,NA,NA,NA,FALSE,TRUE,FALSE,TRUE,FALSE,FALSE,FALSE,FALSE,2,18.71850717753494,37.158473751530266,NA,0.33332315554433906,36.23906968,6.09393311,Low
