sample_id,method,Ag_value_ppm,Ag_err_ppm,Al_value_ppm,Al_err_ppm,As_value_ppm,As_err_ppm,Ba_value_ppm,Ba_err_ppm,Bi_value_ppm,Bi_err_ppm,Br_value_ppm,Br_err_ppm,Ca_value_ppm,Ca_err_ppm,Cd_value_ppm,Cd_err_ppm,Ce_value_ppm,Ce_err_ppm,Cl_value_ppm,Cl_err_ppm,Co_value_ppm,Co_err_ppm,Cr_value_ppm,Cr_err_ppm,Cs_value_ppm,Cs_err_ppm,Cu_value_ppm,Cu_err_ppm,Fe_value_ppm,Fe_err_ppm,Ga_value_ppm,Ga_err_ppm,Ge_value_ppm,Ge_err_ppm,I_value_ppm,I_err_ppm,In_value_ppm,In_err_ppm,Ir_value_ppm,Ir_err_ppm,K_value_ppm,K_err_ppm,La_value_ppm,La_err_ppm,Mg_value_ppm,Mg_err_ppm,Mn_value_ppm,Mn_err_ppm,Mo_value_ppm,Mo_err_ppm,Na_value_ppm,Na_err_ppm,Nb_value_ppm,Nb_err_ppm,Ni_value_ppm,Ni_err_ppm,O_value_ppm,O_err_ppm,Os_value_ppm,Os_err_ppm,P_value_ppm,P_err_ppm,Pb_value_ppm,Pb_err_ppm,Pd_value_ppm,Pd_err_ppm,Rb_value_ppm,Rb_err_ppm,Re_value_ppm,Re_err_ppm,Rh_value_ppm,Rh_err_ppm,Ru_value_ppm,Ru_err_ppm,S_value_ppm,S_err_ppm,Sb_value_ppm,Sb_err_ppm,Si_value_ppm,Si_err_ppm,Sn_value_ppm,Sn_err_ppm,Sr_value_ppm,Sr_err_ppm,Ta_value_ppm,Ta_err_ppm,Te_value_ppm,Te_err_ppm,Th_value_ppm,Th_err_ppm,Ti_value_ppm,Ti_err_ppm,U_value_ppm,U_err_ppm,V_value_ppm,V_err_ppm,Y_value_ppm,Y_err_ppm,Zn_value_ppm,Zn_err_ppm,Zr_value_ppm,Zr_err_ppm
1590,powder,25,3.5,80640,650,14,2.5,560,40,NA,NA,NA,NA,55340,290,NA,NA,NA,NA,NA,NA,NA,NA,73,12.9,NA,NA,135,3,85610,190,50,2.1,NA,NA,NA,NA,NA,NA,NA,NA,70710,640,NA,NA,15420,1660,1980,20,NA,NA,NA,NA,30,2.6,54,3.1,437260,890,NA,NA,1630,60,306,7.2,NA,NA,237,2.9,NA,NA,NA,NA,NA,NA,2610,30,NA,NA,233710,610,46,6.8,580,0,NA,NA,73,14.1,51,4.6,11580,90,NA,NA,227,36.5,56,3,660,10,336,3.6
1601,powder,NA,NA,14960,1020,33,3.8,NA,NA,NA,NA,NA,NA,286750,1390,NA,NA,NA,NA,NA,NA,NA,NA,NA,NA,NA,NA,250,6.2,54370,270,34,3,NA,NA,NA,NA,NA,NA,NA,NA,121680,1010,NA,NA,30670,3890,6090,60,19,4.1,NA,NA,NA,NA,53,4.6,350070,1540,NA,NA,8820,160,181,11.7,NA,NA,115,4.4,NA,NA,NA,NA,NA,NA,3630,50,NA,NA,112740,710,NA,NA,2120,10,NA,NA,NA,NA,NA,NA,6330,130,NA,NA,NA,NA,27,4.4,1000,10,55,6.1
1606,pellet,NA,NA,34320,510,NA,NA,2650,50,30,3.7,640,0,110750,420,NA,NA,NA,NA,4660,30,62,11.5,100,12.5,NA,NA,630,10,12070,40,42,2.3,NA,NA,NA,NA,NA,NA,NA,NA,14460,520,NA,NA,18090,1710,358,11.5,NA,NA,NA,NA,14,2.7,37,2.4,465550,940,NA,NA,NA,NA,108,5.8,NA,NA,143,3,NA,NA,19,3.6,NA,NA,6310,50,38,9.1,310790,720,54,8.1,361,2.8,NA,NA,69,17.2,NA,NA,4630,80,NA,NA,NA,NA,16,3,12810,30,195,3.4
1606,powder,NA,NA,72260,1020,NA,NA,326,27.6,NA,NA,19,2.2,188140,830,NA,NA,NA,NA,7670,50,NA,NA,88,14.4,NA,NA,230,4.8,6960,50,33,2.5,NA,NA,NA,NA,NA,NA,NA,NA,6270,430,NA,NA,18720,2990,288,13.7,NA,NA,NA,NA,13,2.3,20,2.9,441940,1510,NA,NA,4940,40,85,6.6,NA,NA,20,2.4,NA,NA,NA,NA,NA,NA,1220,30,NA,NA,238520,1000,NA,NA,307,3.1,NA,NA,NA,NA,36,4.6,6340,110,NA,NA,NA,NA,20,2.6,5390,30,154,3.2
1620,pellet,NA,NA,40790,480,18,2.2,750,50,NA,NA,NA,NA,32160,240,NA,NA,NA,NA,NA,NA,NA,NA,70,12.1,NA,NA,103,2.6,54560,120,39,1.9,NA,NA,NA,NA,NA,NA,NA,NA,54780,700,NA,NA,9680,1270,1340,20,NA,NA,NA,NA,29,2.8,38,2.8,469960,790,NA,NA,980,40,178,6.7,NA,NA,198,2.8,NA,NA,NA,NA,NA,NA,1480,20,NA,NA,325650,630,NA,NA,477,3,NA,NA,NA,NA,NA,NA,5830,70,NA,NA,135,31.9,63,3.1,391,3.8,307,3.5
1620,powder,NA,NA,81780,970,37,5.9,NA,NA,NA,NA,NA,NA,61610,750,NA,NA,NA,NA,NA,NA,NA,NA,NA,NA,NA,NA,165,8.4,85540,360,54,5.4,NA,NA,NA,NA,NA,NA,NA,NA,74640,1620,NA,NA,16400,2410,2130,50,NA,NA,NA,NA,21,6.1,60,7.8,434020,1460,NA,NA,1650,90,151,18.7,NA,NA,201,7.2,NA,NA,NA,NA,NA,NA,2750,40,NA,NA,227570,940,NA,NA,442,7.4,NA,NA,NA,NA,NA,NA,9930,210,NA,NA,NA,NA,51,7.2,530,10,264,8.3
1639,pellet,NA,NA,47580,470,12,2,910,40,NA,NA,NA,NA,32050,230,NA,NA,NA,NA,NA,NA,NA,NA,72,11.1,NA,NA,74,2.1,39800,90,30,1.6,NA,NA,NA,NA,NA,NA,NA,NA,55860,670,NA,NA,7620,1170,860,10,NA,NA,NA,NA,15,2.3,38,2.3,474250,750,NA,NA,1390,40,242,5.7,NA,NA,132,2.3,NA,NA,NA,NA,NA,NA,2290,20,NA,NA,329620,610,34,6.9,600,0,NA,NA,NA,NA,NA,NA,5290,70,NA,NA,175,29.4,41,2.5,580,0,428,3.3
1639,powder,NA,NA,74240,850,17,3.3,1070,50,NA,NA,NA,NA,51970,400,NA,NA,NA,NA,NA,NA,NA,NA,NA,NA,NA,NA,110,3.5,54930,180,38,2.5,NA,NA,NA,NA,53,9.6,NA,NA,72040,940,NA,NA,15620,2100,1350,20,NA,NA,NA,NA,14,3.3,49,3.5,449630,1200,NA,NA,1490,80,312,9.1,NA,NA,178,3.5,NA,NA,NA,NA,NA,NA,4950,50,NA,NA,261010,870,55,9.3,710,0,NA,NA,NA,NA,NA,NA,9000,120,NA,NA,NA,NA,60,3.7,750,10,358,4.7
1642,pellet,NA,NA,31950,510,NA,NA,1620,50,NA,NA,NA,NA,102700,410,NA,NA,NA,NA,3370,20,NA,NA,99,14.5,203,32.7,239,3.7,38200,100,29,2.4,NA,NA,NA,NA,NA,NA,NA,NA,70680,670,NA,NA,17710,1660,1440,20,NA,NA,NA,NA,21,2.8,61,3,438280,880,NA,NA,2050,70,1930,10,NA,NA,14,2.8,NA,NA,NA,NA,NA,NA,4990,40,NA,NA,269400,650,58,8.5,830,0,NA,NA,NA,NA,NA,NA,15640,120,NA,NA,289,47.8,43,3.1,3690,10,326,3.8
GPS03,pellet,NA,NA,42190,510,18,2.4,NA,NA,NA,NA,NA,NA,85070,360,NA,NA,NA,NA,NA,NA,NA,NA,NA,NA,NA,NA,156,3.2,63490,140,42,2,5,1.6,NA,NA,NA,NA,NA,NA,50800,630,NA,NA,15290,1500,2520,20,25,3.3,NA,NA,19,3,60,3.2,448390,830,NA,NA,2440,60,220,7.2,NA,NA,183,3,NA,NA,NA,NA,NA,NA,1690,20,NA,NA,278210,620,37,8.8,1150,0,NA,NA,NA,NA,NA,NA,6260,80,NA,NA,235,33.4,54,3.3,590,0,253,4
GPS03,powder,NA,NA,61390,990,NA,NA,NA,NA,NA,NA,NA,NA,156530,1110,NA,NA,NA,NA,NA,NA,NA,NA,NA,NA,NA,NA,272,10.7,94920,450,61,6,NA,NA,NA,NA,NA,NA,NA,NA,66160,1400,NA,NA,24040,3130,4110,80,56,8.3,NA,NA,32,7.6,80,9.6,401300,1570,NA,NA,3600,120,401,20.7,NA,NA,248,8.4,NA,NA,NA,NA,NA,NA,3090,40,NA,NA,171230,870,NA,NA,1540,10,NA,NA,NA,NA,87,13.1,9260,230,NA,NA,330,100,71,8.8,880,20,330,11.3
GPS05,powder,NA,NA,16870,1000,34,6.3,NA,NA,NA,NA,NA,NA,289580,1730,NA,NA,NA,NA,NA,NA,NA,NA,NA,NA,NA,NA,238,9.9,48570,310,32,4.9,NA,NA,NA,NA,NA,NA,NA,NA,133930,1710,NA,NA,23260,3940,6180,100,NA,NA,NA,NA,NA,NA,48,7.8,347650,1690,NA,NA,9060,160,194,19.2,NA,NA,87,6.8,NA,NA,NA,NA,NA,NA,3640,50,NA,NA,112770,750,NA,NA,1820,10,NA,NA,NA,NA,NA,NA,5440,210,NA,NA,NA,NA,NA,NA,560,10,NA,NA
GPS09,pellet,NA,NA,45710,490,10,2.3,650,50,NA,NA,NA,NA,48680,280,NA,NA,NA,NA,NA,NA,NA,NA,NA,NA,NA,NA,88,2.5,55940,120,36,1.8,NA,NA,NA,NA,NA,NA,NA,NA,59400,690,NA,NA,13890,1330,1660,20,NA,NA,NA,NA,25,2.7,40,2.7,459970,790,NA,NA,1330,50,240,6.5,NA,NA,196,2.8,NA,NA,NA,NA,NA,NA,1510,20,52,9,302570,620,58,8.1,680,0,NA,NA,95,17.3,NA,NA,6260,70,NA,NA,149,31.3,57,3,347,3.5,360,3.6
GPS09,powder,NA,NA,66720,980,NA,NA,NA,NA,NA,NA,NA,NA,97580,940,NA,NA,NA,NA,NA,NA,NA,NA,NA,NA,NA,NA,147,8.4,99520,450,56,6.1,NA,NA,NA,NA,NA,NA,NA,NA,91360,1670,NA,NA,16670,2840,2530,60,NA,NA,NA,NA,40,7.1,55,8.5,410740,1550,NA,NA,3460,110,389,21,NA,NA,266,8.4,NA,NA,NA,NA,NA,NA,2910,40,NA,NA,194550,920,NA,NA,790,10,NA,NA,NA,NA,NA,NA,11170,240,NA,NA,NA,NA,73,8.5,700,10,266,10
JPL06,pellet,NA,NA,23110,520,13,2.4,740,50,NA,NA,NA,NA,154050,530,NA,NA,NA,NA,NA,NA,NA,NA,NA,NA,NA,NA,154,3.4,42040,120,27,2,NA,NA,NA,NA,NA,NA,NA,NA,75270,700,NA,NA,18460,1870,3440,30,NA,NA,NA,NA,20,3.2,39,3,422650,940,NA,NA,4420,80,168,7.3,NA,NA,137,3.1,NA,NA,NA,NA,NA,NA,2360,30,NA,NA,245700,650,NA,NA,1970,10,NA,NA,NA,NA,NA,NA,4290,80,NA,NA,245,36,40,3.5,430,4.3,213,4.5
JPL06,powder,NA,NA,25020,980,24,4.1,401,61.2,NA,NA,NA,NA,248110,1220,NA,NA,NA,NA,NA,NA,NA,NA,NA,NA,NA,NA,204,5.8,69980,330,38,3.2,NA,NA,NA,NA,62,10.3,NA,NA,105470,980,NA,NA,24910,3840,4640,50,23,4.4,NA,NA,20,4.1,64,4.7,365320,1580,NA,NA,7070,150,225,12.2,NA,NA,165,4.7,NA,NA,NA,NA,NA,NA,3610,50,NA,NA,133640,790,NA,NA,1700,10,NA,NA,NA,NA,NA,NA,8210,140,NA,NA,327,61.7,34,4.7,560,10,111,6.1
JPL07,pellet,NA,NA,38690,540,13,2.8,940,50,NA,NA,NA,NA,89770,400,NA,NA,NA,NA,NA,NA,NA,NA,78,14.5,NA,NA,218,3.8,52620,130,40,2.2,NA,NA,NA,NA,NA,NA,NA,NA,64790,720,NA,NA,11010,1610,2510,20,NA,NA,NA,NA,23,3.2,91,3.5,444860,890,NA,NA,1970,60,351,8.1,NA,NA,199,3.2,NA,NA,NA,NA,NA,NA,2930,30,NA,NA,277840,660,79,9.7,1120,0,NA,NA,NA,NA,NA,NA,8140,90,NA,NA,233,39.7,68,3.6,1100,10,329,4.3
JPL07,powder,NA,NA,53810,1040,35,4.7,NA,NA,NA,NA,NA,NA,167010,870,NA,NA,NA,NA,1980,30,NA,NA,NA,NA,NA,NA,246,6.2,80450,340,43,3.5,NA,NA,NA,NA,NA,NA,NA,NA,95040,980,NA,NA,22530,3380,4530,50,NA,NA,NA,NA,13,3.7,70,5.3,389240,1520,NA,NA,4040,120,430,18.6,NA,NA,171,4.4,NA,NA,NA,NA,NA,NA,4160,50,NA,NA,159250,830,50,8.5,880,10,NA,NA,NA,NA,NA,NA,13880,170,NA,NA,333,68.3,47,4.4,1640,10,113,5.2
JPL09,pellet,NA,NA,42150,510,22,2.3,750,50,NA,NA,NA,NA,50850,300,NA,NA,NA,NA,NA,NA,NA,NA,NA,NA,NA,NA,106,2.7,57260,130,47,2,NA,NA,NA,NA,NA,NA,NA,NA,58860,700,NA,NA,10170,1410,1620,20,NA,NA,NA,NA,22,2.9,40,2.9,460280,830,NA,NA,1360,60,199,7,NA,NA,199,2.9,NA,NA,NA,NA,NA,NA,1580,20,NA,NA,306600,660,43,8.7,710,0,NA,NA,94,18.3,NA,NA,6040,80,NA,NA,171,33.2,60,3.2,440,4.1,348,3.9
JPL09,powder,NA,NA,67130,1000,32,8,NA,NA,NA,NA,NA,NA,100820,960,NA,NA,NA,NA,NA,NA,NA,NA,NA,NA,NA,NA,186,9.7,96800,450,62,5.9,NA,NA,NA,NA,NA,NA,NA,NA,85490,1720,NA,NA,18660,2940,2860,70,NA,NA,NA,NA,32,7.9,52,9.4,412430,1600,NA,NA,3150,100,431,22.8,NA,NA,294,8.9,NA,NA,NA,NA,NA,NA,3180,40,NA,NA,195710,940,NA,NA,1000,10,NA,NA,NA,NA,NA,NA,10270,240,NA,NA,NA,NA,89,9.1,830,20,481,11.6
JPL11,pellet,NA,NA,42290,530,13,2.5,820,50,NA,NA,NA,NA,79200,360,NA,NA,NA,NA,NA,NA,NA,NA,NA,NA,NA,NA,173,3.3,57150,130,37,2.1,NA,NA,NA,NA,NA,NA,NA,NA,63340,670,NA,NA,12200,1520,1930,20,NA,NA,NA,NA,23,2.9,40,2.8,447230,850,NA,NA,1640,60,259,7.2,NA,NA,174,2.9,NA,NA,NA,NA,NA,NA,2410,20,52,9.9,280350,640,61,8.9,1030,0,NA,NA,NA,NA,NA,NA,7750,80,NA,NA,193,36,43,3.2,1280,10,319,3.9
JPL11,powder,41,10.8,56790,990,NA,NA,NA,NA,NA,NA,NA,NA,148190,1140,NA,NA,NA,NA,NA,NA,NA,NA,NA,NA,NA,NA,234,10.4,88270,430,55,6.4,NA,NA,NA,NA,NA,NA,NA,NA,90770,1640,NA,NA,16130,3180,3010,70,NA,NA,NA,NA,27,7.6,77,9.2,397510,1620,NA,NA,3200,120,384,21.2,NA,NA,227,8.6,NA,NA,NA,NA,NA,NA,4070,50,NA,NA,175220,900,NA,NA,1330,10,NA,NA,NA,NA,NA,NA,12050,260,NA,NA,NA,NA,54,8.8,1880,20,479,11.7
JPL15,pellet,NA,NA,38080,520,NA,NA,900,50,NA,NA,NA,NA,109520,420,NA,NA,NA,NA,NA,NA,NA,NA,NA,NA,NA,NA,134,2.9,46320,120,32,1.8,NA,NA,NA,NA,NA,NA,NA,NA,60100,650,NA,NA,13120,1660,2450,20,NA,NA,NA,NA,17,2.7,40,2.8,442050,890,NA,NA,2170,60,258,6.6,NA,NA,136,2.7,NA,NA,20,3.6,NA,NA,2020,20,NA,NA,272630,650,45,8.2,1390,0,NA,NA,NA,NA,NA,NA,7450,80,NA,NA,NA,NA,44,2.9,870,10,219,3.8
JPL15,powder,NA,NA,49080,1030,14,4.2,1090,70,NA,NA,NA,NA,199010,980,NA,NA,NA,NA,NA,NA,NA,NA,NA,NA,NA,NA,239,5.9,72950,320,48,3.3,NA,NA,NA,NA,NA,NA,NA,NA,89970,940,NA,NA,19890,3510,4180,50,NA,NA,NA,NA,31,4.2,60,4.6,385340,1540,NA,NA,3850,130,357,12.1,NA,NA,183,4.6,NA,NA,NA,NA,NA,NA,3730,50,NA,NA,157200,830,NA,NA,1900,10,NA,NA,NA,NA,NA,NA,8940,140,NA,NA,341,62.7,50,4.9,1270,10,271,6.5
JPL18,pellet,NA,NA,39120,490,20,2.2,770,50,NA,NA,NA,NA,59270,310,NA,NA,NA,NA,NA,NA,NA,NA,NA,NA,NA,NA,100,2.6,59790,130,37,1.9,NA,NA,NA,NA,NA,NA,NA,NA,51270,650,NA,NA,11250,1410,1720,20,NA,NA,NA,NA,22,2.7,32,2.7,459070,820,NA,NA,1470,60,167,6.6,NA,NA,145,2.7,NA,NA,NA,NA,NA,NA,2000,20,NA,NA,302080,630,41,8.2,850,0,NA,NA,80,17.6,NA,NA,9030,90,NA,NA,238,36.3,41,3,1120,10,260,3.6
JPL18,powder,NA,NA,58720,1010,33,4.2,620,50,NA,NA,NA,NA,117790,670,NA,NA,NA,NA,1650,20,NA,NA,NA,NA,NA,NA,176,5.3,103710,410,58,3.4,NA,NA,NA,NA,NA,NA,NA,NA,89060,960,NA,NA,23140,3150,3630,40,NA,NA,NA,NA,14,4,NA,NA,399710,1460,NA,NA,2790,110,308,12.6,NA,NA,205,4.6,NA,NA,NA,NA,NA,NA,3480,40,NA,NA,174270,840,NA,NA,930,10,NA,NA,NA,NA,NA,NA,17940,180,NA,NA,280,69.1,41,4.6,1250,10,192,5.6
JPL25,pellet,22,4.2,36980,500,7,2.1,NA,NA,NA,NA,NA,NA,86310,360,NA,NA,NA,NA,NA,NA,NA,NA,72,13.1,NA,NA,117,2.8,56720,130,38,1.8,NA,NA,NA,NA,NA,NA,NA,NA,63020,660,NA,NA,16660,1520,1970,20,NA,NA,NA,NA,21,2.7,46,2.8,445340,840,NA,NA,2160,60,169,6.2,NA,NA,163,2.7,NA,NA,NA,NA,NA,NA,1750,20,NA,NA,279300,620,34,8.6,1140,0,NA,NA,45,6.4,36,4.6,6270,80,NA,NA,191,32.9,44,2.9,401,4,230,3.7
JPL25,powder,NA,NA,44620,990,15,3.7,620,60,NA,NA,NA,NA,172450,870,NA,NA,NA,NA,NA,NA,NA,NA,NA,NA,NA,NA,179,5.3,89750,370,48,3.2,NA,NA,NA,NA,NA,NA,NA,NA,95950,960,NA,NA,21310,3370,3410,40,NA,NA,NA,NA,31,4.2,59,5.1,387060,1490,NA,NA,5720,130,196,11.1,NA,NA,209,4.7,NA,NA,NA,NA,NA,NA,3080,40,56,12,161370,830,NA,NA,1470,10,NA,NA,NA,NA,NA,NA,11280,150,NA,NA,281,62.7,53,4.8,570,10,210,6.2
JPL28,pellet,NA,NA,33060,530,9,2.5,710,50,NA,NA,NA,NA,124590,460,NA,NA,NA,NA,NA,NA,NA,NA,NA,NA,NA,NA,178,3.5,55840,140,36,2,NA,NA,NA,NA,NA,NA,NA,NA,74720,690,NA,NA,16350,1790,2770,30,NA,NA,NA,NA,NA,NA,54,3.2,427660,920,NA,NA,3610,70,241,7.3,NA,NA,155,3.1,NA,NA,NA,NA,NA,NA,2150,30,NA,NA,249730,650,NA,NA,1720,10,NA,NA,NA,NA,NA,NA,5240,80,NA,NA,219,35.7,37,3.4,499,4.6,416,4.7
JPL28,powder,NA,NA,33120,800,16,4.9,740,70,NA,NA,NA,NA,218520,890,NA,NA,NA,NA,NA,NA,NA,NA,NA,NA,265,47.1,322,7.4,99470,340,54,4,NA,NA,NA,NA,NA,NA,NA,NA,107420,970,NA,NA,18160,2420,5140,60,36,5.5,NA,NA,NA,NA,105,6.1,363820,1090,NA,NA,5310,130,347,14.3,NA,NA,234,5.7,NA,NA,NA,NA,NA,NA,3270,50,NA,NA,129420,630,NA,NA,2300,10,NA,NA,NA,NA,NA,NA,10310,160,NA,NA,364,69.3,46,5.9,930,10,284,7.9
JPL29,pellet,NA,NA,31790,540,NA,NA,730,50,NA,NA,NA,NA,119800,460,NA,NA,NA,NA,NA,NA,NA,NA,NA,NA,NA,NA,188,3.7,63120,160,38,2.2,NA,NA,NA,NA,NA,NA,NA,NA,63990,690,NA,NA,14520,1800,3110,30,NA,NA,NA,NA,22,3.4,62,3.5,431890,930,NA,NA,2770,70,261,7.8,NA,NA,165,3.3,NA,NA,NA,NA,NA,NA,2300,30,NA,NA,256410,660,42,10,1620,10,NA,NA,NA,NA,34,5.7,6250,90,NA,NA,218,37.7,56,3.7,402,4.3,218,4.6
JPL29,powder,NA,NA,36460,1040,28,7.9,NA,NA,NA,NA,NA,NA,227600,1450,NA,NA,NA,NA,NA,NA,NA,NA,NA,NA,NA,NA,269,11.5,88040,480,56,6.2,NA,NA,NA,NA,NA,NA,NA,NA,93430,1550,NA,NA,17830,3680,5330,100,NA,NA,NA,NA,NA,NA,82,10.2,371530,1680,NA,NA,5340,140,286,23.5,NA,NA,190,8.9,NA,NA,NA,NA,NA,NA,3270,50,NA,NA,138690,820,NA,NA,1920,20,NA,NA,NA,NA,NA,NA,8860,250,NA,NA,NA,NA,41,9.3,610,10,160,11.9
JPL33,pellet,NA,NA,39740,510,20,2.5,630,50,NA,NA,NA,NA,62250,320,NA,NA,NA,NA,NA,NA,NA,NA,100,13.6,NA,NA,194,3.6,70810,160,45,2.1,NA,NA,100,23.2,NA,NA,NA,NA,49210,660,NA,NA,11000,1500,1840,20,NA,NA,NA,NA,22,3.2,77,3.4,455380,850,NA,NA,1290,50,183,7.4,NA,NA,180,3.2,NA,NA,NA,NA,NA,NA,2280,20,NA,NA,293720,650,63,9.5,830,0,NA,NA,NA,NA,NA,NA,8540,90,NA,NA,212,36.2,62,3.4,950,10,271,4.1
JPL33,powder,NA,NA,64790,1020,29,7.6,NA,NA,NA,NA,NA,NA,113260,970,NA,NA,NA,NA,NA,NA,NA,NA,NA,NA,NA,NA,284,11.4,113710,500,73,6.5,NA,NA,NA,NA,NA,NA,NA,NA,71130,1530,NA,NA,22650,2900,3080,70,NA,NA,NA,NA,37,8.2,115,10.4,406810,1530,NA,NA,3280,110,264,23.1,NA,NA,255,9.1,NA,NA,NA,NA,NA,NA,4450,50,NA,NA,176600,870,NA,NA,1060,10,NA,NA,NA,NA,NA,NA,16180,280,NA,NA,NA,NA,78,9.6,1510,20,355,11.5
JPL40,pellet,NA,NA,28900,520,16,2.8,710,50,NA,NA,NA,NA,114630,450,NA,NA,NA,NA,NA,NA,NA,NA,96,14.7,NA,NA,264,4.2,63030,160,37,2.2,NA,NA,NA,NA,NA,NA,NA,NA,72320,710,NA,NA,17840,1780,2410,20,NA,NA,NA,NA,NA,NA,70,3.6,429800,920,NA,NA,3150,70,262,8.1,NA,NA,182,3.4,NA,NA,20,4.4,NA,NA,2250,30,NA,NA,255180,660,42,10,1360,10,NA,NA,99,21.1,NA,NA,6180,80,NA,NA,241,36.8,39,3.7,630,10,242,4.6
JPL40,powder,NA,NA,43330,1020,28,7.7,NA,NA,NA,NA,NA,NA,199720,1350,NA,NA,NA,NA,NA,NA,NA,NA,NA,NA,NA,NA,436,13.5,85920,455,57,6,NA,NA,NA,NA,NA,NA,NA,NA,98260,1590,NA,NA,28820,3490,3990,80,NA,NA,NA,NA,NA,NA,102,10.3,376720,1650,NA,NA,5570,130,317,22.6,NA,NA,189,8.6,NA,NA,NA,NA,NA,NA,3930,50,NA,NA,140090,810,NA,NA,1450,10,NA,NA,NA,NA,NA,NA,10030,250,NA,NA,NA,NA,46,8.8,920,20,62,10.7
JPL43,pellet,NA,NA,33360,480,9,2.2,520,50,NA,NA,NA,NA,54520,300,NA,NA,NA,NA,NA,NA,NA,NA,NA,NA,180,34.1,448,4.9,59260,130,33,1.9,NA,NA,82,21.2,NA,NA,NA,NA,60530,690,NA,NA,10570,1450,1490,20,NA,NA,NA,NA,23,2.9,46,3,458610,840,NA,NA,1640,50,164,6.8,NA,NA,143,2.9,NA,NA,NA,NA,NA,NA,1820,20,47,9.8,308990,660,55,8.7,760,0,NA,NA,NA,NA,NA,NA,5740,70,NA,NA,159,32.5,42,3.2,419,4.1,337,3.9
JPL43,powder,NA,NA,48670,860,NA,NA,NA,NA,NA,NA,NA,NA,94950,890,NA,NA,NA,NA,NA,NA,NA,NA,NA,NA,NA,NA,59,0.001,84590,370,44,4.9,NA,NA,NA,NA,NA,NA,NA,NA,83560,1620,NA,NA,22680,2630,2280,60,NA,NA,NA,NA,39,6.2,69,7.7,421280,1490,NA,NA,3230,100,232,16.6,NA,NA,159,6.8,NA,NA,NA,NA,NA,NA,2980,40,NA,NA,223770,960,NA,NA,810,10,NA,NA,NA,NA,NA,NA,8900,210,NA,NA,290,88,49,7.2,58,0.001,246,8.8
JPL48,pellet,NA,NA,41020,530,21,2.3,670,50,NA,NA,NA,NA,82020,360,NA,NA,NA,NA,NA,NA,NA,NA,107,13.6,NA,NA,166,3.3,63820,150,42,2,NA,NA,NA,NA,NA,NA,NA,NA,65410,680,NA,NA,16930,1570,1980,20,NA,NA,NA,NA,21,3,58,3.2,442450,860,NA,NA,2510,70,169,7,NA,NA,165,3,NA,NA,NA,NA,NA,NA,1640,20,NA,NA,270850,630,280,34.8,1150,0,NA,NA,NA,NA,NA,NA,7380,80,NA,NA,194,35.1,46,3.2,472,4.3,371,4.2
JPL48,powder,NA,NA,50510,1010,30,6.2,NA,NA,NA,NA,NA,NA,163780,1220,NA,NA,NA,NA,NA,NA,NA,NA,NA,NA,NA,NA,242,10.1,89310,450,51,5.5,NA,NA,NA,NA,NA,NA,NA,NA,105460,1740,NA,NA,19640,3260,3210,70,NA,NA,NA,NA,NA,NA,49,8.9,385410,1630,NA,NA,5130,130,186,18.8,NA,NA,162,7.4,NA,NA,NA,NA,NA,NA,2960,40,NA,NA,159300,870,NA,NA,1220,10,NA,NA,NA,NA,NA,NA,10690,250,NA,NA,NA,NA,41,7.7,640,10,337,10
JPL50,pellet,NA,NA,34040,620,NA,NA,780,50,NA,NA,NA,NA,96000,410,NA,NA,NA,NA,NA,NA,NA,NA,NA,NA,NA,NA,141,3.1,54670,140,36,2,NA,NA,98,22.7,NA,NA,NA,NA,65160,700,NA,NA,11880,1890,2870,30,NA,NA,NA,NA,19,3.1,45,3,442840,810,NA,NA,2050,70,221,7.1,NA,NA,137,3,48,7.2,NA,NA,NA,NA,2410,80,NA,NA,277890,670,46,9.3,1370,10,NA,NA,NA,NA,NA,NA,6270,80,NA,NA,235,36.5,43,3.4,510,0,269,4.2
JPL50,powder,NA,NA,47320,970,22,6.7,NA,NA,NA,NA,NA,NA,169990,1190,NA,NA,NA,NA,NA,NA,NA,NA,NA,NA,NA,NA,255,10.4,81660,410,51,5.6,NA,NA,NA,NA,NA,NA,NA,NA,91990,1590,NA,NA,23460,3210,4800,90,NA,NA,NA,NA,33,7.3,76,8.5,391860,1600,NA,NA,4300,120,242,19.9,NA,NA,204,8,NA,NA,NA,NA,NA,NA,3860,50,NA,NA,168340,880,NA,NA,1610,10,NA,NA,NA,NA,NA,NA,8810,240,NA,NA,NA,NA,34,8.4,940,20,142,10.5
JPL51,pellet,NA,NA,43250,490,80,2.6,770,40,NA,NA,NA,NA,60550,320,NA,NA,NA,NA,NA,NA,NA,NA,NA,NA,NA,NA,101,2.6,47080,110,129,2.4,NA,NA,NA,NA,NA,NA,NA,NA,56950,680,NA,NA,10400,1390,1750,20,NA,NA,NA,NA,15,2.8,35,2.6,461130,820,NA,NA,2300,60,265,8.1,NA,NA,132,2.7,NA,NA,NA,NA,NA,NA,2170,20,NA,NA,305660,630,37,8.1,980,0,NA,NA,102,17.4,NA,NA,5180,70,NA,NA,185,32.4,39,3,435,3.9,263,3.7
JPL51,powder,NA,NA,62920,990,28,6.9,NA,NA,NA,NA,NA,NA,126840,1090,NA,NA,NA,NA,NA,NA,NA,NA,NA,NA,NA,NA,123,7.8,73710,370,58,5.4,NA,NA,NA,NA,NA,NA,NA,NA,90130,1750,NA,NA,17310,3000,3270,70,NA,NA,NA,NA,NA,NA,47,7.3,410270,1630,NA,NA,3550,110,342,20.1,NA,NA,188,7.6,NA,NA,NA,NA,NA,NA,3640,50,NA,NA,196270,960,NA,NA,1230,10,NA,NA,NA,NA,NA,NA,8840,230,NA,NA,NA,NA,41,7.8,700,10,510,10
JPL52,pellet,NA,NA,35040,510,8,2.3,690,50,NA,NA,NA,NA,94220,400,NA,NA,NA,NA,NA,NA,NA,NA,NA,NA,NA,NA,117,3,55140,130,36,2,8,1.7,NA,NA,NA,NA,NA,NA,58700,670,NA,NA,14450,1610,2490,20,NA,NA,NA,NA,23,3,37,2.9,445680,880,NA,NA,2360,70,145,6.8,NA,NA,134,3,NA,NA,NA,NA,NA,NA,2010,20,NA,NA,280340,650,NA,NA,1330,0,NA,NA,NA,NA,NA,NA,5900,80,NA,NA,163,35,46,3.3,560,0,393,4.4
JPL52,powder,NA,NA,47230,1060,222,9.8,NA,NA,NA,NA,NA,NA,191650,1350,NA,NA,NA,NA,NA,NA,NA,NA,NA,NA,NA,NA,222,11,93930,500,59,6.9,NA,NA,NA,NA,NA,NA,NA,NA,86090,1640,NA,NA,24300,3550,4750,90,NA,NA,NA,NA,NA,NA,70,9.4,381920,1700,NA,NA,4680,120,274,23.2,NA,NA,198,0.002,NA,NA,NA,NA,NA,NA,3550,50,NA,NA,146660,860,NA,NA,NA,NA,NA,NA,NA,NA,NA,NA,10940,270,NA,NA,NA,NA,50,10.3,1020,20,433,13.9
JPL58,pellet,NA,NA,36220,500,NA,NA,960,50,NA,NA,NA,NA,87660,380,NA,NA,NA,NA,NA,NA,NA,NA,NA,NA,NA,NA,152,3.1,46970,110,33,2.1,NA,NA,NA,NA,NA,NA,NA,NA,60950,670,NA,NA,10650,1530,1980,20,11,3.1,NA,NA,25,2.8,44,2.7,449140,850,NA,NA,1810,50,53,0.001,NA,NA,178,2.9,NA,NA,NA,NA,NA,NA,2480,20,NA,NA,288210,640,NA,NA,1000,0,NA,NA,NA,NA,NA,NA,8000,90,NA,NA,261,36.9,52,3.1,2360,10,315,3.9
JPL58,powder,NA,NA,62110,950,17,4.1,1090,60,NA,NA,NA,NA,135710,690,NA,NA,NA,NA,NA,NA,NA,NA,NA,NA,NA,NA,223,5.4,70390,270,54,3.2,NA,NA,NA,NA,NA,NA,NA,NA,83430,910,NA,NA,20650,2840,2860,40,NA,NA,NA,NA,33,3.9,54,4.4,407090,1360,NA,NA,2780,110,401,11.4,NA,NA,231,4.3,NA,NA,NA,NA,NA,NA,4290,50,NA,NA,184160,820,NA,NA,1130,10,NA,NA,115,21.9,NA,NA,21280,190,NA,NA,NA,NA,53,4.4,1510,10,331,5.7
JPL59,pellet,NA,NA,44500,520,13,2.5,800,50,NA,NA,NA,NA,63220,330,NA,NA,NA,NA,NA,NA,NA,NA,NA,NA,NA,NA,147,3,49080,110,34,1.9,NA,NA,NA,NA,29,8.9,NA,NA,63240,710,NA,NA,9180,1460,1810,20,NA,NA,NA,NA,23,2.9,48,2.8,456360,840,NA,NA,1940,60,285,7.2,NA,NA,203,2.9,NA,NA,NA,NA,NA,NA,2150,20,NA,NA,297530,650,NA,NA,780,0,NA,NA,NA,NA,NA,NA,7290,80,NA,NA,206,35.5,59,3.2,770,10,290,3.7
JPL59,powder,NA,NA,62990,950,25,4.2,790,60,NA,NA,NA,NA,115580,640,NA,NA,NA,NA,NA,NA,NA,NA,NA,NA,NA,NA,216,5.6,77880,290,62,3.2,NA,NA,139,27.5,NA,NA,NA,NA,85200,970,NA,NA,22040,2820,3030,40,38,4.5,NA,NA,38,4.1,59,4.7,412310,1380,NA,NA,3290,110,426,12,NA,NA,273,4.6,NA,NA,NA,NA,NA,NA,3810,40,NA,NA,196140,850,NA,NA,970,10,NA,NA,NA,NA,62,7.2,12870,150,NA,NA,NA,NA,68,4.7,1210,10,451,6.2
JPL61,pellet,NA,NA,43840,490,46,2.5,690,50,NA,NA,NA,NA,48450,280,NA,NA,NA,NA,NA,NA,NA,NA,77,12.8,NA,NA,138,2.9,58530,130,45,1.9,7,1.5,NA,NA,NA,NA,NA,NA,56070,680,NA,NA,9740,1360,1670,20,NA,NA,NA,NA,30,2.8,49,2.9,461630,800,NA,NA,1320,50,272,7.6,NA,NA,207,2.9,NA,NA,NA,NA,NA,NA,1720,20,NA,NA,306960,630,NA,NA,620,0,NA,NA,116,17.9,NA,NA,6840,80,NA,NA,109,32.9,80,3.1,493,4.3,274,3.6
JPL61,powder,NA,NA,70520,970,NA,NA,NA,NA,NA,NA,NA,NA,97390,930,NA,NA,NA,NA,NA,NA,NA,NA,NA,NA,NA,NA,167,9.3,93130,410,65,6,NA,NA,NA,NA,NA,NA,NA,NA,80650,1700,NA,NA,20370,2650,2990,60,NA,NA,NA,NA,45,7.4,59,9.3,415920,1520,NA,NA,2520,100,440,20.8,NA,NA,281,8.3,NA,NA,44,9.5,NA,NA,3130,40,NA,NA,198740,910,NA,NA,840,10,NA,NA,NA,NA,84,13.4,11330,240,NA,NA,NA,NA,93,8.6,830,10,365,10.4
JPL63,pellet,NA,NA,41540,520,11,2.7,830,50,NA,NA,NA,NA,75550,360,NA,NA,NA,NA,NA,NA,NA,NA,NA,NA,NA,NA,138,3.1,57080,130,39,2.1,NA,NA,NA,NA,NA,NA,NA,NA,66250,710,NA,NA,12660,1520,2160,20,NA,NA,NA,NA,24,3,46,3,447600,860,NA,NA,1710,60,321,7.6,NA,NA,211,3.1,NA,NA,NA,NA,NA,NA,2470,30,NA,NA,282060,640,39,9.1,960,0,NA,NA,NA,NA,NA,NA,7000,80,NA,NA,201,36,63,3.3,720,10,322,4.1
JPL63,powder,NA,NA,58340,1010,40,8,NA,NA,NA,NA,NA,NA,144240,1110,NA,NA,NA,NA,NA,NA,NA,NA,NA,NA,NA,NA,235,10.3,81920,400,60,6.2,NA,NA,NA,NA,NA,NA,NA,NA,93930,1660,NA,NA,24960,3020,4020,80,NA,NA,NA,NA,29,7.6,51,8.6,397850,1580,NA,NA,3940,110,439,22.8,NA,NA,276,8.5,NA,NA,NA,NA,NA,NA,4250,50,NA,NA,171800,870,NA,NA,1220,10,NA,NA,NA,NA,NA,NA,10680,250,NA,NA,NA,NA,79,8.7,1330,20,326,10.8
JPL68,pellet,NA,NA,34250,510,10,2.6,680,50,NA,NA,NA,NA,76460,360,NA,NA,NA,NA,NA,NA,NA,NA,NA,NA,NA,NA,138,3.1,53870,130,35,2.1,NA,NA,NA,NA,NA,NA,NA,NA,62980,700,NA,NA,10340,1590,1470,20,NA,NA,NA,NA,30,3,38,2.9,451190,880,NA,NA,1930,60,298,7.4,NA,NA,178,3,NA,NA,NA,NA,NA,NA,2960,30,NA,NA,292690,670,45,8.8,860,0,NA,NA,NA,NA,48,4.9,7690,90,NA,NA,205,36.9,50,3.3,1210,10,342,4
JPL68,powder,NA,NA,57960,970,31,4.2,770,60,NA,NA,NA,NA,123940,680,NA,NA,NA,NA,NA,NA,NA,NA,NA,NA,NA,NA,224,5.7,84360,320,58,3.4,NA,NA,24,26.5,NA,NA,NA,NA,90080,970,NA,NA,23150,2970,2350,40,NA,NA,NA,NA,28,4.2,50,4.8,405360,1420,NA,NA,4390,120,333,12.3,NA,NA,227,4.7,NA,NA,NA,NA,NA,NA,4480,50,NA,NA,184400,850,44,11.4,1070,10,NA,NA,NA,NA,NA,NA,13790,160,NA,NA,303,63.4,47,4.9,1960,10,473,6.4
JPL73,pellet,NA,NA,26690,520,NA,NA,3120,60,NA,NA,NA,NA,142530,480,NA,NA,NA,NA,NA,NA,NA,NA,246,16.6,NA,NA,464,5.1,39120,110,28,3,NA,NA,NA,NA,NA,NA,NA,NA,36870,560,NA,NA,10980,1860,1290,20,NA,NA,NA,NA,25,3.1,119,3.7,437420,940,NA,NA,1280,60,3540,20,NA,NA,113,2.9,NA,NA,NA,NA,NA,NA,12300,60,65,10.6,248790,650,70,9.6,990,0,NA,NA,NA,NA,NA,NA,26620,160,NA,NA,286,60.3,43,3.6,6750,20,246,4.1
JPL73,powder,NA,NA,37240,1010,NA,NA,3250,90,NA,NA,NA,NA,227610,1080,NA,NA,NA,NA,NA,NA,NA,NA,280,27.6,NA,NA,75,0.001,50570,240,34,5.5,NA,NA,NA,NA,NA,NA,NA,NA,48300,740,NA,NA,21270,3700,1890,30,NA,NA,NA,NA,NA,NA,80,5.6,390670,1610,NA,NA,3610,120,5050,80,NA,NA,147,4.6,NA,NA,NA,NA,NA,NA,18520,120,69,12.6,134550,770,NA,NA,1140,10,NA,NA,66,14.2,NA,NA,45230,330,NA,NA,480,13.4,NA,NA,8620,40,429,6.7
JPL76,pellet,NA,NA,30470,510,15,4.2,1390,50,NA,NA,NA,NA,103720,400,79,8,NA,NA,NA,NA,NA,NA,121,14.3,NA,NA,382,4.5,37320,100,31,2.4,NA,NA,NA,NA,NA,NA,NA,NA,64850,660,NA,NA,7690,1630,1360,20,22,3.2,NA,NA,22,2.8,87,3.2,442290,870,NA,NA,1920,60,1330,10,NA,NA,151,2.8,NA,NA,NA,NA,NA,NA,6640,40,54,9.6,271750,640,69,8.7,680,0,NA,NA,NA,NA,NA,NA,21400,130,NA,NA,189,52,41,3.1,5640,20,280,3.7
JPL76,powder,NA,NA,51320,950,NA,NA,1310,60,NA,NA,NA,NA,163390,790,NA,NA,NA,NA,3490,30,NA,NA,20.6,2.1,NA,NA,462,7.4,52750,220,40,3.9,NA,NA,NA,NA,NA,NA,NA,NA,80150,870,NA,NA,13410,3130,2060,30,NA,NA,NA,NA,31,3.9,81,4.9,399060,1430,NA,NA,1830,110,1530,20,NA,NA,179,4.2,NA,NA,16,4.9,32,6.3,9360,70,66,12,168040,810,58,10.7,830,10,NA,NA,NA,NA,NA,NA,42880,290,NA,NA,NA,NA,34,4.6,7090,30,289,5.6
JPL77,pellet,NA,NA,32150,510,NA,NA,1510,50,NA,NA,NA,NA,109640,420,NA,NA,NA,NA,NA,NA,NA,NA,129,13.9,NA,NA,540,10,36410,100,29,2.3,NA,NA,NA,NA,NA,NA,NA,NA,59540,640,NA,NA,10000,1680,1230,20,NA,NA,NA,NA,19,2.8,42,2.8,444380,900,NA,NA,2000,60,1110,10,NA,NA,155,2.7,NA,NA,NA,NA,NA,NA,7250,40,NA,NA,273150,660,59,8.5,730,0,NA,NA,NA,NA,NA,NA,15540,120,NA,NA,192,45.8,46,3,3870,10,281,3.6
JPL77,powder,56,9.5,51190,930,NA,NA,2030,110,NA,NA,NA,NA,168410,1150,NA,NA,NA,NA,5060,40,NA,NA,NA,NA,NA,NA,710,20,56260,300,43,6.1,NA,NA,NA,NA,NA,NA,NA,NA,82980,1520,NA,NA,16380,3130,1970,60,38,7.3,NA,NA,28,6.7,67,8.4,398660,1580,NA,NA,2610,110,1170,20,NA,NA,194,7.2,NA,NA,NA,NA,NA,NA,11100,80,NA,NA,170350,860,NA,NA,910,10,NA,NA,NA,NA,NA,NA,24090,360,NA,NA,80,0.014,52,7.6,4440,40,384,9.8
JPL79,pellet,NA,NA,28620,510,NA,NA,2540,50,NA,NA,NA,NA,133620,450,NA,NA,NA,NA,3680,20,NA,NA,160,15.3,NA,NA,520,10,31870,90,24,2.3,NA,NA,NA,NA,NA,NA,NA,NA,45140,560,NA,NA,10620,1770,1110,20,NA,NA,NA,NA,17,2.6,192,3.9,438690,910,NA,NA,510,50,1760,10,NA,NA,112,2.5,NA,NA,NA,NA,NA,NA,7620,40,44,9.1,261560,650,82,8.2,680,0,NA,NA,NA,NA,NA,NA,25040,150,NA,NA,355,55.5,29,2.9,5170,20,223,3.4
JPL79,powder,38,9.6,45480,1000,NA,NA,2530,120,NA,NA,NA,NA,201500,1250,NA,NA,NA,NA,5740,50,NA,NA,271,40.5,NA,NA,492,13.7,49610,280,37,7.4,NA,NA,NA,NA,NA,NA,NA,NA,58600,1320,NA,NA,16150,3460,1650,50,39,7.5,NA,NA,NA,NA,134,10.2,393550,1650,NA,NA,2510,110,2540,40,NA,NA,169,7.3,NA,NA,NA,NA,NA,NA,13010,90,NA,NA,149140,830,NA,NA,920,10,NA,NA,NA,NA,NA,NA,48180,500,NA,NA,NA,NA,51,8.1,7370,50,266,9.6
JPL86,pellet,NA,NA,39140,490,15,2.7,1350,50,41,4.1,NA,NA,71930,330,NA,NA,NA,NA,2010,20,NA,NA,132,12.5,NA,NA,215,3.3,36670,90,32,1.9,NA,NA,NA,NA,NA,NA,NA,NA,51840,650,NA,NA,6520,1410,1270,20,10,2.9,NA,NA,28,2.6,101,3.2,460440,820,NA,NA,800,50,479,7.5,NA,NA,179,2.7,NA,NA,NA,NA,NA,NA,4540,30,NA,NA,303840,630,52,8.1,580,0,NA,NA,99,16.8,NA,NA,15620,110,NA,NA,NA,NA,53,2.9,1760,10,262,3.4
JPL89,pellet,NA,NA,43890,500,13,2.4,770,40,NA,NA,NA,NA,57030,300,NA,NA,NA,NA,NA,NA,NA,NA,NA,NA,NA,NA,106,2.6,50520,110,36,1.9,NA,NA,NA,NA,NA,NA,NA,NA,54220,660,NA,NA,9640,1360,1610,20,NA,NA,NA,NA,18,2.7,34,2.6,461890,800,NA,NA,1280,50,284,6.8,NA,NA,167,2.7,NA,NA,NA,NA,NA,NA,2540,20,NA,NA,305740,630,35,8,700,0,NA,NA,57,17,NA,NA,8050,80,NA,NA,198,34.8,57,2.9,720,10,400,3.7
JPL89,powder,NA,NA,69280,960,NA,NA,1270,120,NA,NA,NA,NA,108590,950,NA,NA,NA,NA,NA,NA,NA,NA,NA,NA,NA,NA,180,9,81390,370,65,5.4,NA,NA,NA,NA,NA,NA,NA,NA,80260,1590,NA,NA,22120,2690,2610,60,NA,NA,NA,NA,24,7.3,45,8.7,414920,1500,NA,NA,2820,100,340,19.2,NA,NA,259,8,NA,NA,NA,NA,NA,NA,4300,50,NA,NA,195480,890,NA,NA,980,10,NA,NA,NA,NA,NA,NA,12950,260,NA,NA,NA,NA,82,8.3,1670,20,355,10.2
JPL94,pellet,NA,NA,35630,520,15,2.9,610,50,NA,NA,NA,NA,65570,350,NA,NA,NA,NA,NA,NA,NA,NA,NA,NA,NA,NA,198,3.9,63740,150,41,2.4,NA,NA,NA,NA,NA,NA,NA,NA,55380,730,NA,NA,10030,1520,1900,20,36,3.9,NA,NA,27,3.5,55,3.5,454920,870,NA,NA,1540,60,288,8.4,NA,NA,189,3.5,59,8.1,NA,NA,NA,NA,2390,20,NA,NA,298180,670,57,10.2,830,0,NA,NA,NA,NA,NA,NA,6490,80,NA,NA,168,36.6,82,3.9,1200,10,369,4.6
JPL94,powder,NA,NA,66320,1020,34,8.2,NA,NA,NA,NA,NA,NA,106120,1010,NA,NA,NA,NA,NA,NA,NA,NA,NA,NA,NA,NA,315,12.4,102110,480,65,7.1,NA,NA,388,51.2,74,23.4,NA,NA,80990,1720,NA,NA,19460,3040,2950,70,NA,NA,NA,NA,NA,NA,83,10.2,410280,1630,NA,NA,2690,100,319,24,NA,NA,265,9.5,NA,NA,NA,NA,NA,NA,3730,50,NA,NA,190430,950,NA,NA,970,10,NA,NA,NA,NA,NA,NA,10390,240,NA,NA,NA,NA,94,10,1550,20,426,12.1
JPL95,pellet,28,5.2,38740,530,13,2.8,660,60,NA,NA,NA,NA,73000,360,NA,NA,NA,NA,NA,NA,NA,NA,NA,NA,NA,NA,234,4,67040,160,39,2.3,NA,NA,NA,NA,55,10.6,NA,NA,59390,720,NA,NA,12790,1590,2350,20,NA,NA,NA,NA,21,3.4,59,3.5,448290,890,NA,NA,1990,60,275,8.1,19,5,198,3.4,NA,NA,NA,NA,NA,NA,2380,30,NA,NA,282680,660,59,10.2,1120,0,NA,NA,120,21.6,NA,NA,7010,90,NA,NA,319,36.8,55,3.8,680,10,395,4.6
JPL95,powder,NA,NA,65660,980,35,7,NA,NA,NA,NA,NA,NA,105350,940,NA,NA,NA,NA,NA,NA,NA,NA,NA,NA,NA,NA,960,20,99210,440,59,5.9,NA,NA,NA,NA,NA,NA,NA,NA,80460,1570,NA,NA,20830,2850,3210,70,NA,NA,NA,NA,NA,NA,115,9.9,411430,1530,NA,NA,3290,100,242,21.5,NA,NA,217,8.2,NA,NA,NA,NA,NA,NA,3250,40,NA,NA,192260,900,NA,NA,1120,10,NA,NA,NA,NA,NA,NA,10700,230,NA,NA,NA,NA,54,8.5,1310,20,237,10.2
PBP01_pellet_A,pellet,NA,NA,210760,630,NA,NA,NA,NA,26,2.7,NA,NA,NA,NA,NA,NA,NA,NA,NA,NA,NA,NA,NA,NA,NA,NA,54,1.5,6270,20,161,1.9,NA,NA,NA,NA,NA,NA,NA,NA,41780,650,NA,NA,3190,740,77,5.5,NA,NA,NA,NA,41,1.7,11,1.3,486170,650,NA,NA,650,20,392,4.9,NA,NA,486,2.3,NA,NA,NA,NA,NA,NA,630,10,NA,NA,248490,470,29,4.9,259,1.8,NA,NA,NA,NA,NA,NA,211,28.3,NA,NA,NA,NA,18,2,28,1.1,52,2
PBP01_pellet_B,pellet,NA,NA,210250,610,NA,NA,NA,NA,28,2.8,NA,NA,NA,NA,NA,NA,128,19.3,NA,NA,NA,NA,NA,NA,NA,NA,58,1.6,6480,20,170,2,NA,NA,NA,NA,NA,NA,NA,NA,43800,670,NA,NA,NA,NA,77,5.7,7,1.9,NA,NA,39,1.8,12,1.4,485990,550,NA,NA,650,20,386,5.2,NA,NA,495,2.4,NA,NA,NA,NA,NA,NA,530,10,NA,NA,250250,440,36,5,262,1.8,NA,NA,NA,NA,18,3.3,240,28.8,NA,NA,NA,NA,17,2.1,25,1.2,50,2
PBP01_pellet_C,pellet,NA,NA,210500,620,NA,NA,100,23.8,NA,NA,NA,NA,NA,NA,NA,NA,NA,NA,NA,NA,NA,NA,NA,NA,NA,NA,51,1.5,6020,20,159,1.8,NA,NA,NA,NA,NA,NA,NA,NA,41360,630,NA,NA,4490,730,83,5.3,NA,NA,NA,NA,33,1.6,8,1.3,486260,640,NA,NA,670,20,367,4.8,NA,NA,458,2.2,NA,NA,NA,NA,NA,NA,520,10,NA,NA,248330,470,23,4.6,238,1.7,NA,NA,NA,NA,NA,NA,211,25.8,NA,NA,NA,NA,17,1.9,26,1.1,46,1.9
PBP01_powder_1,powder,NA,NA,214470,750,10,1.5,NA,NA,18,2.4,NA,NA,NA,NA,NA,NA,NA,NA,NA,NA,NA,NA,NA,NA,NA,NA,47,1.5,5490,20,135,1.9,NA,NA,NA,NA,NA,NA,NA,NA,38460,630,NA,NA,3420,880,53,5,NA,NA,NA,NA,21,1.4,8,1.2,487760,750,NA,NA,670,30,162,4.3,NA,NA,320,2,NA,NA,NA,NA,NA,NA,491,14.5,NA,NA,248000,550,14,3.7,171,1.5,NA,NA,NA,NA,NA,NA,214,24.5,NA,NA,NA,NA,7,1.7,20,1,32,1.6
PBP01_powder_2,powder,NA,NA,213610,780,7,1.5,NA,NA,NA,NA,NA,NA,NA,NA,NA,NA,NA,NA,NA,NA,NA,NA,NA,NA,NA,NA,43,1.5,5470,20,132,1.8,NA,NA,NA,NA,NA,NA,NA,NA,39210,620,NA,NA,2990,890,64,4.9,NA,NA,NA,NA,22,1.4,7,1.1,487640,760,NA,NA,660,30,184,4.2,NA,NA,305,2,NA,NA,NA,NA,NA,NA,510,10,19,3.8,248670,570,NA,NA,161,1.5,NA,NA,NA,NA,NA,NA,233,23.3,NA,NA,NA,NA,8,1.6,21,1,28,1.6
PBP01_powder_3,powder,NA,NA,214370,770,12,1.4,NA,NA,NA,NA,NA,NA,NA,NA,NA,NA,NA,NA,NA,NA,NA,NA,NA,NA,NA,NA,50,1.5,5770,20,134,1.9,NA,NA,NA,NA,24,3.6,NA,NA,39740,640,NA,NA,3850,920,55,4.9,NA,NA,NA,NA,21,1.4,7,1.2,487030,760,NA,NA,650,30,138,4.3,NA,NA,308,2,NA,NA,NA,NA,NA,NA,494,14.5,NA,NA,246860,560,NA,NA,162,1.5,NA,NA,NA,NA,NA,NA,238,22.7,10,3.3,NA,NA,8,1.7,23,1.1,29,1.6
PBP02_pellet_A,pellet,NA,NA,205270,660,NA,NA,NA,NA,NA,NA,NA,NA,NA,NA,NA,NA,NA,NA,NA,NA,NA,NA,67,8.1,NA,NA,57,1.7,6650,20,172,2.2,NA,NA,NA,NA,NA,NA,NA,NA,43890,660,NA,NA,4670,790,81,5.9,NA,NA,NA,NA,39,1.9,28,1.6,484700,680,NA,NA,700,30,1750,10,NA,NA,491,2.5,NA,NA,NA,NA,NA,NA,660,20,NA,NA,249840,500,NA,NA,260,1.9,NA,NA,NA,NA,NA,NA,255,29.4,NA,NA,NA,NA,19,2.2,34,1.2,47,2.1
PBP02_pellet_B,pellet,9,2.6,207760,640,NA,NA,NA,NA,NA,NA,NA,NA,NA,NA,NA,NA,NA,NA,NA,NA,NA,NA,NA,NA,NA,NA,65,1.6,6240,20,166,2.1,NA,NA,NA,NA,NA,NA,NA,NA,41700,650,NA,NA,5240,770,79,5.4,NA,NA,NA,NA,35,1.8,13,1.4,485390,660,NA,NA,680,20,1710,10,NA,NA,476,2.4,NA,NA,NA,NA,NA,NA,650,20,NA,NA,248710,480,NA,NA,258,1.8,NA,NA,NA,NA,NA,NA,386,30.8,NA,NA,NA,NA,18,2.2,35,1.2,46,2.1
PBP02_pellet_C,pellet,NA,NA,209750,630,NA,NA,NA,NA,NA,NA,NA,NA,NA,NA,NA,NA,NA,NA,NA,NA,NA,NA,NA,NA,NA,NA,63,1.7,6300,20,155,2.2,NA,NA,NA,NA,NA,NA,NA,NA,42440,640,NA,NA,3560,750,80,5.5,11,1.9,NA,NA,41,1.8,12,1.4,485140,650,NA,NA,670,20,1780,10,NA,NA,475,2.4,NA,NA,NA,NA,NA,NA,680,10,NA,NA,247790,470,NA,NA,258,1.8,NA,NA,NA,NA,NA,NA,283,28,NA,NA,NA,NA,18,2.2,33,1.2,48,2
PBP02_powder_1,powder,NA,NA,206860,900,39,3.2,NA,NA,NA,NA,NA,NA,NA,NA,NA,NA,NA,NA,NA,NA,NA,NA,NA,NA,NA,NA,53,1.9,6440,30,166,2.4,NA,NA,NA,NA,NA,NA,NA,NA,43540,740,NA,NA,3270,1090,68,6,12,1.9,NA,NA,26,1.8,11,1.4,485680,890,NA,NA,630,40,920,10,NA,NA,377,2.6,NA,NA,NA,NA,NA,NA,520,20,NA,NA,250820,660,22,4.6,203,2,NA,NA,NA,NA,NA,NA,281,30.2,NA,NA,NA,NA,10,2.2,24,1.3,34,2.1
PBP02_powder_2,powder,NA,NA,208470,890,NA,NA,170,20.9,NA,NA,NA,NA,NA,NA,NA,NA,NA,NA,NA,NA,NA,NA,NA,NA,NA,NA,54,1.8,6270,30,146,2.3,NA,NA,NA,NA,NA,NA,25,5.5,42990,720,NA,NA,4540,1140,57,5.7,NA,NA,NA,NA,21,1.7,7,1.4,485500,900,NA,NA,700,30,870,10,NA,NA,342,2.4,NA,NA,NA,NA,NA,NA,620,20,NA,NA,248780,660,15,4.2,179,1.8,NA,NA,NA,NA,NA,NA,229,27.4,13,3.9,NA,NA,8,2.1,25,1.2,31,1.9
PBP02_powder_3,powder,NA,NA,208470,850,NA,NA,NA,NA,NA,NA,NA,NA,NA,NA,NA,NA,NA,NA,NA,NA,NA,NA,NA,NA,NA,NA,54,1.8,6340,30,157,2.4,NA,NA,NA,NA,NA,NA,20,5.7,43580,730,NA,NA,NA,NA,67,5.8,NA,NA,NA,NA,28,1.8,8,1.4,486250,700,NA,NA,690,40,930,10,NA,NA,372,2.5,NA,NA,NA,NA,NA,NA,520,20,NA,NA,251940,590,NA,NA,200,1.9,20,4.6,NA,NA,NA,NA,236,28.8,NA,NA,NA,NA,11,2.2,25,1.2,31,2.1
PBP03_pellet_A,pellet,NA,NA,206990,630,NA,NA,NA,NA,31,4.5,NA,NA,NA,NA,NA,NA,NA,NA,NA,NA,NA,NA,NA,NA,NA,NA,54,1.6,6280,20,160,2.3,NA,NA,NA,NA,NA,NA,NA,NA,43190,640,NA,NA,4420,770,74,5.6,NA,NA,NA,NA,37,1.8,14,1.5,484460,660,NA,NA,670,20,3140,10,NA,NA,496,2.5,NA,NA,NA,NA,NA,NA,770,20,NA,NA,248560,480,NA,NA,257,1.8,NA,NA,NA,NA,NA,NA,246,27.6,NA,NA,NA,NA,16,2.3,33,1.2,51,2.1
PBP03_pellet_B,pellet,NA,NA,208730,630,23,4.2,254,26.4,28,4.3,NA,NA,NA,NA,NA,NA,NA,NA,NA,NA,NA,NA,NA,NA,NA,NA,53,1.5,6000,20,162,2.2,NA,NA,NA,NA,NA,NA,NA,NA,41070,630,228,36.2,4440,720,61,5.4,6,1.9,NA,NA,NA,NA,15,1.4,485100,640,NA,NA,680,20,3020,10,NA,NA,474,2.4,NA,NA,NA,NA,NA,NA,890,20,39,5.5,247950,470,26,5.1,252,1.8,NA,NA,NA,NA,NA,NA,361,27.4,NA,NA,NA,NA,16,2.2,36,1.2,51,2
PBP03_pellet_C,pellet,NA,NA,209980,620,26,4.2,177,25.4,29,4.3,NA,NA,NA,NA,NA,NA,NA,NA,NA,NA,NA,NA,NA,NA,NA,NA,51,1.5,6010,20,156,2.2,NA,NA,NA,NA,NA,NA,NA,NA,41200,610,NA,NA,4060,720,79,5.2,NA,NA,NA,NA,35,1.7,12,1.3,485090,630,NA,NA,690,20,3060,10,9,2.4,465,2.3,NA,NA,NA,NA,NA,NA,710,20,NA,NA,247490,460,31,4.9,245,1.7,NA,NA,52,10.2,NA,NA,217,26.1,19,3.8,NA,NA,11,2.2,28,1.1,49,2
PBP03_powder_1,powder,NA,NA,208720,880,NA,NA,NA,NA,NA,NA,NA,NA,NA,NA,NA,NA,NA,NA,NA,NA,NA,NA,NA,NA,NA,NA,56,1.9,6460,30,164,2.6,NA,NA,NA,NA,NA,NA,NA,NA,44380,780,NA,NA,NA,NA,54,6.2,NA,NA,NA,NA,31,2.1,10,1.6,485650,740,NA,NA,720,40,1170,10,NA,NA,432,2.8,NA,NA,NA,NA,NA,NA,433,21.2,27,6,251070,620,28,5.4,237,2.1,NA,NA,NA,NA,NA,NA,245,31.8,NA,NA,NA,NA,14,2.5,31,1.3,43,2.4
PBP03_powder_2,powder,14,2.8,207180,920,NA,NA,242,28.3,27,4.4,NA,NA,NA,NA,NA,NA,NA,NA,NA,NA,NA,NA,NA,NA,NA,NA,57,1.9,6540,30,170,2.5,NA,NA,NA,NA,NA,NA,NA,NA,43260,780,NA,NA,4930,1090,51,6.4,NA,NA,NA,NA,32,2.1,12,1.6,485010,910,NA,NA,760,40,1200,10,NA,NA,436,2.8,NA,NA,NA,NA,NA,NA,483,21.4,NA,NA,248900,680,32,5.6,238,2.1,NA,NA,75,11.5,NA,NA,206,32.6,24,4.6,NA,NA,13,2.5,30,1.3,40,2.4
PBP03_powder_3,powder,NA,NA,207560,910,NA,NA,NA,NA,NA,NA,NA,NA,NA,NA,NA,NA,NA,NA,NA,NA,NA,NA,NA,NA,NA,NA,51,1.8,6100,30,158,2.4,NA,NA,NA,NA,NA,NA,NA,NA,42650,750,NA,NA,6170,1130,73,6,NA,NA,NA,NA,33,2,8,1.5,485350,910,NA,NA,620,40,1100,10,NA,NA,405,2.7,NA,NA,NA,NA,NA,NA,487,20.3,NA,NA,248640,680,25,5.2,219,2,NA,NA,NA,NA,NA,NA,258,30.9,NA,NA,NA,NA,12,2.3,24,1.3,35,2.2
PBP04_pellet_A,pellet,NA,NA,208350,660,4,1.2,NA,NA,27,2.4,NA,NA,NA,NA,NA,NA,NA,NA,NA,NA,NA,NA,NA,NA,NA,NA,61,1.7,6450,20,167,1.9,NA,NA,NA,NA,NA,NA,NA,NA,42850,680,NA,NA,3070,780,87,5.8,NA,NA,NA,NA,40,1.8,7,1.4,486210,650,NA,NA,700,30,36,3.9,NA,NA,487,2.4,NA,NA,NA,NA,NA,NA,550,10,NA,NA,250270,500,36,5.1,261,1.8,NA,NA,NA,NA,NA,NA,251,29.1,NA,NA,NA,NA,12,2.1,23,1.1,52,2
PBP04_pellet_B,pellet,NA,NA,167460,560,NA,NA,177,21.5,20,2,NA,NA,NA,NA,NA,NA,NA,NA,NA,NA,NA,NA,NA,NA,NA,NA,39,1.3,4500,20,116,1.5,NA,NA,NA,NA,NA,NA,NA,NA,31640,580,NA,NA,3950,690,61,4.8,6,1.6,NA,NA,27,1.5,9,1.1,496400,600,NA,NA,580,20,38,3.2,NA,NA,328,1.9,NA,NA,NA,NA,NA,NA,540,10,NA,NA,293600,470,29,4.1,180,1.5,NA,NA,NA,NA,NA,NA,212,24.8,NA,NA,NA,NA,13,1.7,22,1,45,1.7
PBP04_pellet_C,pellet,NA,NA,165970,550,4,1.1,169,24,23,2.1,NA,NA,NA,NA,NA,NA,NA,NA,NA,NA,NA,NA,NA,NA,120,17.6,41,1.4,4720,20,121,1.6,NA,NA,NA,NA,NA,NA,NA,NA,32420,600,NA,NA,2740,690,73,5.2,NA,NA,NA,NA,25,1.6,12,1.3,496360,600,NA,NA,540,20,29,3.4,NA,NA,352,2,NA,NA,NA,NA,NA,NA,620,10,NA,NA,295120,470,22,4.5,190,1.6,NA,NA,NA,NA,NA,NA,218,26.2,NA,NA,NA,NA,14,1.8,26,1,53,1.8
PBP04_powder_1,powder,NA,NA,215070,760,NA,NA,NA,NA,18,2.1,NA,NA,NA,NA,NA,NA,NA,NA,NA,NA,NA,NA,NA,NA,NA,NA,46,1.5,5550,20,137,1.8,NA,NA,NA,NA,NA,NA,NA,NA,38570,630,NA,NA,2490,930,64,5,NA,NA,NA,NA,24,1.4,8,1.2,487890,760,NA,NA,720,30,NA,NA,NA,NA,330,2,NA,NA,NA,NA,NA,NA,660,20,NA,NA,247790,570,14,3.6,176,1.5,12,3.8,NA,NA,NA,NA,358,25.3,16,3.2,NA,NA,NA,NA,25,1,29,1.6
PBP04_powder_2,powder,NA,NA,215710,740,NA,NA,NA,NA,17,1.9,NA,NA,NA,NA,NA,NA,NA,NA,NA,NA,NA,NA,NA,NA,NA,NA,42,1.4,5190,20,122,1.7,NA,NA,NA,NA,NA,NA,NA,NA,38480,580,NA,NA,2900,890,62,4.7,NA,NA,NA,NA,17,1.2,6,1,487960,730,NA,NA,640,30,31,3.1,NA,NA,265,1.8,NA,NA,NA,NA,NA,NA,650,20,NA,NA,247470,540,NA,NA,139,1.3,NA,NA,NA,NA,13,2.4,240,20.9,NA,NA,NA,NA,NA,NA,24,0.9,22,1.4
PBP04_powder_3,powder,NA,NA,215620,800,NA,NA,NA,NA,18,1.9,NA,NA,NA,NA,NA,NA,NA,NA,NA,NA,NA,NA,NA,NA,NA,NA,39,1.3,4840,20,118,1.6,NA,NA,NA,NA,NA,NA,NA,NA,36360,580,NA,NA,3050,980,53,4.6,NA,NA,NA,NA,20,1.2,6,1,488930,790,NA,NA,610,30,21,3,7,1.6,283,1.8,NA,NA,NA,NA,NA,NA,468,15,NA,NA,249080,590,16,3.2,157,1.3,NA,NA,NA,NA,NA,NA,242,21.4,NA,NA,NA,NA,6,1.5,19,0.9,26,1.4
XPAH20,pellet,NA,NA,NA,NA,NA,NA,3360,60,NA,NA,NA,NA,366800,1140,NA,NA,NA,NA,NA,NA,NA,NA,372,17.9,NA,NA,27,2.1,8380,40,NA,NA,NA,NA,NA,NA,NA,NA,NA,NA,NA,NA,285,60.1,13090,2870,366,13.2,NA,NA,NA,NA,NA,NA,150,3.8,391910,1180,NA,NA,3080,50,4290,20,NA,NA,16,2.2,NA,NA,NA,NA,NA,NA,5340,50,NA,NA,184200,680,46,8.1,305,2.7,NA,NA,NA,NA,NA,NA,13530,130,NA,NA,NA,NA,NA,NA,4400,20,39,2.8
XPAH20,powder,NA,NA,3730,1250,NA,NA,4400,160,NA,NA,NA,NA,528830,3240,NA,NA,NA,NA,NA,NA,NA,NA,476,55.1,NA,NA,NA,NA,12040,140,NA,NA,NA,NA,NA,NA,NA,NA,NA,NA,NA,NA,NA,NA,16300,5700,640,50,35,8.3,NA,NA,NA,NA,235,13.7,327750,2020,NA,NA,NA,NA,6710,70,NA,NA,NA,NA,NA,NA,NA,NA,NA,NA,10910,110,NA,NA,50860,580,NA,NA,448,8.9,NA,NA,NA,NA,NA,NA,29190,500,NA,NA,NA,NA,NA,NA,7360,60,85,9.2
XPAH26,pellet,NA,NA,8700,410,5,1.4,309,29.5,116,4,275,7.2,61990,1580,NA,NA,NA,NA,25620,650,307,11.4,207,9.9,NA,NA,408,10.9,8550,220,33,2.4,NA,NA,NA,NA,NA,NA,61,4.5,NA,NA,NA,NA,15650,1620,294,10.3,760,20,165660,20940,9,1.8,45,2.3,416000,10470,NA,NA,NA,NA,117,5.1,NA,NA,21,1.8,NA,NA,NA,NA,NA,NA,8210,210,32,6,253940,6400,92,6,156,4.3,NA,NA,NA,NA,NA,NA,3110,90,NA,NA,NA,NA,13,1.9,29250,740,64,2.6
XPAH26,powder,NA,NA,14480,700,NA,NA,NA,NA,158,7,379,11,111610,3060,NA,NA,NA,NA,34550,940,476,24.1,91,13.1,NA,NA,750,20,23720,650,NA,NA,NA,NA,NA,NA,NA,NA,NA,NA,17460,690,NA,NA,26860,2230,580,20,690,20,109730,24110,NA,NA,82,4.7,391600,10650,NA,NA,NA,NA,105,8.3,NA,NA,28,3.4,NA,NA,NA,NA,NA,NA,14890,410,52,8.6,197530,5400,88,8.5,216,6.7,NA,NA,NA,NA,NA,NA,6520,200,NA,NA,NA,NA,13,3.3,47250,1290,87,4.3
XPAH28,pellet,NA,NA,27650,420,NA,NA,1530,50,NA,NA,203,2.3,50430,270,NA,NA,NA,NA,NA,NA,NA,NA,91,10.3,112,38.4,2110,10,18330,50,NA,NA,NA,NA,NA,NA,NA,NA,NA,NA,23720,520,NA,NA,117960,1690,620,10,NA,NA,NA,NA,18,2.6,29,2.1,453540,950,NA,NA,NA,NA,23230,60,NA,NA,89,2.5,NA,NA,NA,NA,NA,NA,2320,30,61,9.3,270790,650,114,8.6,264,2.5,NA,NA,NA,NA,NA,NA,3950,60,NA,NA,102,27.3,NA,NA,2560,10,182,3.1
XPAH28,powder,NA,NA,29440,630,NA,NA,1780,70,NA,NA,319,4.6,96150,550,NA,NA,NA,NA,NA,NA,NA,NA,110,18.3,NA,NA,4220,20,28290,110,NA,NA,NA,NA,NA,NA,87,12.6,NA,NA,23460,680,NA,NA,144880,2210,1080,20,NA,NA,NA,NA,24,4.4,47,3.9,422490,1220,138,24,NA,NA,29430,100,36,6,116,4.7,NA,NA,NA,NA,NA,NA,3110,50,82,14,202630,770,125,13,364,4.7,NA,NA,NA,NA,NA,NA,6500,120,NA,NA,NA,NA,NA,NA,4840,20,207,5.6
XPAH29,pellet,NA,NA,51400,470,10,1.9,520,40,NA,NA,NA,NA,24540,200,NA,NA,NA,NA,NA,NA,NA,NA,75,11.1,NA,NA,62,2,54580,100,36,1.6,NA,NA,NA,NA,NA,NA,NA,NA,52530,640,NA,NA,8320,1090,1110,10,NA,NA,NA,NA,23,2.4,46,2.5,472840,710,NA,NA,680,30,152,5.6,NA,NA,180,2.4,NA,NA,NA,NA,NA,NA,790,20,NA,NA,325310,570,42,7,369,2.5,NA,NA,95,15,NA,NA,5570,60,NA,NA,149,28.2,56,2.6,236,2.8,279,3
XPAH29,powder,NA,NA,90360,1040,39,6.2,NA,NA,NA,NA,NA,NA,45400,660,NA,NA,NA,NA,NA,NA,NA,NA,NA,NA,NA,NA,114,7.9,104050,430,64,5.3,NA,NA,NA,NA,NA,NA,NA,NA,80700,1690,NA,NA,14520,2500,2200,50,NA,NA,NA,NA,42,6.9,67,9.3,429580,1500,NA,NA,860,70,170,19.5,NA,NA,291,8.1,NA,NA,NA,NA,NA,NA,2180,40,NA,NA,216090,950,NA,NA,540,10,NA,NA,NA,NA,NA,NA,11920,230,NA,NA,NA,NA,88,8.1,466,11.2,256,9.2
XPAH55,pellet,NA,NA,45160,470,6,1.7,630,40,15,3,NA,NA,32350,220,NA,NA,NA,NA,NA,NA,NA,NA,88,11.4,NA,NA,41,1.9,55310,110,29,1.6,NA,NA,NA,NA,NA,NA,NA,NA,47720,620,NA,NA,8320,1150,970,10,NA,NA,NA,NA,17,2.3,33,2.2,472580,720,NA,NA,900,40,108,5.1,NA,NA,136,2.3,NA,NA,NA,NA,NA,NA,530,10,NA,NA,327690,590,38,6.9,484,2.7,NA,NA,NA,NA,NA,NA,5920,70,NA,NA,195,28.4,42,2.5,153,2.3,530,0
XPAH55,powder,NA,NA,64550,790,NA,NA,670,50,NA,NA,NA,NA,60310,420,NA,NA,NA,NA,NA,NA,NA,NA,NA,NA,NA,NA,56,3.5,94920,250,46,2.9,NA,NA,NA,NA,NA,NA,NA,NA,71740,910,NA,NA,14160,1630,1580,30,NA,NA,NA,NA,40,3.7,46,4.3,433950,980,NA,NA,1530,80,173,9.1,NA,NA,186,4,NA,NA,NA,NA,NA,NA,1040,30,NA,NA,240390,760,NA,NA,630,0,NA,NA,NA,NA,NA,NA,12770,140,NA,NA,273,55.7,88,4.3,225,4.6,620,10
XPAH58,pellet,NA,NA,3720,590,NA,NA,1530,50,NA,NA,NA,NA,341660,490,NA,NA,NA,NA,NA,NA,NA,NA,142,15.9,188,35.3,235,3.9,11550,40,12,1.7,NA,NA,NA,NA,NA,NA,NA,NA,10060,330,NA,NA,NA,NA,455,13.8,NA,NA,NA,NA,11,2.9,73,3.2,404380,420,NA,NA,8060,120,64,6,NA,NA,35,2.6,NA,NA,NA,NA,NA,NA,4820,40,NA,NA,207380,460,NA,NA,315,2.9,NA,NA,68,19,NA,NA,4180,90,NA,NA,NA,NA,27,3,930,10,107,3.4
XPAH58,powder,NA,NA,7970,980,NA,NA,2150,90,NA,NA,NA,NA,532230,790,NA,NA,NA,NA,NA,NA,NA,NA,NA,NA,NA,NA,423,8.7,22630,100,NA,NA,NA,NA,NA,NA,NA,NA,NA,NA,11030,390,NA,NA,NA,NA,860,30,NA,NA,NA,NA,24,5.4,142,7.6,333120,520,NA,NA,14870,210,105,11.9,NA,NA,52,5.1,NA,NA,NA,NA,NA,NA,8120,70,69,17.5,55390,470,NA,NA,570,10,NA,NA,NA,NA,NA,NA,8360,190,NA,NA,NA,NA,48,6.1,1720,10,112,6.5
