sample_id,method,Pb_La1_cps,Pb_La1_err_cps,Pb_La2_cps,Pb_La2_err_cps,Pb_Lb1_cps,Pb_Lb1_err_cps,Pb_Lb2_cps,Pb_Lb2_err_cps,Pb_Lb3_cps,Pb_Lb3_err_cps,Pb_Lb4_cps,Pb_Lb4_err_cps,Pb_Lg1_cps,Pb_Lg1_err_cps,Pb_Ll_cps,Pb_Ll_err_cps
1590,powder,98.933,2.339,10.893,0.257,72.377,1.711,34.067,0.805,9.309,0.22,7.023,0.166,18.495,0.437,4.154,0.098
1601,powder,45.032,2.888,4.957,0.318,33.079,2.122,15.57,0.999,4.256,0.273,3.208,0.206,8.483,0.544,1.883,0.121
1606,pellet,39.905,2.163,4.392,0.238,29.318,1.589,13.8,0.748,3.772,0.204,2.844,0.154,7.478,0.405,1.803,0.098
1606,powder,32.486,2.508,3.573,0.276,24.127,1.863,11.357,0.877,3.106,0.24,2.337,0.18,6.224,0.481,1.356,0.105
1620,pellet,65.864,2.456,7.25,0.27,48.37,1.804,22.767,0.849,6.223,0.232,4.691,0.175,12.389,0.462,2.751,0.103
1620,powder,45.775,5.683,5.04,0.626,33.511,4.161,15.773,1.958,4.31,0.535,3.251,0.404,8.575,1.065,1.919,0.238
1639,pellet,107.232,2.542,11.802,0.28,78.887,1.87,37.132,0.88,10.15,0.241,7.65,0.181,20.212,0.479,4.476,0.106
1639,powder,121.678,3.551,13.394,0.391,89.28,2.606,42.024,1.227,11.485,0.335,8.66,0.253,22.844,0.667,5.097,0.149
1642,pellet,685.954,3.965,75.508,0.436,503.136,2.908,236.868,1.369,64.722,0.374,48.809,0.282,127.848,0.739,29.137,0.168
GPS03,pellet,73.599,2.411,NA,NA,53.951,1.767,25.394,0.832,6.94,0.227,5.234,0.171,NA,NA,NA,NA
GPS03,powder,105.518,5.423,NA,NA,77.109,3.963,36.295,1.865,9.917,0.51,7.483,0.385,NA,NA,NA,NA
GPS05,powder,51.305,5.089,5.644,0.56,37.987,3.768,17.08,1.774,4.89,0.485,3.681,0.365,9.785,0.971,2.121,0.21
GPS09,pellet,90.205,2.45,9.929,0.27,66.231,1.799,31.175,0.847,8.521,0.231,6.424,0.174,16.957,0.461,3.766,0.102
GPS09,powder,102.816,5.552,11.32,0.611,75.242,4.063,35.416,1.912,9.678,0.523,7.301,0.394,19.234,1.039,4.315,0.233
JPL06,pellet,52.197,2.278,5.745,0.251,38.387,1.675,18.068,0.789,4.939,0.216,3.723,0.162,9.844,0.43,2.176,0.095
JPL06,powder,54.738,2.951,6.026,0.325,40.183,2.166,18.91,1.02,5.17,0.279,3.897,0.21,10.3,0.555,2.287,0.123
JPL07,pellet,10.529,2.556,1.166,0.281,81.169,1.877,38.206,0.883,10.442,0.241,7.873,0.182,20.779,0.48,4.631,0.107
JPL07,powder,106.062,3.321,11.676,0.366,77.758,2.434,36.601,1.146,10.003,0.313,7.543,0.236,19.904,0.623,4.457,0.14
JPL09,pellet,69.698,2.454,7.672,0.27,51.202,1.803,24.101,0.849,6.587,0.232,4.966,0.175,13.118,0.462,2.91,0.102
JPL09,powder,112.431,5.937,12.379,0.654,82.266,4.344,38.722,2.045,10.581,0.559,7.982,0.422,21.023,1.11,4.72,0.249
JPL11,pellet,89.189,2.474,9.818,0.272,65.441,1.815,30.803,0.854,8.419,0.234,6.348,0.176,16.75,0.465,3.745,0.104
JPL11,powder,97.953,5.411,10.784,0.596,71.716,3.961,33.756,1.865,9.225,0.51,6.958,0.384,18.337,1.013,4.127,0.228
JPL15,pellet,92.349,2.365,10.164,0.26,67.956,1.74,31.987,0.819,8.744,0.224,6.59,0.169,17.424,0.446,3.855,0.099
JPL15,powder,50.699,2.871,5.582,0.316,37.144,2.103,17.483,0.99,4.778,0.271,3.604,0.204,9.509,0.538,2.123,0.12
JPL18,pellet,60.703,2.396,6.681,0.264,44.62,1.761,21.002,0.829,5.741,0.227,4.327,0.171,11.438,0.451,2.541,0.1
JPL18,powder,78.879,3.203,8.685,0.353,57.714,2.344,27.165,1.103,7.423,0.301,5.6,0.227,14.76,0.599,3.317,0.135
JPL25,pellet,61.098,2.232,6.726,0.246,44.878,1.639,21.124,0.772,5.774,0.211,4.353,0.159,11.5,0.42,2.55,0.093
JPL25,powder,50.699,2.871,5.582,0.316,37.144,2.103,17.483,0.99,4.778,0.271,3.604,0.204,9.509,0.538,2.123,0.12
JPL28,pellet,76.522,3.323,8.423,0.256,56.174,1.705,26.441,0.803,7.227,0.219,5.449,0.165,14.385,0.437,3.197,0.097
JPL28,powder,73.478,3.013,8.09,0.332,53.812,2.207,25.329,1.039,6.922,0.284,5.221,0.214,13.768,0.565,3.08,0.126
JPL29,pellet,76.928,2.276,8.468,0.251,56.451,1.67,26.571,0.786,7.262,0.215,5.476,0.162,14.452,0.428,3.214,0.095
JPL29,powder,65.792,5.397,7.243,0.594,48.192,3.953,22.683,1.861,6.199,0.508,4.675,0.384,12.333,1.012,2.756,0.226
JPL33,pellet,58.693,2.377,6.461,0.262,43.012,1.742,20.245,0.82,5.533,0.224,4.173,0.169,11.006,0.446,2.464,0.1
JPL33,powder,64.548,5.642,7.108,0.621,47.144,4.121,22.19,1.94,6.063,0.53,4.575,0.4,12.044,1.053,2.723,0.238
JPL40,pellet,75.043,2.361,8.261,0.26,55.048,1.732,25.911,0.815,7.082,0.223,5.34,0.168,14.092,0.443,3.14,0.099
JPL40,powder,75.788,5.385,8.344,0.593,55.5,3.943,26.123,1.856,7.139,0.507,5.384,0.383,14.201,1.009,3.18,0.226
JPL43,pellet,57.019,2.347,6.276,0.258,41.865,1.723,19.705,0.811,5.386,0.222,4.061,0.167,10.724,0.441,2.382,0.098
JPL43,powder,70.043,5.001,7.271,0.551,51.323,3.665,24.157,1.725,6.602,0.471,4.979,0.356,13.135,0.938,2.934,0.21
JPL48,pellet,56.429,2.335,6.212,0.257,41.395,1.713,19.484,0.806,5.325,0.22,4.015,0.166,10.599,0.439,2.359,0.098
JPL48,powder,50.409,5.102,5.546,0.561,37.343,3.779,17.577,1.779,4.807,0.486,3.618,0.366,9.619,0.973,2.082,0.211
JPL50,pellet,71.205,2.886,7.448,0.252,52.345,1.679,24.638,0.79,6.734,0.216,5.077,0.163,13.407,0.43,2.978,0.095
JPL50,powder,64.914,5.32,7.146,0.586,47.571,3.898,22.391,1.835,6.119,0.501,4.615,0.378,12.178,0.998,2.722,0.223
JPL51,pellet,99.289,3.042,10.928,0.335,72.933,2.235,34.329,1.052,9.363,0.287,7.073,0.217,18.679,0.572,4.146,0.127
JPL51,powder,99.443,5.818,10.939,0.64,73.746,4.314,34.714,2.031,9.493,0.555,7.145,0.418,18.997,1.111,4.103,0.24
JPL52,pellet,47.94,2.264,5.277,0.249,35.206,1.662,16.571,0.782,4.529,0.214,3.415,0.161,9.02,0.426,2.003,0.095
JPL52,powder,60.992,5.171,6.715,0.569,44.621,3.783,21.003,1.781,5.739,0.487,4.33,0.367,11.408,0.967,2.562,0.217
JPL58,pellet,185.964,2.697,20.47,0.297,136.558,1.981,64.279,0.932,17.568,0.255,13.245,0.192,34.922,0.507,7.848,0.114
JPL58,powder,121.828,3.424,13.411,0.377,89.356,2.511,42.06,1.182,11.495,0.323,8.668,0.244,22.871,0.643,5.117,0.144
JPL59,pellet,101.427,2.562,11.164,0.282,74.524,1.882,35.079,0.886,9.588,0.242,7.228,0.183,19.086,0.482,4.242,0.107
JPL59,powder,124.172,3.491,13.67,0.384,91.008,2.559,42.837,1.204,11.707,0.329,8.829,0.248,23.278,0.654,5.21,0.146
JPL61,pellet,98.012,2.738,10.789,0.301,71.921,2.009,33.853,0.946,9.252,0.258,6.976,0.195,18.409,0.514,4.097,0.114
JPL61,powder,123.566,5.835,13.603,0.642,90.63,4.28,42.659,2.014,11.659,0.551,8.791,0.415,23.193,1.095,5.172,0.244
JPL63,pellet,107.244,2.548,11.805,0.28,78.69,1.869,37.039,0.88,10.123,0.24,7.633,0.181,20.135,0.478,4.49,0.107
JPL63,powder,116.908,6.069,12.871,0.668,85.61,4.444,40.296,2.092,11.012,0.572,8.306,0.431,21.89,1.136,4.913,0.255
JPL68,pellet,99.529,2.465,10.955,0.271,73.113,1.811,34.414,0.852,9.406,0.233,7.091,0.176,18.723,0.464,4.172,0.103
JPL68,powder,92.176,3.393,10.148,0.374,67.476,2.484,31.761,1.169,8.679,0.319,6.547,0.241,17.255,0.635,3.887,0.143
JPL73,pellet,1126.774,4.915,124.055,0.541,823.754,3.594,387.861,1.692,105.94,0.462,79.945,0.349,207.805,0.907,48.605,0.212
JPL73,powder,1339.956,7.498,147.546,0.826,978.166,5.473,460.576,2.577,125.788,0.704,94.945,0.531,246.359,1.378,57.847,0.324
JPL76,pellet,463.044,3.627,50.972,0.399,339.626,2.661,159.88,1.252,43.689,0.342,32.946,0.258,86.536,0.678,19.88,0.156
JPL76,powder,451.6,4.794,49.717,0.528,330.799,3.512,155.721,1.653,42.551,0.452,32.094,0.341,84.302,0.895,19.403,0.206
JPL77,pellet,398.881,3.36,43.906,0.37,292.862,2.467,137.863,1.161,37.676,0.317,20.406,0.239,74.712,0.629,16.963,0.143
JPL77,powder,358.018,7.511,39.412,0.827,262.54,5.508,123.585,2.593,33.773,0.708,25.468,0.534,67.025,1.406,15.204,0.319
JPL79,pellet,650.564,3.928,71.612,0.432,477.32,2.882,224.709,1.357,61.403,0.371,46.302,0.28,121.448,0.733,27.821,0.168
JPL79,powder,727.538,9.874,80.097,1.087,532.693,7.28,250.778,3.403,68.518,0.93,51.685,0.701,135.35,1.837,31.238,0.424
JPL86,pellet,183.501,2.863,20.198,0.315,134.844,2.104,63.473,0.99,17.349,0.271,13.078,0.204,34.493,0.538,7.722,0.12
JPL89,pellet,106.989,2.551,11.777,0.281,78.562,1.873,36.979,0.882,10.107,0.241,7.62,0.182,20.111,0.48,4.478,0.107
JPL89,powder,99.286,5.585,10.932,0.615,72.599,4.084,34.172,1.922,9.338,0.525,7.045,0.396,18.546,1.043,4.193,0.236
JPL94,pellet,84.494,2.457,9.304,0.271,61.938,1.801,29.154,0.848,7.968,0.232,6.009,0.175,15.844,0.461,3.551,0.103
JPL94,powder,76.208,5.729,8.391,0.631,55.733,4.19,26.233,1.972,7.168,0.539,5.408,0.407,14.245,1.071,3.21,0.241
JPL95,pellet,82.307,2.42,9.061,0.268,60.34,1.774,28.402,0.835,7.762,0.228,5.854,0.172,15.436,0.454,3.447,0.101
JPL95,powder,63.232,5.618,6.963,0.619,46.181,4.103,21.737,1.931,5.939,0.528,4.482,0.398,11.797,1.048,2.667,0.237
PBP01_pellet_A,pellet,256.261,3.183,28.19,0.35,189.861,2.358,89.377,1.11,24.438,0.303,18.398,0.228,48.629,0.604,10.587,0.131
PBP01_pellet_B,pellet,239.671,3.212,26.363,0.353,177.77,2.383,83.684,1.122,22.883,0.307,17.224,0.231,45.612,0.611,9.888,0.133
PBP01_pellet_C,pellet,248.048,3.226,27.282,0.355,184.19,2.396,86.705,1.128,23.711,0.308,17.844,0.232,47.307,0.615,10.22,0.133
PBP01_powder_1,powder,117.592,3.094,12.932,0.34,87.53,2.303,41.202,1.084,11.27,0.297,8.477,0.223,22.566,0.594,4.832,0.127
PBP01_powder_2,powder,134.755,3.108,14.82,0.342,100.245,2.312,47.187,1.088,12.907,0.298,9.709,0.224,25.831,0.596,5.542,0.128
PBP01_powder_3,powder,97.488,3.059,10.722,0.336,72.482,2.275,34.119,1.071,9.332,0.293,7.021,0.22,18.678,0.586,4.012,0.126
PBP02_pellet_A,pellet,1062.05,5.181,116.835,0.57,785.212,3.83,369.737,1.804,101.05,0.493,76.111,0.371,198.863,0.97,43.874,0.214
PBP02_pellet_B,pellet,1080.461,5.19,118.856,0.571,799.373,3.84,376.399,1.808,102.877,0.494,77.477,0.372,202.675,0.974,44.604,0.214
PBP02_pellet_C,pellet,1133.865,5.205,124.755,0.573,835.992,3.838,393.687,1.807,107.562,0.494,81.063,0.372,210.496,0.966,46.96,0.216
PBP02_powder_1,powder,534.873,4.813,58.83,0.529,396.97,3.572,186.892,1.682,51.102,0.46,38.458,0.346,101.539,0.914,22.031,0.198
PBP02_powder_2,powder,519.175,4.709,57.106,0.518,384.871,3.491,181.193,1.644,49.542,0.449,37.29,0.338,98.396,0.893,21.4,0.194
PBP02_powder_3,powder,553.264,4.848,60.857,0.533,409.305,3.592,192.983,1.691,52.762,0.462,39.718,0.348,104.696,0.917,22.819,0.2
PBP03_pellet_A,pellet,2007.083,6.55,220.909,0.721,1469.182,4.794,692.189,2.259,188.921,0.617,142.603,0.465,361.553,1.18,83.566,0.273
PBP03_pellet_B,pellet,2001.846,6.627,220.237,0.729,1477.232,4.89,695.723,2.303,190.075,0.629,143.228,0.474,370.962,1.228,82.734,0.274
PBP03_pellet_C,pellet,2058.211,6.715,226.471,0.739,1514.287,4.94,713.272,2.327,194.802,0.636,146.875,0.479,377.524,1.232,85.265,0.278
PBP03_powder_1,powder,665.617,5.052,72.99,0.556,492.38,3.749,231.822,1.765,63.383,0.483,47.704,0.363,125.669,0.957,27.337,0.208
PBP03_powder_2,powder,678.617,4.984,74.65,0.548,502.398,3.69,236.542,1.737,64.662,0.475,48.688,0.358,127.9,0.939,28.013,0.206
PBP03_powder_3,powder,654.224,4.992,71.963,0.549,484.751,3.699,228.228,1.741,62.394,0.476,46.973,0.358,123.606,0.943,26.984,0.206
PBP04_pellet_A,pellet,22.361,2.425,2.46,0.267,16.587,1.799,7.808,0.847,0.436,0.047,1.607,0.174,4.27,0.463,0.923,0.1
PBP04_pellet_B,pellet,27.493,2.327,3.023,0.256,20.535,1.738,9.666,0.818,2.645,0.224,1.988,0.168,5.309,0.449,1.125,0.095
PBP04_pellet_C,pellet,20.193,2.359,2.221,0.259,15.011,1.753,7.066,0.825,1.933,0.226,1.454,0.17,3.869,0.452,0.831,0.097
PBP04_powder_1,powder,NA,NA,NA,NA,NA,NA,NA,NA,NA,NA,NA,NA,NA,NA,NA,NA
PBP04_powder_2,powder,23.371,2.342,2.57,0.258,17.395,1.743,8.188,0.82,2.24,0.224,1.685,0.169,4.489,0.45,0.961,0.096
PBP04_powder_3,powder,16.849,2.389,1.853,0.263,12.544,1.778,5.905,0.837,1.615,0.229,1.215,0.172,3.238,0.459,0.692,0.098
XPAH20,pellet,1434.603,5.323,157.904,0.586,1053.508,3.909,496.047,1.841,135.531,0.503,102.185,0.379,266.621,0.989,60.704,0.225
XPAH20,powder,1592.735,13.643,175.349,1.502,1165.231,9.981,548.707,4.7,149.866,1.284,113.072,0.969,293.061,2.51,68.117,0.583
XPAH26,pellet,65.208,2.308,7.182,0.254,47.407,1.678,22.313,0.79,6.095,0.216,4.603,0.163,12.032,0.426,3.539,0.125
XPAH26,powder,38.164,2.808,4.204,0.308,27.712,2.039,13.043,0.96,3.563,0.262,2.691,0.198,7.039,0.518,2.078,0.153
XPAH28,pellet,11113.75,13.912,1225.682,1.534,7811.862,9.779,3689.243,4.618,1001.433,1.254,762.269,0.954,1708.348,2.139,484.378,0.606
XPAH28,powder,3312.368,18.564,1027.265,2.048,6516.097,12.99,3077.236,6.134,835.164,1.665,636.321,1.269,1422.838,2.836,411.721,0.821
XPAH29,pellet,64.945,2.383,7.149,0.262,47.704,1.75,22.454,0.824,6.137,0.225,4.627,0.17,12.22,0.448,2.709,0.099
XPAH29,powder,48.12,5.508,5.297,0.606,35.27,4.037,16.601,1.9,4.537,0.519,3.422,0.392,9.031,1.034,2.013,0.23
XPAH55,pellet,46.628,2.205,5.132,0.243,34.248,1.62,16.12,0.762,4.406,0.208,3.322,0.157,8.774,0.415,1.944,0.092
XPAH55,powder,51.549,2.722,5.675,0.3,37.786,1.995,17.786,0.939,4.861,0.257,3.666,0.194,9.673,0.511,2.154,0.114
XPAH58,pellet,19.87,1.87,2.187,0.206,14.664,1.38,6.902,0.649,1.887,0.178,1.421,0.134,3.773,0.355,0.828,0.078
XPAH58,powder,20.856,2.356,2.295,0.259,15.371,1.736,7.235,0.817,1.978,0.223,1.49,0.168,3.952,0.446,0.871,0.098
