EFA.ID,xrf_date,longitude,latitude,xrf_sample_id,xrf_method,xrf_subfolder,xrf_filename
1590,2025-02-19,-118.0888207,34.1399091,1590_bkA,powder,,1590_bkA.prf
1590,2025-02-19,-118.0888207,34.1399091,1590_bkB.L,powder,,1590_bkB.L.prf
1590,2025-02-19,-118.0888207,34.1399091,1590_bkB.S,powder,,1590_bkB.S.prf
1620,2025-02-19,-118.123503,34.17194,1620_bkA,powder,,1620_bkA.prf
1620,2025-02-19,-118.123503,34.17194,1620_bkB.L,powder,,1620_bkB.L.prf
1620,2025-02-19,-118.123503,34.17194,1620_bkB.s,powder,,1620_bkB.S.prf
1590,2025-02-25,-118.0888207,34.1399091,Sample 1590 Ungrinded Unsieved,powder,,1590_bkA.L.prf
1590,2025-02-25,-118.0888207,34.1399091,Sample 1590 Ungrinded Sieved,powder,,1590_bkA.S.prf
1620,2025-02-25,-118.123503,34.17194,Sample 1620 Ungrinded Unsieved,powder,,1620_bkA.L.prf
1620,2025-02-25,-118.123503,34.17194,Sample 1620 Ungrinded Sieved,powder,,1620_bkA.s.prf
JPL51,2025-03-07,-118.178906,34.202526,JPL51_bkB.S,powder,,JPL51_bkB.S.prf
JPL52,2025-03-07,,,JPL52_bkB.S,powder,,JPL52_bkB.S.prf
JPL61,2025-03-07,-118.135338,34.16643,JPL61_bkB.S,powder,,JPL61_bkB.S.prf
JPL79,2025-03-07,-118.146431,34.199635,JPL79_bkB.S,powder,,JPL79_bkB.S.prf
JPL86,2025-03-07,-118.128921,34.200775,JPL86_bkB.S,powder,,JPL86_bkB.S.prf
XPAH20,2025-03-07,-118.154297,34.191078,XPAH20_bkB.S,powder,,XPAH20_bkB.prf
XPAH29,2025-03-07,-118.11,34.18834,XPAH29_bkB.S,powder,,XPAH29_bkB.S.prf
XPAH29,2025-03-07,-118.11,34.18834,XPAH29_bkB.S,powder,,XPAH29_bkB.prf
1590,2025-03-10,-118.0888207,34.1399091,1590_bkB.S,powder,,1590.prf
1620,2025-03-10,-118.123503,34.17194,1620_bkB.S,powder,,1620.prf
GPS09,2025-03-10,-118.146214,34.15316,GPS09_bkB.S,powder,,GPS09.prf
JPL33,2025-03-10,-118.06999,34.175049,JPL33_bkB.S,powder,,JPL33.prf
JPL43,2025-03-10,-118.02007,34.17599,JPL43_bkB.s,powder,,JPL43.prf
JPL50,2025-03-10,-118.191721,34.199831,JPL50_bkB.S,powder,,JPL50.prf
JPL63,2025-03-10,-118.154636,34.165413,JPL63_bkB.S,powder,,JPL63.prf
JPL77,2025-03-10,-118.146334,34.189415,JPL77,powder,,JPL77_bkB.S.prf
JPL89,2025-03-10,-118.19433,34.127434,JPL89_bkB.S,powder,,JPL89.prf
JPL94,2025-03-10,,,JPL94_bkB.S,powder,,JPL94.prf
JPL95,2025-03-10,-118.118895,34.149446,JPL95_bkB.S,powder,,JPL95.prf
GPS03,2025-03-13,-118.144,34.13004,GPS03_bkB.S,powder,,GPS03.prf
GPS05,2025-03-13,-118.136055,34.142425,GPS05_bkB.S,powder,,GPS05.prf
JPL09,2025-03-13,-118.127696,34.161591,JPL09_bkB.S,powder,,JPL09.prf
JPL11,2025-03-13,-118.168567,34.189899,JPL11_bkB.S,powder,,JPL11.prf
JPL29,2025-03-13,-118.0829862,34.1835037,JPL29_bkB.S,powder,,JPL29.prf
JPL40,2025-03-13,,,JPL40_bkB.S,powder,,JPL40.prf
JPL48,2025-03-13,-118.057554,34.161124,JPL48_bkB.S,powder,,JPL48.prf
JPL58,2025-03-13,-118.159399,34.175086,JPL58_bkB.S,powder,,JPL58.prf
JPL28,2025-03-14,,,JPL28_bkB.S,powder,,JPL28.prf
XPAH26,2025-03-14,-118.154653,34.19516,XPAH26_bkB.S,powder,,XPAH26.prf
XPAH28,2025-03-14,-118.135615,34.206473,XPAH28_bkB.S,powder,,XPAH28.prf
XPAH55,2025-03-14,-118.10439,34.19345,XPAH55_bkB.S,powder,,XPAH55.prf
XPAH58,2025-03-14,-118.097225,34.177179,XPAH58_bkB.S,powder,,XPAH58.prf
1590,2025-04-14,-118.0888207,34.1399091,1590_B.S_1,powder,,1590_B.S_1.prf
1590,2025-04-14,-118.0888207,34.1399091,1590_B.S_2,powder,,1590_B.S_2.prf
1590,2025-04-14,-118.0888207,34.1399091,1590_B.S_3,powder,,1590_B.S_3.prf
JPL58,2025-04-14,-118.159399,34.175086,JPL58_B.S_1,powder,,JPL58_B.S_1.prf
JPL58,2025-04-14,-118.159399,34.175086,JPL58_B.S_2,powder,,JPL58_B.S_2.prf
JPL58,2025-04-14,-118.159399,34.175086,JPL58_B.S_3,powder,,JPL58_B.S_3.prf
XPAH20,2025-04-14,-118.154297,34.191078,XPAH20_A.S_1,powder,,XPAH20_A.S_1.prf
XPAH20,2025-04-14,-118.154297,34.191078,XPAH20_A.S_2,powder,,XPAH20_A.S_2.prf
XPAH20,2025-04-14,-118.154297,34.191078,XPAH20_A.S_3,powder,,XPAH20_A.S_3.prf
1606,2025-06-25,,,6-25_1606,pellet,6-25_pellets,6-25_1606.prf
1639,2025-06-25,,,6-25_1639,pellet,6-25_pellets,6-25_1639.prf
1642,2025-06-25,,,6-25_1642,pellet,6-25_pellets,6-25_1642.prf
JPL07,2025-06-25,-118.162948,34.161926,6-25_JPL07,pellet,6-25_pellets,6-25_JPL07.prf
JPL59,2025-06-25,-118.144892,34.173628,6-25_JPL59,pellet,6-25_pellets,6-25_JPL59.prf
JPL63,2025-06-25,-118.154636,34.165413,6-25_JPL63_bkB.S,pellet,6-25_pellets,6-25_JPL63.prf
JPL73,2025-06-25,-118.130156,34.188432,6-25_JPL73,pellet,6-25_pellets,6-25_JPL73.prf
JPL76,2025-06-25,-118.145178,34.191261,6-25_JPL76,pellet,6-25_pellets,6-25_JPL76.prf
JPL77,2025-06-25,-118.146334,34.189415,6-25_JPL77,pellet,6-25_pellets,6-25_JPL77.prf
JPL09,2025-06-28,-118.127696,34.161591,6-28_JPL09,pellet,6-28_pellets,6-28_JPL09.prf
JPL11,2025-06-28,-118.168567,34.189899,6-28_JPL11,pellet,6-28_pellets,6-28_JPL11.prf
JPL48,2025-06-28,-118.057554,34.161124,6-28_JPL48,pellet,6-28_pellets,6-28_JPL48.prf
JPL95,2025-06-28,-118.118895,34.149446,6-28_JPL95,pellet,6-28_pellets,6-28_JPL95.prf
XPAH55,2025-06-28,-118.10439,34.19345,6-28_XPAH55,pellet,6-28_pellets,6-28_XPAH55.prf
XPAH58,2025-06-28,-118.097225,34.177179,6-28_XPAH58,pellet,6-28_pellets,6-28_XPAH58.prf
JPL43,2025-07-14,-118.02007,34.17599,ash-pellets_14-July_JPL43,pellet,XRF_15-July_pellets,ash_pellet_JPL43.prf
JPL50,2025-07-14,-118.191721,34.199831,ash-pellets_14-July_JPL50,pellet,XRF_15-July_pellets,ash_pellet_JPL50.prf
JPL68,2025-07-14,-118.1630706,34.19871117,ash-pellets_14-July_JPL68,pellet,XRF_15-July_pellets,ash_pellet_JPL68.prf
JPL73,2025-07-14,-118.130156,34.188432,14_July_ash_pellets_JPL73,pellet,XRF_15-July_pellets,ash_pellet_JPL73.prf
JPL79,2025-07-14,-118.146431,34.199635,ash-pellets_14-July_JPL79,pellet,XRF_15-July_pellets,ash_pellet_JPL79.prf
1590,2025-07-15,-118.0888207,34.1399091,ash-pellets_15-July_1590,pellet,XRF_15-July_pellets,ash-pellet_1590.prf
1606,2025-07-15,,,ash-pellets_15-July_1606,pellet,XRF_15-July_pellets,ash-pellet_1606.prf
1620,2025-07-15,-118.123503,34.17194,ash-pellets_15-July_1620,pellet,XRF_15-July_pellets,ash-pellet_1620.prf
1639,2025-07-15,,,ash-pellets_15-July_1639,pellet,XRF_15-July_pellets,ash-pellet_1639.prf
1642,2025-07-15,,,ash-pellets_15-July_1642,pellet,XRF_15-July_pellets,ash-pellet_1642.prf
GPS03,2025-07-15,-118.144,34.13004,ash-pellets_15-July_GPS03,pellet,XRF_15-July_pellets,ash-pellet_GPS03.prf
GPS09,2025-07-15,-118.146214,34.15316,ash-pellets_15-July_GPS09,pellet,XRF_15-July_pellets,ash-pellet_GPS09.prf
JPL06,2025-07-15,-118.110278,34.176361,ash-pellets_15-July_JPL06,pellet,XRF_15-July_pellets,ash-pellet_JPL06.prf
JPL07,2025-07-15,-118.162948,34.161926,ash-pellets_15-July_JPL07,pellet,XRF_15-July_pellets,ash-pellet_JPL07.prf
JPL09,2025-07-15,-118.127696,34.161591,ash-pellets_15-July_JPL09,pellet,XRF_15-July_pellets,ash-pellet_JPL09.prf
JPL11,2025-07-15,-118.168567,34.189899,ash-pellets_15-July_JPL11,pellet,XRF_15-July_pellets,ash-pellet_JPL11.prf
JPL15,2025-07-15,-118.1755,34.175306,ash-pellets_15-July_JPL15,pellet,XRF_15-July_pellets,ash-pellet_JPL15.prf
JPL18,2025-07-15,-118.186769,34.171063,ash-pellets_15-July_JPL18,pellet,XRF_15-July_pellets,ash-pellet_JPL18.prf
JPL25,2025-07-15,-118.10011,34.162417,ash-pellets_15-July_JPL25,pellet,XRF_15-July_pellets,ash-pellet_JPL25.prf
JPL28,2025-07-15,,,ash-pellets_15-July_JPL28,pellet,XRF_15-July_pellets,ash-pellet_JPL28.prf
JPL29,2025-07-15,-118.0829862,34.1835037,ash-pellets_15-July_JPL29,pellet,XRF_15-July_pellets,ash-pellet_JPL29.prf
JPL33,2025-07-15,-118.06999,34.175049,ash-pellets_15-July_JPL33,pellet,XRF_15-July_pellets,ash-pellet_JPL33.prf
JPL40,2025-07-15,,,ash-pellets_15-July_JPL40,pellet,XRF_15-July_pellets,ash-pellet_JPL40.prf
JPL48,2025-07-15,-118.057554,34.161124,ash-pellets_15-July_JPL48,pellet,XRF_15-July_pellets,ash-pellet_JPL48.prf
JPL51,2025-07-15,-118.178906,34.202526,ash-pellets_15-July_JPL51,pellet,XRF_15-July_pellets,ash-pellet_JPL51.prf
JPL52,2025-07-15,,,ash-pellets_15-July_JPL52,pellet,XRF_15-July_pellets,ash-pellet_JPL52.prf
JPL58,2025-07-15,-118.159399,34.175086,ash-pellets_15-July_JPL58,pellet,XRF_15-July_pellets,ash-pellet_JPL58.prf
JPL59,2025-07-15,-118.144892,34.173628,ash-pellets_15-July_JPL59,pellet,XRF_15-July_pellets,ash-pellet_JPL59.prf
JPL61,2025-07-15,-118.135338,34.16643,ash-pellets_15-July_JPL61,pellet,XRF_15-July_pellets,ash-pellet_JPL61.prf
JPL63,2025-07-15,-118.154636,34.165413,ash-pellets_15-July_JPL63,pellet,XRF_15-July_pellets,ash-pellet_JPL63.prf
JPL76,2025-07-15,-118.145178,34.191261,ash-pellets_15-July_JPL76,pellet,XRF_15-July_pellets,ash-pellet_JPL76.prf
JPL77,2025-07-15,-118.146334,34.189415,ash-pellets_15-July_JPL77,pellet,XRF_15-July_pellets,ash-pellet_JPL77.prf
JPL86,2025-07-15,-118.128921,34.200775,ash-pellets_15-July_JPL86,pellet,XRF_15-July_pellets,ash-pellet_JPL86.prf
JPL89,2025-07-15,-118.19433,34.127434,ash-pellets_15-July_JPL89,pellet,XRF_15-July_pellets,ash-pellet_JPL89.prf
JPL94,2025-07-15,,,ash-pellets_15-July_JPL94,pellet,XRF_15-July_pellets,ash-pellet_JPL94.prf
JPL95,2025-07-15,-118.118895,34.149446,ash-pellets_15-July_JPL95,pellet,XRF_15-July_pellets,ash-pellet_JPL95.prf
XPAH20,2025-07-15,-118.154297,34.191078,ash-pellets_15-July_XPAH20,pellet,XRF_15-July_pellets,ash-pellet_XPAH20.prf
XPAH26,2025-07-15,-118.154653,34.19516,ash-pellets_15-July_XPAH26,pellet,XRF_15-July_pellets,ash-pellet_XPAH26.prf
XPAH28,2025-07-15,-118.135615,34.206473,ash-pellets_15-July_XPAH28,pellet,XRF_15-July_pellets,ash-pellet_XPAH28.prf
XPAH29,2025-07-15,-118.11,34.18834,ash-pellets_15-July_XPAH29,pellet,XRF_15-July_pellets,ash-pellet_XPAH29.prf
XPAH55,2025-07-15,-118.10439,34.19345,ash-pellets_15-July_XPAH55,pellet,XRF_15-July_pellets,ash-pellet_XPAH55.prf
XPAH58,2025-07-15,-118.097225,34.177179,ash-pellets_15-July_XPAH58,pellet,XRF_15-July_pellets,ash-pellet_XPAH58.prf
