iteration,n_train,n_oob,r2_oob,rmse_oob,intercept,slope
1,35,13,-48.96904918815747,111.61490030924286,-184.10516271604294,1.6074305800880007
2,35,14,0.4362388006890663,382.17334309375633,-91.42524935003365,1.6179313358902094
3,35,10,-2.9471075203365866,97.71866844119383,-171.69166898845808,1.6022159102328852
4,35,15,-1.0148296100250551,303.96887936127996,-140.88547113542796,1.614608710249821
5,35,10,-1.7412986751993587,372.5090181767222,-131.98907032787787,1.6098742376688695
6,35,13,0.6664265371152833,2834.097883558407,13.835637519375021,0.724046875563849
7,35,11,-1.4265070026138198,394.83563357756714,-118.77151494550539,1.6176179267262147
8,35,14,0.5715132493586877,85.01513790543666,-143.9856140567735,1.6062421750401779
9,35,14,-0.29043612023246745,147.01544256820802,-217.95033424199957,1.5954414602566498
10,35,10,0.6559751327280756,3227.1057118368244,8.572942078873163,0.7256924687048727
11,35,14,0.20571090245374646,156.37501204802368,-236.8389990904621,1.6185692745142006
12,35,12,0.9161197336893713,1467.2623424840283,-38.391214384656756,1.176652603328293
13,35,12,0.9179280981147996,148.8918197124134,-142.75355181318133,1.6099492563805822
14,35,14,-0.9842730991454844,313.274933286334,-143.31524988934459,1.6122572358069103
15,35,13,-1.9869844812677653,372.59800902857546,-100.76906621741942,1.6177054484286333
16,35,11,0.5339571487523136,378.6669110861624,-128.48546518688107,1.6170140107529627
17,35,13,0.9200913717908012,141.3666906373045,-156.18299211280566,1.617448573985528
18,35,9,0.535799163538732,106.31919461978835,-177.5154199850614,1.615206303421419
19,35,15,0.8431526288146862,184.96625840753842,-156.14035194946499,1.6032085171598265
20,35,13,-0.04341748609417406,140.2371148917738,-212.94546086583733,1.6116499394053836
21,35,14,0.2691550493451441,152.875112801921,-216.65336085451162,1.6198562418205982
22,35,13,0.9189901430132837,144.10447812153802,-158.7922612245131,1.6201859007990551
23,35,14,-1.768838879161644,175.88001938265188,-200.50298027292195,1.595189747392268
24,35,17,0.9514170688166987,953.5993319454184,-43.429698772424494,1.2825694895068087
25,35,12,0.918579189139732,147.7308187779874,-195.79859060528293,1.5956014283838167
26,35,15,-30.882206194054,101.36293874677928,-165.8447317722947,1.6195277526367426
27,35,15,-1.70718020552163,333.73282673785644,-134.96929066885767,1.6078473907566988
28,35,15,0.865817009042871,1683.8275702250285,-42.79331514829201,1.0478121814956125
29,35,13,0.26212204045909204,167.37873159180185,-132.1932623024577,1.6171592116102733
30,35,10,0.7728766679179156,2634.1015417547605,-21.957067199882275,0.8888837940596098
31,35,13,-1.7532006949811527,360.7483574013156,-121.22274777192476,1.6106858536306239
32,35,11,0.9227859479708695,151.18298473245608,-151.05392196920212,1.6162917067978464
33,35,16,0.8147858744296999,1915.9064575864147,-28.696868199270774,0.9476309717113764
34,35,14,0.7189826915350994,68.73754514070679,-137.36570526790075,1.6139060759273394
35,35,11,0.5679196475573495,3455.608374109022,7.678765270124156,0.6178974076838544
36,35,13,0.5259766793779206,360.1869018363616,-101.82878382059816,1.6166930434569398
37,35,11,-0.18451990276183095,186.85773876090562,-118.44038192973888,1.6055820196217363
38,35,13,0.904869575802018,1514.705665080584,-57.43649082729574,1.1442849566618198
39,35,10,0.5870820224522352,99.1230929094128,-167.7835447090373,1.6003418478050517
40,35,13,0.7935031177858162,2231.246963031223,-23.499062125832655,0.9137247090836704
41,35,8,-1.7506708676222713,412.71623098441603,-136.1991563983031,1.612271815186976
42,35,12,0.6816003376606454,2862.6464489381756,11.411378526222025,0.7503555590854207
43,35,12,0.9302452527652143,138.35699086282213,-152.01979205214022,1.6099460019600862
44,35,16,0.8299085971278208,190.09226514232782,-214.47866572618602,1.6096824408586359
45,35,14,-0.03648317208246943,129.742530784822,-212.82054149086002,1.6114233522861348
46,35,10,0.48341009005085533,415.8338792349701,-96.3281057559501,1.6178552036631562
47,35,14,0.6719380085338436,2718.2238759044485,28.683600798515688,0.7268817094915815
48,35,11,0.8388015472940029,216.76963608418924,-129.75085170472155,1.610788413946613
49,35,12,0.9494940746976289,1138.2843653948541,-53.1512671809657,1.2818822456453205
50,35,12,0.8347181571036779,2069.221734896684,-31.443991211496893,0.9907398461877438
51,35,13,0.8163389581105918,2104.722957891318,-22.43509514214106,0.9534227401349695
52,35,11,0.9228667548867969,1466.612047464596,-45.444215993422645,1.196599425864398
53,35,12,0.8216014427602113,2156.1029159624904,-25.93824273761955,0.9638492158892842
54,35,13,0.9299866465692412,134.05219868747577,-142.37119051284725,1.6091205134347362
55,35,10,-0.814590329931244,372.4470853645866,-150.71528750446876,1.6168568026528518
56,35,9,0.5014074569442766,429.82196165011976,-105.40033051463084,1.616634094310164
57,35,14,0.9453037702815883,1107.5207774958578,-44.88841952758597,1.2628661928236178
58,35,13,0.5490060157840979,352.31363454956454,-128.406162517917,1.6142067641883944
59,35,10,0.9278615317451082,151.1221981051216,-136.19378278021765,1.609148157056663
60,35,13,0.6484651558371544,2901.442374032657,16.01141410615696,0.7029067353167573
61,35,14,0.8353557381050623,198.98042012636083,-154.4685284175303,1.6136986864309164
62,35,15,0.5260958273152627,339.13373386265886,-97.95870327034768,1.616493606812039
63,35,13,0.7564579679240173,2406.0881220529664,-17.458144844534406,0.8608199381557585
64,35,11,-2.8827301856393293,86.03770172302123,-159.06967600777398,1.6070104580024394
65,35,7,0.9334703142924804,169.4265662347881,-180.79146104235036,1.6016385319178017
66,35,14,0.7499836488302899,2377.822044077484,2.844574129080949,0.837241312547279
67,35,8,-26.718053460952568,108.12486031812294,-167.33648572525087,1.6073114759021778
68,35,15,0.8434742724814375,189.92329024466994,-148.1730997365013,1.6031589657944065
69,35,11,0.92359066911666,151.2335995767613,-175.22901995869515,1.6014561569342034
70,35,18,0.7506918919316437,2105.123338694152,-16.786023437878956,0.8363429706956943
71,35,12,-0.13564963901474236,180.33798862974984,-183.14043671084443,1.6172832061463223
72,35,13,0.5930614638489449,3127.3457406029306,15.838701225488665,0.6326258540502444
73,35,12,-2.0981560112438302,390.55728840703733,-91.2388766205762,1.616813642223228
74,35,15,0.9167280268632925,134.45589772280078,-171.7133241134777,1.6027495132593437
75,35,12,0.9340417551822945,132.7101717451032,-134.12434604566872,1.6088189278740328
76,35,13,0.946164446932454,1135.2270700193208,-49.18555755451705,1.2678790789345158
77,35,15,0.5979244582183689,2910.16478106824,11.732368728683513,0.6335684346138433
78,35,12,-1.381585077332892,381.6143038528288,-112.47895083809193,1.6174645209313496
79,35,9,0.5985031797748177,3637.732476581772,10.917593198914316,0.6646517447701699
80,35,14,-1.0416710563808396,318.4901536517375,-137.0876479584494,1.6178262542965267
81,35,13,0.6905597140981874,100.91976949056789,-168.31207352785907,1.6061374045339045
82,35,15,0.8405413263126519,189.46322859228852,-161.08049903647034,1.617771063685563
83,35,14,0.8472763596037659,191.16453719353598,-146.91338860201208,1.602835680940407
84,35,8,0.7626374423925762,2974.058004843919,-15.242438728421492,0.8809575405172918
85,35,14,-0.6622370929061592,169.2310037600382,-241.44203408740734,1.6202267210891186
86,35,16,0.5545432739180489,318.60713620914424,-135.24884535514218,1.6208364349634437
87,35,16,0.7214504267642434,2346.7441725292892,-1.086083396587387,0.7975070706890639
88,35,10,-1.1560361400825157,372.6714532309234,-139.0543518488559,1.613067905645914
89,35,14,-0.592689670400764,168.85819153885936,-239.59548532424535,1.6024616872595818
90,35,16,0.8375490727453909,1798.5185043039794,-27.516705077389805,0.9879791136441656
91,35,15,-1.4178721046802547,349.35121361977235,-96.39609092810055,1.6164909438759452
92,35,13,0.9426506640612726,1171.1260957869006,-48.03531294016399,1.255971383787086
93,35,12,-61.629199833134585,146.892016092025,-207.27633512928256,1.6045809023421493
94,35,12,0.8500632413939417,1977.1867596102434,-18.107596904347403,1.0170717371987736
95,35,13,-1.590936170876586,167.92150642832055,-150.30828402098413,1.6133416025647858
96,35,13,-4.978000367126737,103.17532251209497,-176.2474489623718,1.6196186554516838
97,35,11,-1.5511963097374832,412.57593340426007,-92.29766165186666,1.6176165842360937
98,35,10,-35.29009639945246,105.4651647912342,-174.43198020566984,1.6045345206443178
99,35,15,0.5808963483795979,2963.865589367469,10.543802452908496,0.616102529460877
100,35,11,-1.9092541581310742,396.3454605244463,-116.56923703528606,1.6156544081952857
101,35,13,0.95332123492862,1056.6407358573108,-38.9694233497416,1.2936728732576324
102,35,11,0.9005387452938218,171.65321293427314,-205.6351340943405,1.616388668073126
103,35,13,0.6506431113563886,2885.6171977561025,9.260183941469615,0.7085778833324735
104,35,13,0.7519639318630341,2436.3900535297234,1.587113950937134,0.8494068700949421
105,35,15,0.03849381999831358,166.57152280958354,-256.0500805376021,1.6116571613018742
106,35,14,0.5536287456218942,118.04697306674156,-190.15223163597028,1.6120627342524534
107,35,14,0.8606867430113989,1766.7216672842103,-21.64347819397139,1.040710198357923
108,35,15,0.8405845942247014,192.56623315532704,-207.2717385331765,1.5904657853793405
109,35,13,0.8481290659902245,1910.886299082869,-37.645897032463274,1.0157590307195357
110,35,11,0.8265294013311854,225.38586941523147,-111.435513670714,1.609135434447728
111,35,9,0.9283154065958173,156.71149154674,-142.28980311297488,1.609527140098673
112,35,12,0.9415561629334476,1227.0777554780536,-54.457125608585805,1.2522309075922615
113,35,13,-0.5961487804437604,169.97423209296713,-255.60323164090528,1.6121247050013772
114,35,15,0.8687557405394026,1668.2208717349506,-36.519633980482524,1.0524932319073428
115,35,13,0.8807154943884373,1693.8979436388745,-42.844494089302344,1.083886586823843
116,35,11,0.7695148365730754,2542.8023884321115,-9.4694353975074,0.8786470578631841
117,35,8,0.8145907437036046,2620.89038327486,-25.822081638056876,0.9687274248901321
118,35,12,0.9213466398188945,146.7738861558854,-159.86589648689431,1.601827034460834
119,35,12,0.716130355850728,2692.1901051870354,-4.99219093286165,0.803322891662716
120,35,12,0.7399875944953594,94.95008326848426,-171.0976436405253,1.6040588462870005
121,35,15,0.7658579138749562,2222.0089446441234,-17.781282704377467,0.8646250434796147
122,35,12,0.9214006379417826,1426.8861576299057,-50.118604063057965,1.1898017497284326
123,35,16,0.859093732471425,1676.3673790865694,-17.81027901090875,1.0299655796454712
124,35,15,0.5624523759187053,328.79331238694937,-118.95247538506217,1.617173007865923
125,35,15,0.8408469162972556,190.48213230409615,-126.41565966486598,1.616149747755058
126,35,11,0.3485713273183151,117.14592885144111,-183.22175342578367,1.6153811517304169
127,35,9,0.09762087153482535,149.82987637423753,-216.52334654927762,1.5937626571393604
128,35,12,0.7783573924858237,2396.005175458589,-19.043594540957464,0.8912184869731578
129,35,12,0.9272223431257659,141.60899505413548,-145.53583010931578,1.616699782686125
130,35,9,-1.223983381480716,392.8412277202367,-118.2683941365587,1.6127590259758742
131,35,12,-1.7562738786106848,377.5407644228489,-118.39581044747477,1.610632416809083
132,35,14,0.43166789519453375,377.47279286138246,-107.38385653151782,1.6197843454579242
133,35,13,0.31328677342416755,112.1288707261754,-190.89935512565168,1.6194920924025946
134,35,13,0.8401704413323486,202.8370130616943,-128.11819930857345,1.6104927121728982
135,35,13,-1.2013588876865713,357.9751729576709,-124.632403024763,1.6059914869435963
136,35,13,0.6647133094722177,2826.721403386874,1.5611309830640274,0.7278137859275403
137,35,12,0.8332233877806927,211.61959170506628,-129.1797262596745,1.6164751769522132
138,35,14,0.9431266212284783,1128.4422580497558,-57.44644375935481,1.25663760761924
139,35,16,0.619288402281813,2754.1528694705185,13.772534977555997,0.6551631998964704
140,35,9,-1.3274321602787573,194.18983847876896,-132.75200758828575,1.617129387496155
141,35,15,0.6220564108741311,2820.4256852347376,15.566600881892741,0.6630754514096249
142,35,14,0.896440919837596,155.4483797829023,-195.1014041600312,1.6161991701760543
143,35,12,0.8840400751403167,1735.220701990552,-44.53295216723543,1.0922516255112595
144,35,13,-1.6314965155830965,323.7961217328023,-138.0356888198478,1.6126186985120117
145,35,17,0.9266761033156422,1171.4806022567213,-42.98332793665434,1.2005960466730252
146,35,15,0.2830042831129719,159.5086308172572,-129.46388005188712,1.614341229188361
147,35,10,-1.1991848225329602,376.1988822059273,-110.01642599452421,1.6119915770563649
148,35,13,0.8954679437930024,1584.9948388321927,-42.45742731310725,1.11848632837785
149,35,13,0.9270993746331838,136.56838450694127,-146.87426171980306,1.6091250638575287
150,35,14,0.9158861484680942,1370.39427599715,-42.95021731500822,1.1728933476891683
151,35,10,-1.7748871267678288,371.8033237510272,-121.49066685597244,1.613033386850639
152,35,13,-1.7373930454553457,362.30304746694975,-123.6395292098196,1.6111387889467033
153,35,13,0.8953091300783103,1590.0143964046258,-29.39023831149466,1.1158129209690213
154,35,14,0.6038402186423141,2977.950159386662,10.791909711797166,0.64489487149644
155,35,11,0.6886559453264309,79.4904142401192,-147.04335050955797,1.6177641840081856
156,35,14,0.8372507963819371,1910.6811261667374,-29.361633972046253,0.9922203401778634
157,35,12,-1.2722533263499565,370.7771823953199,-132.06259583155693,1.6068543154585653
158,35,12,0.84993308237111,1969.0788074980994,-31.31551679767304,1.0210350658895408
159,35,15,0.556003634739499,326.39490090678163,-128.7490214187519,1.6156805719126648
160,35,12,0.682859315669587,2863.0182562994337,10.826553290302344,0.7502741724530768
161,35,13,-0.9524135524833415,320.0296240880233,-158.8579781250334,1.605522347623085
162,35,15,-1.3327082907401513,193.55566857699034,-282.931430046888,1.6111747765168
163,35,11,-12.589688729290987,76.10357781708701,-145.25885436363487,1.605633506317026
164,35,14,0.5537657690608504,338.4413469876798,-130.97295998859886,1.618375156036905
165,35,12,0.6359408550790306,82.7457664208777,-148.27320048442826,1.6064259871672957
166,35,9,0.9242485129967616,162.98173797702955,-145.3831398430939,1.6167812183482857
167,35,11,0.9190267412682572,1505.4828254480767,-43.233247536852964,1.1848045130485936
168,35,13,0.9218991394432605,139.59972728615497,-160.53190327782002,1.608628702370414
169,35,11,0.6369524364920487,3174.930511780655,15.308707631075686,0.6971614864992548
170,35,11,0.8292741154013327,220.6085567866033,-123.63419179046515,1.6091171511075248
171,35,14,-0.09798695870210183,167.10823996147633,-185.7304849367573,1.5929658513619869
172,35,8,0.8228967039897048,2560.5582150716923,-29.472697278438496,0.98388664394267
173,35,13,0.8480056096308344,1916.9840006830696,-20.285631952929517,1.011803355976106
174,35,17,0.6119142018496743,2703.4865403220974,14.295034285614243,0.6439032360479838
175,35,12,0.8477180662624648,201.9675108852553,-151.89918866556746,1.60236604125132
176,35,14,0.5610257310939308,335.2953128526196,-145.3650900738373,1.6194342687445726
177,35,12,-27.817639512861952,90.02913044654895,-159.72291487907336,1.6188831337189944
178,35,10,-1.2600642636798423,186.87961260873365,-136.89465669516733,1.6067171850116435
179,35,12,-0.024128388990170002,172.32785205711863,-163.48694322566527,1.6123622092705088
180,35,12,0.9104713403440446,1523.8672368599216,-38.562351766395075,1.1562496960399158
181,35,14,0.8446448059569142,1874.1753387538786,-28.68647340019013,1.0037880447484782
182,35,10,0.6227797569201368,3374.2345086541786,21.704735499820252,0.6843524696767014
183,35,12,-0.9996381530749525,338.7421316593509,-146.33827486071294,1.620180895517122
184,35,14,0.5944494343612969,3012.4475735974634,11.51160399020965,0.6335786981499846
185,35,11,-1.0841269089581922,355.79377230997846,-129.97629894424065,1.6194669410509708
186,35,14,0.9463896343434005,1096.9624248261562,-45.61231865125169,1.2667223558774348
187,35,15,-1.3661206731664675,349.1097485438188,-91.8368654978081,1.6131473349097563
188,35,15,0.672614011992493,2630.9000090049267,12.212628678377307,0.7266925586909919
189,35,13,-2.039205679063949,372.64176094996975,-99.29778497933958,1.61757301775981
190,35,12,0.8579196804301382,1909.7852007302681,-25.135083502023484,1.0406171992253226
191,35,11,0.919701656942758,1499.6814829452792,-47.939302316261376,1.1869712130018162
192,35,12,0.9176379865308936,1460.8063076041426,-46.59790408183905,1.17905239184412
193,35,14,0.42679812003705964,98.28185118435657,-167.03786253025842,1.6005086451877217
194,35,11,-4.7631518207236985,105.50548983647892,-182.01575461637523,1.6071156755193823
195,35,11,0.932467571648412,139.9579803570735,-140.53356284519933,1.6093572301646224
196,35,12,0.9393446172432945,1253.6535983952538,-53.47467810752129,1.2438345595659521
197,35,13,0.527408855500977,359.56940924055544,-100.7156265094749,1.6179721789507102
198,35,12,0.41797103598948215,412.5828257001777,-92.40095753750067,1.618014226357276
199,35,15,0.7588427618599156,2254.062003421672,-22.67204700539243,0.8543011279220615
200,35,10,-1.7424250907511247,367.0006135188174,-142.6467874116224,1.6127342687439097
201,35,14,0.5284122628739444,346.57223622113884,-101.43450416785981,1.6179969881953562
202,35,13,0.5878027037775718,3137.526655397341,11.94797641328123,0.6301097977112475
203,35,12,0.8800260960852611,1748.060701138378,-31.738450891264034,1.0910167561637019
204,35,12,0.8913136186572874,1677.0319939542596,-41.40374976610225,1.1102611059040974
205,35,15,0.5751489854660854,2983.9995307852046,4.574113776644256,0.6099504990078581
206,35,13,0.5763400691179917,3179.491898288922,7.977517518360257,0.61762560364033
207,35,14,-1.6139156979304863,313.7304716601053,-134.0658252106917,1.612069579067819
208,35,12,0.4264014955909785,409.4328932875632,-102.34776025783883,1.6191131850090874
209,35,12,0.47153698993033943,100.20600931703464,-179.8930578399198,1.6175202134482476
210,35,10,-1.6152130002415763,71.81975044780387,-146.22689980914305,1.6144987353802733
211,35,14,0.8398753865107387,1902.8719457641246,-23.894925604366925,0.9940254483442025
212,35,8,0.4581070212509475,462.56689288555265,-101.60327067599698,1.6168972890306472
213,35,11,0.8292784788280645,222.00608166836025,-124.36350738606332,1.6179454167894969
214,35,11,0.9311449851660407,141.87734555741739,-136.43276912775258,1.615835306257697
215,35,12,-2.0470515804775995,389.15219703630714,-94.13870383325545,1.6160713744065984
216,35,11,0.7825777229025817,2462.2290100634514,-23.46550432120702,0.903374069145659
217,35,14,0.833304308202669,198.90216658062968,-118.22548364024347,1.6091574041960333
218,35,13,-1.8008572354750032,363.5757080508892,-119.36535716156837,1.6158564814929763
219,35,10,0.6072258350236257,3432.1622096748015,8.322858310553597,0.6698971573910119
220,35,12,0.8913938241982826,170.59493258552604,-234.7571774651878,1.591354039063828
221,35,11,0.8473067866456094,210.55726638412548,-148.5928844857457,1.6024380643536646
222,35,10,0.6455023018751157,89.16636715801188,-158.35100156902783,1.6031949733720179
223,35,11,0.43175043085526776,111.02985333558968,-192.3574638201115,1.6120276366835244
224,35,12,0.2449460216160756,175.07129031906933,-126.01767293400405,1.6179501458341088
225,35,12,0.5321855680210108,367.2006480085781,-119.14521551485268,1.620502875658902
226,35,11,0.9254130768174472,146.54885503685023,-185.94984200142602,1.601441487446262
227,35,13,0.5530419147121217,349.7010467763975,-137.83830001546806,1.6187788812410895
228,35,11,0.8908025828312516,1745.777443858063,-43.91176396957405,1.112189244181223
229,35,12,-0.9872788655237965,331.2190640909832,-157.59594447444184,1.6039326218364511
230,35,15,-1.6264787610102958,302.38781910901093,-150.03570492106067,1.6172488503724822
231,35,11,0.834620438654529,219.21590175730972,-128.54561820430223,1.6107236947755992
232,35,10,0.9299202784461025,148.80321403871497,-183.65878383464965,1.6023638156796975
233,35,8,-1.4875939941442482,202.68986451840485,-153.4149762151997,1.6139187243686044
234,35,12,0.8953186956724895,1643.2308237533946,-32.06115963525221,1.1196826099979293
235,35,13,-0.01045432301068705,137.09224008374926,-211.4182587213717,1.6132215935476941
236,35,14,0.9276372451780897,129.94144132503175,-137.0610184965096,1.609234722276496
237,35,11,-1.3400638570662102,391.19374557550384,-131.2200644037779,1.6115700456656394
238,35,13,-0.2424278641004456,179.6383573447792,-204.87558578854143,1.5919322095675843
239,35,10,-1.4854976841380427,413.99262450916194,-115.63043764456552,1.6138387262342155
240,35,11,0.6084175014978692,3287.2715815458164,8.561720763526923,0.665650714408008
241,35,13,0.8354054279951176,1992.824841291217,-30.906383678837834,0.989197111038337
242,35,11,-0.7312957849802182,354.66227532030246,-156.4132440639626,1.6183469838950741
243,35,13,-1.4256212666705212,372.68624327586366,-98.52307059552811,1.608989555159861
244,35,12,-1.1336547229415874,344.5537792972088,-104.63318355247563,1.6114174284749438
245,35,12,0.5914393509752998,3223.4700416444407,11.023939124756133,0.6429621071287526
246,35,12,0.6018745122156579,3198.936795074922,12.289414551412742,0.6498826903735698
247,35,12,-25.05155083731724,80.8464200144235,-153.70791686925725,1.6066025952212648
248,35,12,0.6387700888644066,81.62605693110598,-150.47945534927464,1.602390433642325
249,35,14,0.3059250151017664,109.79182404774902,-179.09311365754462,1.6029121477640655
250,35,10,0.9213946962250766,157.53672618142522,-142.29475267934603,1.6187928732035957
251,35,17,-0.9691644291726982,326.9798792572032,-106.10204049001094,1.6191049268033244
252,35,11,0.9327390984457341,140.00261746087185,-142.64830204427383,1.6092225939299192
253,35,14,0.8185646954714721,2020.919892283419,-21.92201513015013,0.9555355356520092
254,35,12,0.8424954795316084,207.7796259937846,-156.43715740101698,1.603856797785234
255,35,11,-1.581105336832385,404.7565272728391,-94.88233254671326,1.6131120564472374
256,35,13,0.9222642594364802,141.0990631656343,-177.0455767963425,1.6010833922098342
257,35,13,0.44363552847435495,98.25557568312362,-173.9016670040956,1.6150937328581743
258,35,10,0.9335083004351254,144.27537913759815,-144.50160794644768,1.6071407856506883
259,35,13,-16.86164768213616,184.99866762832235,-257.91227914211663,1.6214554069500238
260,35,12,-1.13390085643787,340.1009252091517,-110.92476610059913,1.6118112965926088
261,35,15,0.6572509943724312,2689.956127485164,19.475908623959775,0.7062989807293305
262,35,9,-2.1638601887031856,86.78732990212957,-159.96477307605386,1.6048638505581978
263,35,12,0.3892549130657661,418.29128800548006,-83.85015447652472,1.61774718255567
264,35,12,0.22858706603620416,124.08187517087254,-191.3988257416361,1.6144304851601239
265,35,13,0.7516348463935499,2437.3649322953397,-7.215114919065769,0.8498748326871677
266,35,14,0.4037512952439213,391.66214692834814,-78.79085366193713,1.6176748231527134
267,35,16,0.7592052640971423,2188.371358515667,-7.326796022811306,0.8508627608151607
268,35,12,0.9111133190153933,1516.0502477939895,-46.44821183529084,1.1595080138966372
269,35,11,0.5375465888627844,380.94323276159724,-120.36892408811936,1.6168285352459264
270,35,12,0.5166804565904028,95.84316227774197,-177.46747346019436,1.602423265583131
271,35,12,0.7470147366836446,2557.513503202735,-9.399297109003433,0.8416917046824386
272,35,11,0.7136961755130429,104.2195181716435,-166.24280035530788,1.6166105803233044
273,35,13,0.7784683582805958,2311.8691802052394,-19.457480983978698,0.8881970262605893
274,35,12,0.811011228364036,2199.8876160711357,-18.523373596349426,0.9522948381403927
275,35,11,-0.4188685679240918,206.75777314369304,-243.37081857739233,1.5909813490017204
276,35,14,0.5979967889470943,2986.572006805303,5.785644700670227,0.6427481856562866
277,35,14,0.5154923502997306,90.82595679619816,-182.1629308801717,1.6127528497321841
278,35,16,0.5987924676739498,2822.920806572037,7.813224479049753,0.6322962877096848
279,35,15,0.018698304976711433,126.88051473698609,-199.0566246446788,1.6174000187909285
280,35,12,0.6409380531461697,3039.491634538552,9.584791385493466,0.6979111221512936
281,35,13,-1.9743392004066957,373.37911486139626,-94.61773371104063,1.616116045247693
282,35,11,0.4990458893093621,393.672062083661,-97.89206539362353,1.6179568115808447
283,35,13,0.8978353258040267,159.47600110559856,-193.41810885082026,1.6153198039496597
284,35,12,0.81256473453870115,2204.339018574486,-13.187184702193049,0.9482976041342749
285,35,14,-0.043548377254562176,161.28611088721598,-155.34327133932734,1.6042489063100391
286,35,14,0.8956556733475503,158.36599117446713,-213.75520416353487,1.6231367175007745
287,35,11,0.890891480468974,1742.5015434925845,-43.36377778214512,1.1130702057048092
288,35,13,0.9143878236373786,148.3586311548986,-140.0291889355216,1.6187880858818393
289,35,12,0.9258645773691476,142.35430355592473,-135.02689039273974,1.6157449803468578
290,35,11,0.5949611910283166,3353.092323665291,13.161624025332792,0.6462309557283191
291,35,13,-1.0825669884693783,328.4690045056547,-127.17616164193205,1.6165351028785861
292,35,14,-0.08093315351744224,164.08946494103412,-167.15254876753306,1.6168889542085847
293,35,10,0.924196496825903,154.39089804747545,-159.62780289136657,1.6089037011152594
294,35,14,-1.0067025188180851,316.42328076083794,-128.68149610025176,1.609935846771145
295,35,14,0.356808229056525,105.00237113224928,-175.9201519319041,1.6013176465941659
296,35,14,0.6141257720849859,2940.763738201016,20.92894562805465,0.655795861714913
297,35,11,0.8216693147573876,225.2605909666403,-110.00430791023238,1.6089339715249271
298,35,11,-1.4577135313538814,185.2150905982988,-168.0649014258946,1.6023456984714608
299,35,10,-1.7488398129319007,373.6861840203775,-127.09082145080771,1.6154716456630838
300,35,11,0.9240868601549033,148.54921131618215,-174.25694453177647,1.6031009417228155
301,35,15,0.8333890377423865,195.5307868396341,-160.35460456726804,1.6047090452224955
302,35,11,-1.4743089623138812,177.3251881457355,-140.3679189862198,1.6149071537224182
303,35,12,0.4107971809855454,107.17920369794996,-171.06401869077973,1.5991772824975579
304,35,11,0.918967740758124,154.38479994614852,-184.12507310841698,1.6076389813934893
305,35,9,0.9273352157868641,158.46842266738395,-141.0955707653126,1.6163052544915175
306,35,11,-133.4853153884847,124.12811671000259,-203.1095242708938,1.6134922610443843
307,35,13,0.7039428140397843,2669.2879104393037,5.086238487683813,0.7761288314031861
308,35,12,0.9170270856661029,148.89048415971246,-173.35305706018957,1.6028762971326647
309,35,11,0.9163248873010847,1527.1892378463622,-45.90461356684093,1.1787939183041243
310,35,13,-0.02561997252709025,166.17647955080506,-130.08608997824103,1.6141554494641195
311,35,13,-1.1078073780743445,368.379678523027,-113.41387691856876,1.6155002026454401
312,35,12,-1.3567162477859243,165.21051666552245,-156.76012596854545,1.599430291743844
313,35,13,-1.0993298020221198,333.38736105874307,-129.99826783119457,1.6181191268866604
314,35,11,0.5201194236796453,386.9511465145558,-108.78879145574733,1.6185948896541222
315,35,14,0.949696283931023,1060.4830569624414,-54.89513038801826,1.279694910543568
316,35,13,0.5696828056223566,86.55703704287588,-160.42156674434275,1.6030311676626305
317,35,12,-1.635054092706941,338.3181343499347,-153.1862287672285,1.61381350846645
318,35,13,0.8268119146105306,2038.124750957336,-28.73426226933358,0.9748411136124335
319,35,16,0.9380892509836973,1106.5207636023426,-62.730456520408964,1.2372071261960198
320,35,16,-0.5966880452713748,296.6735801056718,-152.9372132135358,1.6211788160583809
321,35,13,-0.06276923872946205,169.74638034518065,-126.26121659945026,1.6140474565804133
322,35,14,0.9260239289204552,131.9149640043418,-167.2174222279023,1.606378855852076
323,35,14,0.8338835589166218,198.28427934457372,-128.31754972815975,1.6161135594416847
324,35,11,-1.1573816796782532,361.69846782453675,-120.77972582085903,1.617560002753642
325,35,15,-0.13576732713235318,136.71177382479405,-225.10993003159132,1.6104794766930974
326,35,14,0.24334762435497692,166.10390074312033,-123.68633026724764,1.613818830556148
327,35,12,0.8469925000399228,202.96726672793474,-167.29679395286533,1.603742428146651
328,35,12,0.792310985592319,2322.941309862399,-17.04073111831928,0.9129851688668852
329,35,17,-9.798915771717748,126.38371839127103,-208.68755967210467,1.6137451294557976
330,35,10,-1.225855844806397,373.1357968492226,-131.87721297142295,1.6160331537385
331,35,11,0.49010895981409164,391.06852252123093,-105.85747208905242,1.6186507347698988
332,35,12,0.5895363186594076,3250.283527865902,21.095448235006693,0.6335610272770423
333,35,15,0.8418107026772101,185.8626972052098,-146.18065861130003,1.6023149123911211
334,35,12,-0.731213907206929,343.0498707428832,-131.2143397947809,1.617222913088307
335,35,15,0.8806598069392305,1590.634546022367,-47.126446439665884,1.0795196037145796
336,35,12,0.5459006692796723,366.62287434090615,-125.68580466192137,1.6199083084618833
337,35,13,-10.13786512353054,135.8762766327021,-211.2933230553092,1.6010617908920182
338,35,12,0.8446239535868492,205.7102340774802,-141.80189659728515,1.6022077571674325
339,35,12,0.7720188984756927,2432.0518397153,-10.294858645693683,0.8794703092237189
340,35,13,-1.419877979504494,166.08683712716902,-168.7847516501555,1.5964808464048164
341,35,14,0.8324347117298937,1943.9487210406025,-29.212161013797612,0.9813124944442753
342,35,12,0.37618205714041364,109.90362005373761,-210.32773473954703,1.5924453696536922
343,35,11,-0.823055233740299,359.5462866075537,-129.18377343642868,1.6170850150766314
344,35,12,0.39706514574098584,417.55286449742283,-91.47026775521755,1.6187208143783531
345,35,15,0.5591510788093073,327.6532834609661,-135.95591312179363,1.6205117359804588
346,35,13,0.9062539614278178,1502.7737967194605,-44.242242907022046,1.1437437019729697
347,35,13,0.6455435240190773,2920.219380826191,8.172851783830957,0.6977562802531506
348,35,11,0.5992084852903992,93.39103802140875,-160.59783587736865,1.614115108892124
349,35,12,0.8766073665395698,1791.9987628515132,-37.663029827536405,1.0745474935682455
350,35,10,0.637141753771242,88.98095004987317,-158.30374651953048,1.6137234747781546
351,35,10,0.8319266963607815,2269.5575648881963,-21.773336916362023,0.9889371983705179
352,35,13,0.5919928322864556,3120.0838058331915,5.644674165424531,0.6361285349836813
353,35,15,0.7257288753651926,2388.968162218375,-10.181675925165004,0.8102967515940804
354,35,12,0.9243311036823815,143.28757861097927,-169.20212989323065,1.607955977064257
355,35,13,0.9297238537161202,131.67434500389743,-143.32715808778838,1.6091496673603163
356,35,12,0.8832809519088674,1739.4261609463663,-44.00907606341808,1.0909476395098
357,35,15,0.7645254852515908,2213.120664088164,-8.820668200742022,0.8692296758809657
358,35,12,-1.4386422053134718,169.3112036965429,-177.8346256585394,1.5976724060619982
359,35,11,-1.1554201345129576,359.57889426695795,-118.718560968387,1.6087643309270807
360,35,14,0.6689832819695516,2717.2410482665186,0.11161957612087191,0.7299540208235987
361,35,12,-1.9094552248754582,188.04738201640302,-189.96915061495062,1.6129624939247331
362,35,15,0.5778044189159373,2972.5709796966657,7.8871000719305115,0.6134207608586268
363,35,14,0.9176358948116966,140.16791564262417,-164.97617176457018,1.6095644521471026
364,35,14,-8.957534887679296,127.70575196753946,-207.3812779100738,1.6059033145804422
365,35,10,0.9340082618077487,144.68785176011528,-135.01582528835993,1.6088915578582994
366,35,14,0.6143472699250201,2938.1279314272047,13.225446121882953,0.6573972610412316
367,35,17,-0.010691352855054292,122.93384078650159,-199.92065563369923,1.6223276297548055
368,35,12,0.9263657984314617,142.7534894885351,-166.49042109454936,1.601923973193663
369,35,12,-1.278016903733349,169.8509417964909,-150.21339052957032,1.6043783386818238
370,35,10,0.7474136234034385,75.2098991340857,-150.69839452327548,1.6148736730183078
371,35,12,0.42837429258114235,105.1956383537248,-171.32175402724158,1.6131080395870294
372,35,12,0.8385289348269195,210.14764749645002,-158.41158935587515,1.6138005105515945
373,35,12,0.7612151507561352,2489.9162819467583,-3.062888232808842,0.8614422486158609
374,35,14,0.7871062920890999,2194.770034615849,-6.32501741895195,0.897525527552542
375,35,14,-1.5616375527339734,312.5857063813725,-168.26177496488418,1.6108485828040637
376,35,14,0.5889524506685184,3020.9941816965725,5.802468477172305,0.6316490479395604
377,35,12,0.927425091118969,141.36464794095144,-164.34220626223026,1.6094364826610423
378,35,11,0.9519654847532896,1154.707931956365,-52.554216310315994,1.2923367394671237
379,35,13,0.413413421251032,399.3646819515858,-89.55608570654,1.6172727035535304
380,35,15,0.824202902098143,196.2145800195537,-265.82227080825766,1.5973628708996512
381,35,13,0.9161048781833193,144.66113171610934,-186.58550815175,1.6021881569442171
382,35,15,0.8782258776943933,1606.9484219859105,-35.69404967313485,1.0729879994425693
383,35,12,0.6400060587135462,83.28656534817348,-146.19527622302576,1.6192154180099887
384,35,11,0.7860284985682757,2443.234316652851,-14.802199281615353,0.9081492499491104
385,35,8,-1.9744750447464523,414.39627312467985,-132.2795648754304,1.6177786715767826
386,35,13,-1.638547136653151,325.13015593942026,-145.1325952500232,1.608868510748037
387,35,11,0.7779717714923113,2495.948148500095,-15.791975567530818,0.8928197963062792
388,35,13,0.6249865599474856,2992.1192659714693,8.934534913360457,0.6756245934195098
389,35,13,0.5510887746127209,348.7531009285951,-125.52522437286771,1.6152136186820574
390,35,11,0.18915605873890284,130.64620163262205,-208.46753912631507,1.6006244615368004
391,35,15,-1.6659443853885634,168.7974001478012,-199.23545246950468,1.6109002272471455
392,35,15,0.9243100560205088,1261.917225178186,-44.285104307491416,1.1944704036374594
393,35,10,0.9319511601650723,146.82136743027644,-173.0590475265001,1.600720933010845
394,35,10,0.8417408818540043,2190.3723491341866,-25.729070825159056,1.0115694136702604
395,35,12,-1.519322898492728,174.32817855860432,-159.45431138628223,1.6009585778909692
396,35,12,-1.529313417097419,385.8711420110501,-106.43057290667664,1.614902197681801
397,35,13,-1.3377842723612305,369.4092895920048,-115.5573648622773,1.6175708930322883
398,35,12,-0.04881141821658952,171.718214933901,-140.47736173455112,1.6190894328300853
399,35,15,0.7902215369856788,2104.5564082784967,-26.81706156109253,0.9050007692508336
400,35,12,0.7965991305377067,2298.095744516583,-10.769883703454635,0.9200028551780268
401,35,11,-6.134004010625307,126.85819313156769,-191.43379612988502,1.6018006464850658
402,35,9,-1.2799908068317105,396.02421093075156,-111.47805958859868,1.612198721656606
403,35,16,0.4283707678616193,361.7193091377644,-80.75885920434693,1.6174292785624993
404,35,13,0.8539097725520575,1876.8338951428573,-30.057670252028238,1.0256213749455605
405,35,11,0.8564437960880756,2007.9997663020495,-24.879131197035633,1.034536187887882
406,35,12,0.5969008288734514,3228.6073010228024,20.809805429497885,0.6400488867571116
407,35,15,0.954651504093058,973.215163999238,-59.848284946621305,1.2983591908222656
408,35,14,0.2769706267890125,163.59365404693992,-122.10417372892783,1.6135644643188087
409,35,12,0.8462175421281444,203.6603823847734,-210.62541083106638,1.590811011035021
410,35,12,0.925287159267691,143.62592919336143,-169.04250044003984,1.6139375547554404
411,35,13,-6.885899948413728,120.76876791761526,-205.55529973274972,1.6187745591916791
412,35,14,0.6113848235171873,2950.6688050435896,20.218513268362134,0.6526803374967085
413,35,14,-1.4206478775604077,166.48171019934625,-183.8196845511938,1.597952060489388
414,35,10,-1.057442084911524,216.37298141885302,-301.12244331272905,1.6115393821159076
415,35,12,0.8488827376652013,1975.6790822955172,-31.57474787930211,1.0190607918714378
416,35,12,-61.42483350752673,156.34929875823053,-231.6270184611416,1.5946094133774271
417,35,13,-3.1903725430756813,215.76621751662788,-266.7633975691935,1.5839779208084384
418,35,12,-2.3518210641658586,79.25636237325259,-146.14360994528934,1.605795327585429
419,35,15,0.6670897808262838,2644.6189925535755,-0.4655440590383063,0.723373059587054
420,35,13,-60.16930029949698,139.9815075728568,-212.43690674095458,1.606921540001273
421,35,13,0.8412611059526516,1959.7639773190874,-26.616128594234496,0.9990077160586914
422,35,13,0.6185865156502941,3014.060702390124,3.9472320939024423,0.6691296540099927
423,35,12,0.7863508597204952,2349.4429338457066,-17.632396259361556,0.9050912990697123
424,35,10,0.9233171586000357,154.544400532607,-135.80730886145162,1.6160249647273495
425,35,13,-1.0057733477876685,325.2215316746467,-139.13483569348145,1.6124141825588245
426,35,12,0.6109970109493128,3170.9717816483135,12.875998084132924,0.658009733550012
427,35,15,-0.042398382435155035,157.64750157699763,-131.2862502503909,1.6169732289659646
428,35,12,0.9362717538453994,1284.2835377044642,-53.82256722010584,1.2343028894976926
429,35,15,-0.8693075836153834,336.3393575472462,-139.1847607556803,1.6134183057319764
430,35,10,-1.484179552065377,190.25602590134866,-138.63289939796127,1.6074916753175645
431,35,16,0.3166292756011939,100.22079615969139,-180.48210749232805,1.5958078636419926
432,35,12,-1.412125128063964,170.4916876588623,-139.11257595770317,1.6029598071081674
433,35,13,0.7982523234208025,2205.993966379465,-30.572574817019696,0.9221567912228011
434,35,12,0.8365490985254341,208.81141992766047,-177.49993893894126,1.6048480178929367
435,35,11,0.486004684883247,104.69903217545591,-170.20490805660424,1.5990911444364995
436,35,11,0.8279845832199734,2195.014244882085,-29.5983928163837,0.9807930629408103
437,35,13,0.8179838824027883,2086.485075928355,-20.813503559933935,0.960994241649525
438,35,13,0.8564294377740529,1862.0216475375512,-21.713349834110115,1.0295827342931283
439,35,10,0.5498599604773986,102.92755008835368,-168.24978107294478,1.618320721247657
440,35,14,0.928119806641776,1266.7727255706372,-47.04735793633575,1.2091564213438077
441,35,13,0.8479304442028749,1912.4839738925516,-26.869950459524553,1.0142255059500476
442,35,17,0.9395423449193153,1064.7181920504254,-61.98137845994232,1.2403678299135912
443,35,14,0.5804653636870638,84.07281646836121,-143.82482784508423,1.6145693769011298
444,35,10,-1.7039414729288374,372.95257513432506,-119.87221325020741,1.6130483769410116
445,35,8,-2.117527400972556,86.4466902455801,-159.33028114706255,1.6028803492272143
446,35,13,0.9192684868701879,141.57259671356476,-173.78415784024804,1.614339266588819
447,35,14,0.8257530187220203,1974.8897159878359,-12.919793414108621,0.9720147093296849
448,35,13,0.5211349067895048,92.64419853590326,-174.01521659183024,1.601695650801579
449,35,13,0.9245961498763311,136.7964220122624,-148.09835413585247,1.6078902918348417
450,35,13,0.6172196156288545,3021.993882961808,8.824708928856916,0.6663232612165616
451,35,11,0.8900726454859433,179.06967046937154,-233.19894368095754,1.5966236896228003
452,35,7,-1.6525985494816093,89.38991645402649,-164.0348212176751,1.605223757149984
453,35,11,0.8786574911879428,1844.3194578195223,-45.573262689626375,1.0853643493024283
454,35,13,0.5959859059234924,3106.4985042532976,14.875471591105136,0.6394769775021522
455,35,16,0.5763865134403778,2889.2579893154834,7.114909057756538,0.6096973816249363
456,35,12,-2.9039384523147995,90.31250695469922,-156.60169307914995,1.6200678808400428
457,35,13,-1.5999288374319014,168.65799829281212,-137.3650639521383,1.6066430507548652
458,35,17,0.43993201725822295,350.78630563405864,-92.87920902081558,1.6189465908229193
459,35,15,0.9204084828950378,135.8311143507594,-127.85454726181212,1.6087241111239343
460,35,14,-1.7299134097503281,319.7975434235412,-115.89541388067522,1.616838606140669
461,35,11,0.8308025830362195,2177.062439353315,-30.27551031864526,0.9858696823279597
462,35,10,-1.9230404836862531,410.8570602259816,-120.48489817468672,1.610283558300124
463,35,12,-43.154229644830885,125.27037389224095,-191.64871833675775,1.5996710287098739
464,35,12,0.7781569018740427,2397.386450308639,-23.38323994895169,0.8910312789078534
465,35,10,-1.7554415713454912,371.62874033203195,-133.97345724144583,1.6184371420253527
466,35,16,0.4117685094423035,366.9010785718609,-83.25549057344958,1.6180192536700315
467,35,14,-1.7658515446412637,350.8431057332439,-118.07181050518801,1.614660573568889
468,35,11,0.5799657641061344,95.13840221889603,-155.09470021950676,1.6134950997967046
469,35,13,-3.6035909029530897,96.83127656696102,-175.44046520340424,1.598830721866956
470,35,14,0.6467180272556114,2814.0279969661497,14.670728433040857,0.697420542811298
471,35,9,-1.339598484954882,190.70913478394218,-142.4087774284875,1.603170295505534
472,35,10,0.7867422477982468,2558.1526301019203,-17.187869413752086,0.9091257159823006
473,35,11,-1.6603490709838784,353.613910895475,-145.41545240881192,1.6171214080370744
474,35,17,0.9292066182235996,1154.22214622939,-56.18018918002012,1.2067341057937075
475,35,14,0.9481977341395725,1074.6033763990476,-45.331711760503666,1.2744999604722507
476,35,12,0.8444677690204525,204.7353425804635,-137.2360447421872,1.6015856732290779
477,35,12,-0.024103630297211076,138.48466002553167,-219.07240508943002,1.6179323096100158
478,35,12,0.8108573407065524,2215.5813494586955,-27.502019224846492,0.9462789670715369
479,35,11,0.774045606763489,2519.1549072037237,-18.72979735411023,0.8863967778589276
480,35,16,0.9256470556369805,125.1934763305319,-151.7809022972234,1.6007981161709397
481,35,14,-11.462392771401351,59.527751480542136,-139.03604255678167,1.616820102183877
482,35,11,0.7451561409700871,2681.037685493115,-3.1398030218693376,0.838141686627684
483,35,11,0.845661210620647,2084.8109952894383,-17.781130105884362,1.0114264747922819
484,35,15,0.5483649330214628,330.71646615015504,-123.96595440416813,1.6209124078902823
485,35,15,-1.7037487440000008,160.81296294088918,-160.10533942331216,1.6127024122433424
486,35,15,0.9134223859014401,1353.0811866397273,-54.89125951139126,1.163797917511188
487,35,14,0.9424696556867082,1134.572308734306,-45.61047067493652,1.253735083446033
488,35,10,-1.823256000741877,196.5597557651406,-207.10132288688405,1.5954666785630172
489,35,14,0.8380358789523603,197.75592887780084,-138.2760954679598,1.6020338711967812
490,35,13,-1.6832556123338258,328.1564330536196,-179.71076676729612,1.62159926509746
491,35,12,0.9014986196594722,164.47339478851538,-208.28234702903984,1.5971892649341985
492,35,12,0.8962108660114594,1639.5768651390918,-45.08334364370665,1.1239339778203077
493,35,13,0.8829990592491939,1680.1397078083085,-42.27211900332902,1.0881970088168837
494,35,13,-1.3675759196227353,169.17250448584508,-156.11091211105975,1.6050775495144696
495,35,16,-1.844991906886976,336.60689291354214,-93.59361895340196,1.6128187582550573
496,35,12,-1.0053112632876324,338.47227576754966,-154.69800056981808,1.6121563475747052
497,35,12,0.9356927462095531,1290.2112995221974,-61.25011410895798,1.2330694236569961
498,35,12,0.9331255122848833,135.27419548323692,-147.70474163261386,1.6157268186866292
499,35,14,0.6462335903952385,2820.5748536778037,10.13660527614779,0.6954878946052664
500,35,13,0.8336657738120963,2001.9744656702594,-23.31572606863294,0.9855197409621802
501,35,12,-1.5218244941058874,394.2793661927793,-89.22919287536921,1.613211684927079
502,35,14,0.486616392599755,125.97561155117647,-216.97313612230948,1.598019038405752
503,35,12,-0.005661883887257746,167.70771446128248,-135.49053553346963,1.6062435465797456
504,35,11,0.8356211011423347,218.3680412099114,-118.96100310831893,1.6096108865147927
505,35,12,-1.3998137149585266,169.0863873281955,-133.61469110227102,1.6144996459104684
506,35,13,0.8597114744633101,1837.2462259900337,-23.334176160244496,1.037505480260562
507,35,16,0.7795888766336334,2098.3625402082553,-18.575082151487457,0.8828774626422867
508,35,13,0.8371186222272118,1986.132641027243,-25.176945305941352,0.9905481622278419
509,35,13,0.6559736685144892,2863.0198348523522,6.489597235271516,0.7158633954933123
510,35,10,0.8925663104875081,1812.1627913143932,-29.767216949723505,1.1160413193639238
511,35,14,0.7282147412838366,2462.1351725310255,-1.4698793172926476,0.8126843074221253
512,35,15,0.6842865661790897,2570.804916917043,7.8771030576702845,0.7474603302936642
513,35,13,0.8648729602008278,185.64101999323046,-236.7392277861088,1.596746714158927
514,35,14,-1.6139235416982483,314.0144234330897,-157.26349190660812,1.61026044406073
515,35,14,0.9079730045978476,1433.1142347558573,-36.61770291127781,1.1525814779036858
516,35,12,0.3602082211915809,427.7782036751608,-73.59717406550966,1.6172490271588926
517,35,12,0.9299156416010201,136.86720479971945,-138.54402786393678,1.6160993634750005
518,35,15,0.3539607234174311,104.25831721749263,-173.81935526023383,1.6142709338919803
519,35,13,0.9193038637994793,143.4649264813426,-147.30863381294594,1.6160167424187692
520,35,16,0.5837006961651638,2868.8076455248224,2.6001876774875345,0.6171916399021676
521,35,10,0.7252856711631317,78.99433646156513,-138.53113753356826,1.6051188715376963
522,35,11,0.9192255875997537,153.46083197439762,-123.10539196324177,1.6082690782968934
523,35,12,0.5878635466985472,3249.8851361399484,6.556381971504929,0.6353211231694615
524,35,12,0.7123912610527435,75.36795321787802,-145.44590859590696,1.60160175681811
525,35,13,0.9099672996648448,1470.2233502273111,-44.70367657813801,1.1549521286534876
526,35,10,0.8679569739894402,2000.561949793745,-46.57923809338138,1.0671410016667535
527,35,12,0.9014065419758953,1598.1780167350698,-41.94504428714086,1.1363996050674023
528,35,9,0.9184906034458811,168.09485127284356,-177.1191951944957,1.6173163015550065
529,35,13,0.4082198187311641,398.6837074941276,-86.56400866757656,1.6179597449856016
530,35,12,-1.2332335366846445,391.72317405273884,-88.3256724476246,1.613024585234063
531,35,15,-0.5999197326518708,303.3677875893005,-158.33538290679164,1.6103372903087279
532,35,13,0.8859387480378924,1662.4388853964088,-44.421386441334455,1.0937177138925456
533,35,12,-0.049775004628703545,168.66096814042547,-128.85290507388052,1.6061111513894304
534,35,12,0.8418277770394957,2026.0278329580767,-17.644655012800126,1.0023307179383365
535,35,12,0.4149712473336359,143.95546374476604,-231.7336129319121,1.6116134862052194
536,35,16,0.8964846524648161,1434.289817165717,-48.14261185720697,1.1171753817484917
537,35,15,-0.05258087698377323,157.68925413153343,-177.36789285294577,1.613384242862228
538,35,10,0.9354948325006132,142.4818333424304,-156.57601988993895,1.6010055340294223
539,35,10,0.92521827894461794,155.06451255276724,-128.95692096773158,1.6154213040956698
540,35,12,-78.49509845041696,189.4329464205522,-262.3740933424658,1.615107814893681
541,35,13,0.754649214266876,2434.4697789650513,2.5470786418001867,0.8477060910361108
542,35,11,0.9261336548347578,146.00597698087267,-141.7051851262774,1.6096207468987742
543,35,12,0.6341710767572232,84.81876668863376,-151.87885225041103,1.6062354004844521
544,35,12,0.6962066932493456,76.82107485754496,-161.49869243730706,1.597959009660637
545,35,13,0.7838130048383729,2283.9139695698987,-20.069786886698157,0.8970119506909288
546,35,11,-1.7087998857375375,357.2566775639949,-149.50540674102277,1.619784753824861
547,35,14,0.7719697627784592,2267.739328801658,-20.791199216223703,0.8751268272932828
548,35,15,0.8143851820713792,1976.875739001955,-28.268885631684654,0.9480586066313924
549,35,11,0.25537120070776065,126.43370839810639,-201.3305320545408,1.5936332821630828
550,35,11,0.7883984350073516,2437.0834890413635,-8.93861987293538,0.9092319119597387
551,35,11,0.7892270398772615,2438.458736665551,-10.997111686514529,0.9087639432011123
552,35,11,0.9069999916616319,164.68187555797448,-201.4440033973143,1.596881545671312
553,35,13,0.5724116595562595,3187.622285618821,3.2580706990430097,0.6155589375787927
554,35,9,-1.3365618749654637,395.17327346710283,-126.3991399285306,1.6184669206382596
555,35,14,0.5622151495284025,337.6978134104501,-126.7166705326935,1.6148952815917201
556,35,14,0.4238304102980688,381.74598694638826,-91.22667018636018,1.6165632674229233
557,35,12,0.8354972699666815,2068.868109853751,-25.58593905481462,0.9901015770228111
558,35,14,0.22860247212604068,167.35438082575774,-113.94043817992566,1.6128276465040439
559,35,12,0.8430045020342667,2009.8959011290074,-26.993559656443562,1.0085688196271363
560,35,15,-1.0377423979988825,342.42137428506635,-115.9643677632383,1.6153332344364004
561,35,12,-1.3797975818826491,165.93884944396916,-144.32247575793357,1.6072456400346424
562,35,14,-1.0112938525515878,317.7864265168651,-147.09227067723808,1.6188628336886548
563,35,15,0.7962001048834171,2067.511283556045,-17.53238441653182,0.9187528059683463
564,35,13,0.923177213913291,138.88566332504817,-136.11382988624896,1.615950991019653
565,35,10,-55.70518786276359,84.23163638894609,-164.3288201392383,1.620661457458976
566,35,13,0.3751689477708947,406.58773617380695,-74.14530049470562,1.617006028612513
567,35,12,-0.06541266970643589,172.28822329799925,-145.99907550960845,1.6153561950019446
568,35,13,0.6537433064564453,2886.3867589733395,18.19171644648194,0.7073678868936103
569,35,12,0.9224711701813841,144.37545252415663,-149.08361295423774,1.6169716686617568
570,35,13,-0.42815843192005754,193.8696991229932,-236.70197443291576,1.5879987254330672
571,35,12,-1.1235515179981732,344.797604152475,-121.59591000672447,1.6137240840147353
572,35,9,0.6725226466029921,3298.4484280042598,14.244469402665374,0.7519182750679042
573,35,13,0.960327101165028,970.394758207613,-57.26379616714237,1.323530258288813
574,35,11,0.7580360371284858,2605.269857008071,-10.418439670507867,0.8607332085756293
575,35,13,0.524762311552432,358.4677878859093,-100.78398819824946,1.615431817626666
576,35,13,0.015199004537635563,160.0387827998859,-158.7518697403629,1.599101614196094
577,35,15,0.6879676597394538,2560.6911639324144,-12.410300447637168,0.7502360192991837
578,35,15,-1.1885941501991284,338.6040605332802,-126.27443687185534,1.616368562297878
579,35,14,-11.554707715805572,140.44190706246465,-219.23692210956634,1.6203169015843266
580,35,11,-1.043193555088454,349.77639082665485,-145.24893050875593,1.6072530936542955
581,35,11,0.9272825399894392,144.257654232474,-149.12102172403968,1.615905619353891
582,35,14,0.6154583232605488,2930.0430048294747,14.312810241903643,0.6598823663402617
583,35,17,-0.9544631961854408,284.15798010771607,-213.45200704082205,1.603125227047118
584,35,12,0.8353575328942101,212.72906812574024,-131.542636791802,1.6164612493996435
585,35,13,0.9214819011825711,140.59104341786247,-169.13229365071626,1.6081382678068727
586,35,11,0.9251865796963242,147.09949954637452,-147.69074149359983,1.610256194805172
587,35,13,0.5463495905327382,351.1219870729553,-120.60059050570251,1.6180184523007433
588,35,12,-0.06939748174121796,172.3504354811115,-162.05827283513275,1.5997171989177161
589,35,11,0.48017283735593574,105.69485089088822,-170.81184788741336,1.603773625509769
590,35,10,-1.8323096533090708,372.6065320392297,-128.0997168620599,1.6178938086068477
591,35,9,0.7550711005274384,2855.10360231519,-24.77562034361639,0.8687454506030542
592,35,9,0.8998507701589427,1829.2078143458352,-54.975862556235015,1.1418103160129724
593,35,15,0.7658326237872531,2222.5079333730887,-19.01705108480156,0.8645378012466397
594,35,12,0.6856414895775578,79.21171814239354,-148.43666905378348,1.6018621507650945
595,35,14,-1.4424173516118257,158.6436043035611,-164.3036786666523,1.6014931680996878
596,35,12,-1.793665958037347,377.5961772489434,-131.58515816211914,1.6186928533849618
597,35,14,-0.7878400071203204,320.9525658797725,-117.97685039449954,1.6159534219246607
598,35,13,0.7124744134778949,2628.8894158639214,21.55000827139541,0.7872079036845047
599,35,10,0.8362838530819783,2240.2714735954664,-27.64339353321525,0.9974403478762297
600,35,11,0.9309314959238728,141.33500397485406,-148.93224031191775,1.6078798195965898
601,35,16,0.9228699020489689,1240.163088506892,-41.351962138596654,1.1844741413396065
602,35,13,-1.6286660951990264,323.74759599363875,-155.48245151056398,1.6057283925288492
603,35,11,0.5155231589196546,386.9077377528535,-101.02522964607945,1.616078391351674
604,35,11,0.7453102322020122,2666.0996475859492,-18.73435688251074,0.8441454868506781
605,35,15,0.9216666910849045,134.7149370787241,-155.65008421473692,1.609112794020077
606,35,13,-1.5281467118509577,165.04484627994015,-153.0495692034945,1.6142294087632494
607,35,16,0.8442043784514558,182.71145801142362,-151.40351994075507,1.6024057315677915
608,35,16,0.6126352673373398,2772.1941727072394,7.324053573294573,0.6498557090734842
609,35,12,0.8954158287812987,1647.058350239823,-44.2525247463777,1.1187655933358807
610,35,14,0.8814295815657022,1621.5786677373828,-27.657848883733326,1.0896500341911277
611,35,11,-0.09745557293061236,179.15462548995941,-184.29079299208183,1.5933679613236553
612,35,12,-0.986623130792778,197.7330787974542,-272.1045674462408,1.6121995614523796
613,35,12,-6.454676965686731,118.24319095514221,-195.49707300554047,1.6048530593608832
614,35,14,-0.6906777987106727,319.7245906229259,-117.35022546581857,1.613148849720028
615,35,16,0.8658218405878273,1637.7213754613178,-34.81421720525203,1.0445305544722026
616,35,11,0.7370477844310723,2721.8964975239446,-7.021421895247444,0.8267227102449479
617,35,11,0.6006263573723298,3327.1631069095038,16.495203249793356,0.6535096099679425
618,35,15,-1.7795266598516504,165.643714031656,-190.15264761755,1.6102268742751282
619,35,11,0.8379876781622101,2137.4984221314135,-22.87597262151669,0.9966491230896666
620,35,15,0.5285108905034792,335.5412938773423,-102.64049730049935,1.6181673141520667
621,35,9,0.7729797274279838,2730.7963113964806,-7.850076688412939,0.9016206136835467
622,35,10,-1.1556074975615953,372.34934427420166,-121.59248306126625,1.612579707366834
623,35,10,0.31549408460726946,463.3870377942145,-78.25625620536081,1.6176516800994463
624,35,13,-0.07727997728436309,168.09387388276386,-134.71195552767477,1.6125419155776624
625,35,13,0.7999632044835807,79.94623293374788,-146.9717494691883,1.6177375039153563
626,35,13,-28.31017713358293,113.03551349234824,-182.70353637159656,1.6166922755738757
627,35,10,-2.420438894170584,82.10546125660154,-167.14108217188289,1.5980446377951454
628,35,11,0.9207515357001791,153.7893938906297,-170.42770764690766,1.6032330908266768
629,35,13,-4.171195722404618,101.33387301983663,-170.09238349751573,1.618444167812297
630,35,14,0.6002012348724131,2987.089224139226,7.35938421928379,0.6422766432370821
631,35,11,0.9182543572498346,153.8882867156797,-173.65162543703278,1.6144349700067144
632,35,10,0.8354688625130906,80.46437995786572,-152.02594246898644,1.6140257019085134
633,35,16,0.8243887738741671,1869.7449645831525,-30.69371037849434,0.9635022552435477
634,35,12,0.8119033926183874,223.66701310506483,-107.0304838692612,1.6092498943064109
635,35,14,0.5472023710530323,340.4040738067512,-125.13264455626077,1.6203678822924106
636,35,13,-1.7334415048044978,361.9344732843356,-125.85340264106603,1.611406978961888
637,35,12,-1.5130660552595967,169.44351231601289,-159.53927934215812,1.5998603559765756
638,35,12,0.5819745685156142,3275.6538950329764,14.558390232154352,0.626763944042352
639,35,14,0.7738907890661827,2249.85478148695,-7.619290198383682,0.8819995218953137
640,35,13,0.9158362280028451,146.9221123102536,-153.59220596577518,1.6166417422635757
641,35,10,0.8270824091986133,2297.6768106521768,-32.09430092606361,0.9822351589044138
642,35,12,0.7925197857969954,2321.8206734483533,-21.916307038206146,0.9137449741343213
643,35,10,0.9083688647313054,1669.1647477659737,-43.03299599990053,1.15687307608153
644,35,12,0.9177856922995868,150.50082737576997,-177.10057288618918,1.6145138757193709
645,35,11,0.2614186892439796,124.62592762037264,-195.16437768293622,1.5992962880790849
646,35,16,0.8237325918551484,1870.0289787257966,-15.789957297303935,0.9642844396739445
647,35,14,0.9118232700516129,142.95524796858416,-188.84438321528597,1.6088433330070069
648,35,11,-1.1927329924836716,176.07985634289878,-132.6513247012745,1.6143867701255552
649,35,10,-1.5382477117558442,186.13858321391237,-133.8879999937208,1.6068280281587954
650,35,15,0.9205900403582489,1295.0581096578137,-54.58090120839802,1.1836697551221538
651,35,14,0.8870044159670721,161.96281790566374,-219.38063430495106,1.6129162927232201
652,35,16,0.9491106483987425,1002.4133343776921,-47.06401607973955,1.2756447880998856
653,35,13,0.2561216160019383,156.5703441673788,-235.6331475556481,1.5885360420689376
654,35,11,-1.4708058771193255,178.74030041888724,-174.99379883982408,1.6006547778091103
655,35,15,0.40043201119871796,382.6968545106914,-74.22863705218589,1.6173304787308396
656,35,13,0.8505445100464262,192.7108046089097,-159.39294160578845,1.603293753131743
657,35,12,-0.7250232181602114,345.8810917152072,-120.5023635876314,1.6135769583830584
658,35,14,0.6950438139762412,2605.55827274923,1.1754699853820152,0.7661412256486068
659,35,12,0.8872401216111305,1712.74332168122,-41.57448247283158,1.0987667636744551
660,35,13,0.8932107760052883,1608.4931885734384,-54.10949909430761,1.1115844448183887
661,35,10,0.9173807121162058,1586.77914776088,-41.62510393825337,1.1824681195952842
662,35,14,0.6940662388095342,2608.9566007935573,-7.205911016209461,0.7658212394666132
663,35,12,-1.066482530158392,337.10695543568164,-140.36738180107915,1.6172344779080747
664,35,12,0.8490227041870073,200.25805755402433,-150.92786916589014,1.6023294975077331
665,35,13,0.5567208407738402,88.6036983821391,-151.59133420665808,1.6025063447808552
666,35,11,0.8201916031667298,229.1011639529579,-108.60253219928529,1.6092458577935969
667,35,12,0.31287155813081813,117.38732410670175,-182.01602500051828,1.61432911287076
668,35,14,0.5501073890530954,342.093257036383,-127.0794424592548,1.6192838122094686
669,35,13,0.23460678393431444,116.16429999716932,-192.1169213215693,1.6122755652585832
670,35,15,0.3834364040065604,97.92098364802088,-169.73373559058362,1.6004498509510394
671,35,15,-0.5293073010296303,159.50212271281535,-234.56989791641465,1.5955903536488887
672,35,13,-1.2564888519197481,362.3599325494946,-125.5910229016621,1.6073077823367228
673,35,9,-1.4043020917822284,190.58853363395906,-133.9841029689726,1.6021812756497424
674,35,15,0.549396140485642,330.14746853968524,-117.51904384311047,1.6154515865544128
675,35,11,0.681723324271127,81.77693022887803,-158.60603458959318,1.6027092166731935
676,35,11,-27.291792905697836,124.55753354640137,-188.9685227952403,1.6165960221727247
677,35,12,0.9021784255353259,1593.2937726459002,-42.31233225394231,1.1350212937689463
678,35,15,0.5956736959260414,2916.9580587627715,12.283042055039676,0.631401565624994
679,35,12,0.9159045494747684,1472.5395196390334,-46.69905856146039,1.1755702784491973
680,35,15,0.5563523103619886,112.40779744122719,-200.7190806578042,1.6118704143759093
681,35,14,0.7942891738943468,2151.512518159752,-13.288234543119621,0.9124276466817981
682,35,13,-1.0301605089491108,327.5319253857582,-142.01484285140563,1.6089722507414674
683,35,13,0.9226014091827314,140.44136119510648,-158.2940934073343,1.6018708816370162
684,35,14,-0.9570805815436478,314.26803127430526,-161.5549395764041,1.6176036062907053
685,35,10,0.37803925228666435,117.01090073944962,-199.6276047631895,1.593064252686908
686,35,13,0.6490430531433488,2901.4943487029855,17.185515235731806,0.7027724234160629
687,35,10,-2.012355683184812,419.7646663242073,-101.2209003942108,1.6136485047631817
688,35,12,0.5416862262141371,363.4047063706032,-122.76276778334152,1.6154073308729409
689,35,11,-0.8638825187746928,361.55676565203646,-105.5923495393229,1.6120007545727253
690,35,11,0.674754888326327,110.1542054707611,-180.97724637873347,1.619497352535642
691,35,11,0.5127520121260578,132.44651198842817,-209.90284981334315,1.5940557369376998
692,35,13,0.8178250607217403,2096.078537665654,-21.40555611556785,0.9558313535999784
693,35,12,0.38296799176336416,421.19537471793404,-77.41549117793522,1.6173699476279828
694,35,14,0.9174635465129807,1357.839835001235,-48.14697626147431,1.1785551925975928
695,35,11,0.8528827824455514,2032.8174980012725,-20.650455859766716,1.0270118090809839
696,35,10,-1.83762908049173,374.5659479642342,-118.71068006887778,1.6129826781272354
697,35,11,0.6671701846837422,83.19171184370187,-138.36606172832185,1.6053028915049152
698,35,12,0.9092469844694109,156.44990949762615,-169.65459864951393,1.617882664901803
699,35,14,-0.014420631946547857,157.10950708719122,-134.49813223521883,1.6143113450264481
700,35,16,0.9221779802374114,1242.4557168266704,-47.546962746604294,1.1841515525737931
701,35,12,0.5156875671583816,96.22070587276338,-170.4411630049836,1.6006201783002243
702,35,13,-0.08053891124194612,170.97653212803564,-151.11615983277125,1.6042809597358445
703,35,11,-0.8414845985760546,350.28039673477423,-149.5994234777916,1.6143092098868783
704,35,12,0.561567643124483,91.8873347103945,-162.5284900543279,1.6055680880123393
705,35,14,0.8209831337639978,208.9605255895805,-117.24182713540775,1.6184487710182605
706,35,12,0.49740054229854436,98.7934732333303,-155.72024344679355,1.6030736681711681
707,35,11,-1.7908746529472084,191.28732085018947,-198.03230816010006,1.6185172269414723
708,35,9,0.8419610152499784,229.9057655093865,-142.57481487994497,1.6019274710445
709,35,12,0.7796356689140174,2394.111003242258,-7.177338198169197,0.890543169966412
710,35,14,0.7817593362737094,2197.4381352697583,-12.310545656737045,0.8998448954139491
711,35,12,-1.0948944196923733,346.08737125487926,-122.06947107022424,1.6196326131314496
712,35,11,-1.6341626326000953,407.42182487502345,-92.97825173399964,1.613471509927705
713,35,12,0.6828210637170313,2863.239673404228,14.961448987931453,0.7498512970046429
714,35,10,0.9286518155923456,150.1878595795814,-156.08935127248373,1.608813012585687
715,35,17,0.6837885182234794,2433.1161767960566,0.07473648241986852,0.7417726339580307
716,35,12,0.5464601545608243,365.40405589832676,-128.2114697235841,1.6162050059408684
717,35,11,0.8592498196253825,202.31156203991475,-178.4080523647672,1.595707682547719
718,35,15,-0.20193174793648327,138.75468325640935,-208.96746086120643,1.5942994824840167
719,35,16,0.64182310294101,2665.0331365096463,10.718110738038298,0.686378189465016
720,35,15,0.5269080340738349,340.1168710336104,-99.96267193983392,1.61873816994206
721,35,12,-1.9611874292492533,383.83105042629415,-100.05197013517888,1.6135527263074738
722,35,11,0.52819232922596,385.16491712251246,-112.94122524116872,1.6187045619688873
723,35,12,0.8917520790090387,1671.1421104593635,-44.89390258993635,1.1143972523354888
724,35,12,0.43672167750930413,103.97001682071162,-180.39072360014643,1.605319968820094
725,35,12,0.9307905125077952,1332.2796391338245,-60.06922820846264,1.2199909835525178
726,35,14,0.9054104958970004,1452.2164756381453,-34.06434369076108,1.146035255354176
727,35,12,0.6123531689737607,3165.9901055956625,11.073511486503739,0.6596667837466763
728,35,10,0.6531634083785414,87.93028284209707,-174.35269994735495,1.605680040595171
729,35,14,0.8512337931579659,1831.466736864746,-32.292799078211644,1.0183427202376216
730,35,13,-1.6085662170466781,324.0845600860031,-192.1818273931036,1.6117730476558627
731,35,13,0.7787198522141121,2309.6149393394007,-25.54951766335007,0.889427175981429
732,35,13,0.8823912032800079,1684.3632112267246,-39.8717401900477,1.0866008912758014
733,35,13,0.5303772015404578,360.2021118209626,-98.14250829737806,1.6159804216750278
734,35,11,-0.04514410044454875,179.7267056689322,-164.71594303733866,1.6000971006201095
735,35,14,0.9496958430892317,1062.976029128203,-43.573992383469154,1.278317324687327
736,35,12,0.7622817176477996,67.54360599213744,-138.32370409355883,1.6050050748860833
737,35,18,0.8484094787035452,1640.263406965881,-27.90271873211356,1.008949653280363
738,35,11,-1.1510968977090257,360.0159361305067,-111.12940095087357,1.6125541232170397
739,35,11,0.8305981668170517,79.22504525569576,-143.7665986843289,1.601326062734987
740,35,14,-1.854953785335458,173.2969405865759,-182.18372074444687,1.6145198120229496
741,35,14,0.8029423240310487,2107.434227284092,0.13215298616038476,0.9256948135364935
742,35,14,-1.92885418342978,358.4403130038259,-100.06558491211281,1.6166164607117512
743,35,13,0.5396421994206586,123.07204200727558,-197.0024935620257,1.5997948820329795
744,35,12,-1.694818366847135,339.90689662242977,-122.61043992279407,1.6131989956687764
745,35,14,0.5713967728926597,85.2095454648927,-169.02485434506974,1.598206013385519
746,35,17,-0.6121907801081603,287.8767427847588,-175.94847481032826,1.6064573119214132
747,35,12,0.9285548937672645,139.56460025287714,-171.17625124703477,1.6075631122052716
748,35,17,0.952484692470871,943.0686205734135,-53.2841007941636,1.2869608253806641
749,35,12,-0.1267760025866873,176.67556269659525,-185.525545023219,1.6106364581338966
750,35,13,0.8058985113972402,2167.2219020784682,-27.41578796245965,0.9340349401509188
751,35,13,0.7152370831975617,2609.5037558074046,0.851010184106564,0.7954037857745802
752,35,13,-1.3086440546782985,363.07274565647225,-122.77716739057215,1.6159591928764112
753,35,15,0.9210847717582452,1287.2809092284876,-53.961788067506205,1.1864187480787578
754,35,11,0.7888556925487572,2412.0027558543475,-8.732296796268932,0.9184903047594024
755,35,10,0.6546282308606193,87.68205425390292,-151.66214183207302,1.6043078373314181
756,35,13,0.3963462311119038,403.6982475007173,-83.4114434734505,1.6177879903506323
757,35,15,-1.223465813454696,338.72828885950463,-119.50952814322508,1.615576944621542
758,35,14,0.8836305893029635,1618.9123727007775,-37.195465714553514,1.0899920953663456
759,35,16,0.7455744561239681,2250.703914838004,-12.071260310463035,0.8295595837918114
760,35,13,0.7256774133056045,2566.8972914736632,-13.287908763149384,0.8077704405578037
761,35,13,-1.236577772466131,360.31007500803423,-132.62743341176974,1.6184254723171962
762,35,11,-1.5812403234542125,349.7254475474936,-161.47130569004577,1.604822917004226
763,35,14,0.7229882954770197,2496.519177475784,-7.81265707128613,0.7997899380614153
764,35,13,0.8504070526326938,1897.6921063027148,-27.551701994787628,1.018861805097777
765,35,14,0.9437379651910203,1123.6964764429192,-52.9340918328907,1.2580325098645428
766,35,9,-231.48396861680112,152.89342445699185,-220.39841501445014,1.5957688960515952
767,35,12,0.9130693303938154,151.70910243171735,-187.1334704977906,1.6017965996493042
768,35,12,0.8318482666492245,212.31475152332848,-123.37950229188161,1.6102963208696695
769,35,13,0.8839539264370986,1673.2054394844463,-39.14448440251901,1.0898910150667793
770,35,12,0.7809701901416349,2388.63309339454,-12.99418365741198,0.892688332520566
771,35,11,-84.05105989497002,139.61203342570468,-224.95764691820764,1.6109732458381356
772,35,10,0.9242218683568015,154.68400005604497,-168.33499140008288,1.6178729668794414
773,35,13,0.6437545007687546,2926.0567422144086,9.950737006161164,0.69581147963655
774,35,9,0.8361699620504333,2349.790670287968,-25.596234487624507,1.0003611864783135
775,35,16,0.6382799064624209,2677.075160915507,27.26775535016175,0.680835430413377
776,35,12,0.8380233350269091,2049.778562643802,-19.654684940097503,0.9954033218787596
777,35,13,0.5841057813562486,3140.4614462439854,6.7475656342359045,0.6298681522055538
778,35,15,0.9184955324669715,135.7467647849245,-178.78931961604025,1.6010658176731332
779,35,17,0.9126630412040126,1279.6642491887326,-39.151478820306295,1.1594023697940377
780,35,16,-1.237809069905572,335.7241962628394,-109.99115348481165,1.6153768045984176
781,35,14,0.5565682057064378,338.0978194383863,-137.93590799655829,1.6189729392427743
782,35,13,0.9450906007227905,1148.2607618685306,-40.20261357795642,1.2631158729460294
783,35,13,0.9451656412952488,1140.1909077119353,-44.93990618658624,1.2659620389664412
784,35,13,0.8309536501371068,208.86515725121387,-113.0514142762819,1.6093316214909137
785,35,15,-0.1518220376739734,164.7282098640914,-175.8819464113105,1.5977232972162554
786,35,16,0.8057240492550262,202.32110898336308,-199.00444790245305,1.6212861797798945
787,35,12,0.5927393084414267,3238.0233597373553,13.381938806636695,0.6382376865000775
788,35,13,0.7616709288542853,2398.4644465579804,-19.2994312556559,0.8610097293595154
789,35,13,0.9203611964870113,142.7879892009484,-163.32542249602048,1.6173659851663347
790,35,12,0.9497021621340794,1140.0440658074824,-48.79822471358296,1.2812069191400381
791,35,11,0.8351727969713865,2155.403627259063,-23.772567011492292,0.9915673809881341
792,35,16,-1.2326625001490186,335.2883148316845,-105.04446630955462,1.6184749560686853
793,35,15,0.9193764266237511,1302.7282459853154,-58.9704216239369,1.181543597074869
794,35,15,-0.6080153414055749,302.17846251577583,-157.67033447500287,1.6060707215307861
795,35,14,0.8162287551450578,2035.5714346623313,-21.598990400488606,0.9508923768836437
796,35,14,-1.7052446343833734,166.7489850999694,-177.91793206366708,1.6115232948020042
797,35,12,-4.155483308026681,106.59489006693646,-174.86139996473705,1.6195528252604992
798,35,11,0.4672199680526543,107.76782951685968,-189.07156626332082,1.5989713186262668
799,35,15,0.9289108588890607,1221.2856214818798,-45.271021207703306,1.20977525647297
800,35,10,0.7624143574315866,2670.5377986951426,-10.416490175947581,0.8799228316237129
801,35,16,0.5658602963145039,312.9334144971368,-151.4065418897866,1.6150799778869278
802,35,12,0.9080419877796503,156.1700782631697,-205.46121363949905,1.6162070650335687
803,35,11,0.6475030957784931,3121.789167025271,8.959715848770111,0.7131074364476662
804,35,12,0.41043993508020193,411.6383858467864,-93.50961398371602,1.6179427317166202
805,35,13,0.5890165901869999,3120.9899593415435,8.080750996748131,0.6358031918621142
806,35,14,0.6014314995570181,2993.161505527192,17.29903278622353,0.6390844311388001
807,35,12,0.29981139639262466,117.47903586485577,-192.41150776159185,1.5991053284682213
808,35,12,-1.5319641233001464,394.3491111452555,-92.93445313330679,1.6162970691471834
809,35,16,-0.9265101968817084,333.1829444905313,-111.73586607372195,1.6154480770142532
810,35,13,-0.7783032315162517,332.6985206878284,-116.36517893130129,1.6170707591003324
811,35,13,0.8178467063531112,215.98897873653132,-115.8806464004086,1.6155984760854214
812,35,16,0.5409838594086954,326.56134088759836,-101.25877453929367,1.6188107881133513
813,35,16,0.8908718970883966,152.55033878251436,-196.59052126780438,1.6182647658759288
814,35,12,0.9291540734777781,1350.656743870925,-52.75504488906938,1.2138274129152513
815,35,13,0.9543955485187396,1040.129479125079,-58.795253412531814,1.3000872372314902
816,35,13,0.9438730743093597,1160.4386612107958,-44.81721182891791,1.2577780044265836
817,35,14,-1.9148077677654292,356.9788798548317,-106.19700534560567,1.6174061280318524
818,35,14,0.8921436190677603,1554.326178133569,-36.37811271519585,1.1093618041435729
819,35,15,0.9479475667433362,1047.0223346414616,-47.46285048106971,1.2713775361563078
820,35,14,-1.262589716310781,348.18094156357876,-120.81985639284252,1.6106463618487803
821,35,16,0.9241551181612851,1229.012157681523,-50.15789980222827,1.1923303788997444
822,35,11,-1.6119495054681874,181.93156314873178,-175.78522448971364,1.613589272898229
823,35,15,0.9289470093182762,1225.7946850585765,-73.93995393159506,1.2092637696022572
824,35,14,-1.633152757797443,315.6231749617022,-138.6032848533808,1.6152801862348694
825,35,11,0.9202526878814873,1490.845092001925,-46.43491634158565,1.1893680366704846
826,35,14,0.5275042964687044,350.72393568751124,-99.86263469545055,1.6181879837800248
827,35,11,-1.5816431083908737,405.82061713906756,-100.4248973737599,1.6169163965468212
828,35,15,0.8330767157628415,1879.6986844911098,-23.151921987326194,0.9802695598501705
829,35,11,-1.424511544926689,179.17147401280417,-161.09525271621987,1.6121416878670074
830,35,14,0.649368610256836,2808.6557163196667,19.57602480241439,0.6984315279290809
831,35,14,0.7801226545342372,2226.681089591115,-24.408460685070104,0.8889534669024817
832,35,13,-16.035679095588772,176.97307586301469,-267.42922487768834,1.6112272876554983
833,35,11,-1.4240148107584214,175.89234596594716,-135.5242248553624,1.6070587716527005
834,35,12,0.687971336031109,78.60542027506578,-148.60331407364677,1.6163563772373688
835,35,12,0.8475463547930709,202.57334332317774,-181.47408657477112,1.5961817462523318
836,35,12,0.6523986908525605,2984.8532864525814,11.60992197703396,0.7139035165827936
837,35,12,0.42640010983156607,103.72267892475901,-186.88129628747166,1.6123108643308348
838,35,13,-1.2910124995333851,365.91751487370334,-116.83087418903783,1.6183925169333797
839,35,13,0.9173654166257006,1408.4638616658149,-46.48871323148726,1.1775720661147373
840,35,11,0.9434811671603878,1248.553453587542,-48.90151973506569,1.2633752553189477
841,35,14,0.6246865905557138,2896.552582013268,12.973473369293925,0.6709415473916178
842,35,14,0.8150768688969419,2040.834272652035,-31.629826831405794,0.949887167002075
843,35,11,0.8255418736332922,224.1342185340649,-116.4215474321231,1.6096026680032012
844,35,14,0.9257991358715665,1291.3674890696827,-43.241719803330696,1.1993264892811462
845,35,12,-2.317063859991833,80.41307705093763,-158.57054144695988,1.6134285117977663
846,35,12,0.5993382977179161,3218.9172037905046,15.098832169465727,0.6434677951248955
847,35,11,-0.058936090460398605,178.13982878816833,-166.9623915095531,1.6004043662151017
848,35,12,0.9317078805298149,1330.300301441432,-53.144535299830665,1.2200797657461369
849,35,12,0.4650124672646121,101.13858959170017,-187.31613192910336,1.603429656488646
850,35,13,-1.3896508959780394,373.7134280731142,-91.1115290105258,1.6127189564166964
851,35,11,0.9495035455243134,1183.7574271651224,-47.306831925680115,1.2832814840863347
852,35,14,0.8779236130644765,1659.453057524334,-42.00342283315674,1.0748071378963082
853,35,13,0.909050170973178,1479.3917744808086,-38.24829119321766,1.1515210468217625
854,35,12,-1.7689073806081534,379.28208440020876,-119.28607810235667,1.6159551041712024
855,35,14,0.5600600656042868,335.00331234159745,-140.646644092751,1.6129421763487104
856,35,12,0.8998283152931347,1614.2531698415555,-50.90091088681048,1.129252882518883
857,35,11,0.9065921287611999,166.510388153252,-208.38710749218183,1.6024892767045316
858,35,12,-1.137062122860348,345.00933548830915,-116.7780676492554,1.6169036177926754
859,35,16,0.5833728373944722,2869.176851544926,8.583971078509324,0.6164878306973266
860,35,16,0.9309537677240887,1168.5567320050702,-53.23913468915413,1.2153655938688601
861,35,12,0.7672525941860199,2455.8804177859597,-16.397815417660553,0.8728327330114871
862,35,13,0.8330589782444345,2007.0789533118996,-28.463170576325354,0.9845071316397065
863,35,15,0.5333210746757472,334.6188856968366,-99.61587202415369,1.615927868297794
864,35,12,-1.733819121797287,343.49256540759416,-119.54184151368656,1.6131437851007466
865,35,12,0.921906202680666,146.96216173953277,-135.6722606260539,1.6095902773992832
866,35,11,0.6672897451975606,3046.824725948379,17.507665053586607,0.7335100190286961
867,35,15,-1.7208967406114506,335.7430352250896,-127.27792137155275,1.6065447324635642
868,35,10,0.9331988218186151,145.56473728565723,-146.89333194441255,1.6099386965783806
869,35,13,0.9349921308251367,1250.7498142457855,-62.013123153509525,1.229538762087484
870,35,17,0.5816052387367261,2793.7631664958167,9.837890396868648,0.6127237491580388
871,35,11,-1.663337835769986,407.4470743457069,-97.24003783733271,1.6166357689608666
872,35,14,0.8823969004783634,165.0077712654639,-220.4452265788822,1.598373547318786
873,35,10,-1.687564055939653,192.9434012423862,-196.8448449666426,1.6171723205395332
874,35,11,0.9282882577383818,1413.9279433350569,-48.18244200411097,1.2123223888333177
875,35,13,-1.5058543089087948,166.70148231675998,-156.72805774424623,1.6190431343120775
876,35,14,0.8464248786544735,192.62288944716596,-154.91635493004148,1.6036912523800169
877,35,11,0.2450343364602593,182.52071175579584,-132.96346011438237,1.6069613637835378
878,35,13,0.9003097993324047,159.97931804851686,-193.70904156577302,1.6156390527424571
879,35,13,0.24966674276329703,115.33958487113686,-206.9763296270903,1.5910331890070966
880,35,13,0.5168095509992753,360.36917734977544,-102.75194774655266,1.614146871314127
881,35,15,-0.6453601006563325,306.40580380662016,-145.605629577034,1.6179638099289544
882,35,12,0.8964743428322253,1634.1865533129744,-44.2183660329195,1.125530727733993
883,35,14,0.9302196322930262,128.9847463290142,-133.2990037643697,1.6087468713348814
884,35,16,0.9027838629529256,143.47304513679248,-192.53673645506615,1.5959915596971643
885,35,11,0.607519860669131,3300.0728809963343,7.763339624325712,0.6620474655930634
886,35,14,0.9157287277304047,1375.6767781835485,-36.56393110632936,1.1676214421977895
887,35,8,-0.20802217390574573,214.64927330582637,-120.48488983148849,1.6057834386286933
888,35,11,-32.555349509670606,92.55472103175254,-169.36512834806794,1.6146547214268334
889,35,12,0.22663608988546213,119.27799101043212,-193.9045963152216,1.5991498973410014
890,35,13,-1.2941750091404023,362.3724461479366,-121.91707935741293,1.6158116157173366
891,35,10,-1.411996368988349,184.78935408840005,-151.19192403766493,1.6085337421437553
892,35,15,0.7209115889829916,2421.531706901331,-5.043509854032536,0.7985095021528936
893,35,13,0.8021880983546532,79.70634795938459,-150.6627304360015,1.6128758736434852
894,35,11,0.6335284586304575,3187.511387284163,1.3846198498691205,0.6950064376369905
895,35,13,0.5696189113462461,3194.7123392614512,3.50915015957258,0.6133535055742008
896,35,12,0.27831980899012165,175.4894861116141,-174.18870573943013,1.5977230135951501
897,35,16,0.41399895789485597,363.92909317331356,-79.07101288018153,1.6162428606857366
898,35,11,0.7786441400253997,2481.686256393307,-25.13092869748365,0.897956460582671
899,35,13,-0.25517439057597335,149.510602118186,-232.77312101036588,1.5878291335986845
900,35,12,0.9020395042951425,1583.2100965262457,-38.03238123516969,1.1418338734576161
901,35,12,0.8210712773935238,220.11766979199385,-105.31413489358064,1.6089830246319585
902,35,10,0.8907191671537835,1822.0760677470757,-37.38678754496942,1.113945655602858
903,35,13,0.5448887541059947,352.72692639536564,-124.3440239120095,1.6176714754307675
904,35,11,0.8159532461878438,2255.3809989742826,-19.769403176758107,0.9646213020095332
905,35,14,-99.11344737602577,125.97894419862398,-195.67963326209863,1.5993917768444303
906,35,14,-0.9440936641019717,313.7729180323424,-138.67988576927968,1.6103335917812085
907,35,12,-1.3179120032621174,380.8692320595636,-108.83362249254952,1.6095878505264059
908,35,10,-46.965248086323996,130.36987976762697,-195.56035339691232,1.601509047797554
909,35,14,0.9477302798827594,1078.8999480491061,-43.51511357501203,1.2729458968158973
910,35,11,0.9212877378031371,152.42714709571297,-185.8907665948213,1.6143081182791472
911,35,14,0.8917564142944376,1554.7465796571705,-47.27587773439121,1.1120961990577414
912,35,15,0.5851887340221769,2949.9004188900185,9.033231820228984,0.620888459072095
913,35,14,0.5352023910172609,346.515808799099,-101.64521331000823,1.6186412692649068
914,35,12,0.8257537135858042,218.93397186225042,-116.93048660284786,1.6101876454636272
915,35,12,0.8168240855716297,223.69329986506412,-113.88617764946505,1.6153920219909998
916,35,15,0.9067125342228426,1407.7327851460643,-47.12575235534253,1.1410953743005139
917,35,13,0.9129748364503752,149.53558199140394,-179.30042804612287,1.6031317185781937
918,35,12,-0.17882330086128895,177.67423918213166,-197.56323628383615,1.6171297620427756
919,35,16,0.8736145826680218,1587.609664063679,-25.53172288390953,1.0615715467658449
920,35,15,0.5665893284684947,325.3170386210458,-137.684374628561,1.6148533400931089
921,35,15,0.829217709089137,1897.1682653086818,-26.442583394992177,0.974712362390444
922,35,14,0.5388626202426632,345.905460641564,-100.19204275326923,1.6161371280161827
923,35,12,-23.54960229034511,82.85475078367915,-153.31932843073977,1.6059398280290993
924,35,14,0.8428703475343414,194.52805999044577,-159.26612930838954,1.6139950831947247
925,35,13,-1.614464359449804,323.6964935998345,-146.34392655990774,1.6106844412731107
926,35,16,0.9011770624052272,1397.5236740367661,-35.90228859240329,1.1322847713157167
927,35,11,-1.6519971110601537,350.3665668059639,-142.1019482273096,1.6066418598003633
928,35,15,0.7806386859632924,2158.241779447379,-8.579771668380772,0.8850078485655072
929,35,10,0.8272339034827,234.61604256461234,-126.68684051367777,1.6181781900374557
930,35,13,0.41618208857820416,396.9051052292642,-90.13012489653849,1.617801872831985
931,35,19,0.8032376738857836,1826.8726377681367,-29.26804207631446,0.9214465446129824
932,35,14,0.1666160229422916,119.20100937298513,-207.77970109258672,1.6040992709395816
933,35,12,0.675586551316111,79.4379540666126,-131.85390646550144,1.6045438907659588
934,35,14,0.8272674140118847,203.93431983805422,-109.10353240104011,1.609404758363558
935,35,12,-1.059229605166331,343.00832936560704,-117.97359637812394,1.6123340656293943
936,35,12,-88.7651342300906,179.60795938389376,-251.56929597747444,1.5964519495613414
937,35,14,-1.5405874366502261,366.0283680487885,-89.1582712811879,1.6159589340772698
938,35,12,0.6763761166301002,2885.1927338616706,0.8982889071595562,0.7445834464460255
939,35,12,0.517080613995956,373.56146339505864,-97.94661809344214,1.615836618929498
940,35,18,0.6409920931152739,2528.6434880388474,29.234018130074947,0.6786746900200036
941,35,11,0.9347246176879385,138.60045456989872,-132.20502131091396,1.6084893809023588
942,35,14,0.6814670366240159,2671.311714304026,8.75273495339416,0.7438173684623577
943,35,13,0.9228557803189796,1359.8927539483548,-44.041654471814525,1.1930057961083473
944,35,13,0.8446243149112037,198.19548277830256,-144.47280514518778,1.6022263272770834
945,35,15,0.6211433778374026,2820.086870010543,20.320407224127877,0.6628838596985556
946,35,13,0.8471720984886542,195.85120834149222,-157.64469259393994,1.6032656791150106
947,35,12,-0.33804175633409383,193.21384191435976,-231.55500924245086,1.587284844197339
948,35,12,0.29781789770955636,117.06559004150456,-185.45037618478014,1.6065313746748862
949,35,11,0.6266948683175462,3219.5968113267686,14.475708741380066,0.6844530595950705
950,35,12,-1.368547945364286,380.42906628321197,-114.84924959204079,1.615626078301633
951,35,16,0.866270711639746,1631.946833682061,-43.11154486376847,1.0472148900795075
952,35,11,-2.532487634866495,87.69764051603644,-171.61815109923322,1.6036363586865519
953,35,17,0.7585698936701202,2129.683153206315,-7.312292701484359,0.8483288345154754
954,35,19,0.8283448516467526,178.32025055014515,-195.56461162894584,1.6175278038053955
955,35,13,0.38747972511535744,402.15523400472637,-83.55504912922673,1.6173427106350953
956,35,13,0.8389304295161718,201.54444214723836,-128.76211367140542,1.6101957717233382
957,35,11,0.491942828180965,394.1515676715786,-96.79517815224466,1.617885922655409
958,35,13,0.9196321762874953,1391.8373369949397,-47.58842696304312,1.182888349087942
959,35,11,0.9456687975426632,1227.5823185399329,-57.13069137166207,1.2703482571421008
960,35,10,0.7819785043502001,2574.6637331919146,-19.853914926974415,0.9052124862815398
961,35,11,0.4950235228709837,392.62402860169755,-97.62844792651723,1.6164234423910089
962,35,9,-1.211851289011538,388.6375701361143,-138.10401470345835,1.617602818054994
963,35,14,0.8507854708689999,1831.28411652065,-25.79885907768925,1.0180684449840964
964,35,14,0.579521790858476,3062.185855327407,-0.4602698014080156,0.6190050639562183
965,35,11,0.9435455752551855,1247.108295468753,-53.99864216011085,1.2642491359350212
966,35,12,-0.13395546866689267,177.15684247305092,-135.560707515949,1.614907667185403
967,35,14,-1.8195901229821203,70.4494744447157,-137.995275322195,1.6046524084913194
968,35,10,0.5540599847990135,3647.22960887141,7.573032950808138,0.611652271594962
969,35,13,0.9063955829927781,155.33014586161332,-209.26745938275482,1.5958059109164482
970,35,10,0.4883620573193792,411.3518585851204,-101.15615166489124,1.6167786853358728
971,35,13,0.6573359513915138,2869.848302956032,8.592091288055085,0.7134258932407127
972,35,13,0.8436117543617753,1945.4908187621643,-30.11919182650838,1.0038008224878183
973,35,12,0.7866843961101244,2346.5338026796585,-18.734651225615952,0.906084466562963
974,35,12,-1.5064340406830414,392.1953953823604,-91.5516006337623,1.616126471032479
975,35,12,-10.928068771719325,156.2070977435135,-225.49599426452306,1.5942766400580817
976,35,14,0.5694942414559299,334.78169072887846,-139.90805410271483,1.6147789189150388
977,35,12,0.949727035550473,1135.6646984119334,-46.69601444431947,1.2823192002184423
978,35,14,0.8707878708539447,1704.587228509329,-22.117033559145362,1.0589008328774587
979,35,11,0.4505077658585558,107.40410119421402,-187.83015058697202,1.6134979799616316
980,35,15,0.940799286928936,1117.26037065208,-54.46813440890026,1.2467590379295508
981,35,13,-1.0227295288151406,323.61752799165544,-140.3467819443592,1.6065566687910928
982,35,14,0.5885235868201204,3030.7126694018816,21.14235883301029,0.6267822741432763
983,35,15,-54.29960216730806,132.94221772783462,-207.16193380667602,1.6050667042059155
984,35,16,0.8954793579579949,1441.7564344595462,-44.89901847052402,1.1142631861178305
985,35,14,0.9473653012142529,1087.1639298258963,-44.95368337089177,1.2698700782021213
986,35,15,-0.9834546338865136,305.2015717233119,-156.07174714273853,1.620779378085848
987,35,12,-1.1004580403208006,346.1115824266068,-130.7708390433792,1.6172800317697884
988,35,14,-1.6242966040560618,312.2784387926705,-166.09039887399013,1.6108913140922179
989,35,13,-1.7880715419862923,330.6823888148015,-116.89263387056448,1.6169000321049365
990,35,14,0.6458618496262836,2815.800072727116,9.539869101772453,0.6971966803811395
991,35,7,-1.8002173291601822,439.3374829286107,-128.5411484315898,1.609172284241743
992,35,15,0.7381057451818203,2342.3573016193827,-11.715394577723837,0.8257590195133713
993,35,8,0.9322902715361742,161.01074050282836,-138.73311857372568,1.6092456103798172
994,35,12,-1.8810645878073173,382.73679670695475,-104.92537921610473,1.6140586493707914
995,35,12,0.9171422228331706,150.04620200600638,-176.22868231059508,1.614511277443297
996,35,13,0.7128266399464885,97.30354694313456,-167.1572245667196,1.6182187252813915
997,35,13,0.5628663009728265,91.89177467495567,-156.45181400115052,1.6187755652347673
998,35,11,-17.012993429808006,197.59055645950625,-275.02886930160645,1.5862924100090292
999,35,16,0.8217594418179724,193.2137941145554,-174.9750607515241,1.618975145998133
1000,35,13,-1.1538539554142466,374.98446794734366,-96.02063822723505,1.6164776381509278
