gene_id	dog_selected	dog_pvalue	dog_omega	dingo_selected	dingo_pvalue	dingo_omega	fox_selected	fox_pvalue	fox_omega	gene_symbol	description
Gene_00845017989	True	0.0	30485014814031.38	False	1.0	0.701150190826965	False	1.0	0.7563126267448088	Unknown	No description
Gene_00845029249	True	0.0	0.5246120592296938	False	1.0	1.0	False	1.0	0.1777011029420063	LEF1	lymphoid enhancer binding factor 1
Gene_00845018282	True	3.3306690738754704e-15	0.4406459197251041	False	0.8662600742092949	0.5016042620743524	False	1.0	0.0	HOXC9	homeobox C9
Gene_00845011666	True	0.0064245998896271	0.4121129813932911	False	1.0	1.0	False	1.0	0.0	TMEM98	transmembrane protein 98
Gene_00845029033	True	0.0	0.3816314147095247	False	1.0	1.0	False	1.0	0.0679143521805724	PHETA1	PH domain containing endocytic trafficking adaptor 1
Gene_00845019485	True	0.0	0.5947499960582603	False	1.0	1.0	False	1.0	0.3676887382919447	TMEM74B	transmembrane protein 74B
Gene_00845002508	True	7.268439183860663e-10	0.3682572319708728	False	1.0	0.0	False	0.0798613125467578	0.0995513818729705	MYH1	myosin heavy chain 1
Gene_00845000020	True	1.2505996238587608e-10	0.6431526840706782	False	1.0	1.0	False	1.0	0.4427259811204713	CCDC170	coiled-coil domain containing 170
Gene_00845008693	True	7.838729665365918e-12	1.585636015691024	False	1.0	1.0	False	1.0	0.1139568675122877	SOBP	sine oculis binding protein homolog
Gene_00845013030	True	0.0	0.1864500709163746	False	0.9737193627614094	10000000000.0	False	1.0	0.0749439435820479	ASAP1	No description
Gene_00845002271	True	0.0	0.6670398181169226	False	1.0	0.0	False	1.0	0.1042373834127858	MAP3K4	mitogen-activated protein kinase kinase kinase 4
Gene_00845018892	True	9.672429523988058e-12	0.7357494377826945	False	1.0	1.0	False	1.0	0.0	ATF7	activating transcription factor 7
Gene_00845023691	True	8.874734280794883e-11	0.5232471509042034	False	0.7959177041683191	10000000000.0	False	1.0	0.0638783456042885	PRMT8	protein arginine methyltransferase 8
Gene_00845023296	True	5.3457238635701294e-14	0.4588868259600742	False	1.0	1.0	False	1.0	0.1139276955422728	PSMB4	proteasome 20S subunit beta 4
Gene_00845009387	True	0.0	0.3866613180532441	False	1.0	1.0	False	1.0	0.0	ADAMTS6	ADAM metallopeptidase with thrombospondin type 1 motif 6
Gene_00845006422	True	0.0149597452431053	0.4595466356649878	False	1.0	0.326503540717693	False	1.0	0.2841828745912262	Unknown	No description
Gene_00845015432	True	0.0	0.670073419569178	False	1.0	1.0	False	1.0	0.0	UBE2T	ubiquitin conjugating enzyme E2 T
Gene_00845028566	True	0.0079758825908178	2.335103551240082	False	1.0	10000000000.0	False	1.0	0.3714642804702913	PATL2	PAT1 homolog 2
Gene_00845024115	True	2.460007625937344e-07	1.282179759519246	False	1.0	1.0	False	0.106237363869475	0.4739879975380326	Unknown	No description
Gene_00845002498	True	0.0	0.0	False	0.966482040005939	10000000000.0	False	1.0	0.8738577805558397	CD34	CD34 molecule
Gene_00845028073	True	1.803133446337535e-05	0.1683072253124798	False	1.0	1.0	False	1.0	0.0	NINJ2	ninjurin 2
Gene_00845004665	True	0.0	1282399825.140143	False	1.0	10000000000.0	False	1.0	0.3674190716779515	NCF2	neutrophil cytosolic factor 2
Gene_00845006658	True	0.0	0.5767015368304397	False	1.0	1.0	False	1.0	0.1939741491652585	EREG	epiregulin
Gene_00845013231	True	0.0	0.4951816072347834	False	1.0	0.0	False	1.0	0.1872434080418178	Unknown	No description
Gene_00845021340	True	0.0	1.092817038809477	False	1.0	1.0	False	1.0	0.386773604383065	GALM	galactose mutarotase
Gene_00845008187	True	0.0	0.6065594636883324	False	0.2939342763544256	10000000000.0	False	0.0799717674264782	0.2229084788724258	MECR	mitochondrial trans-2-enoyl-CoA reductase
Gene_00845021069	True	1.138382426657536e-07	0.5490128616381394	False	0.2711279484566413	10000000000.0	False	1.0	0.180408689677529	OR11H4	olfactory receptor family 11 subfamily H member 4
Gene_00845000734	True	0.033713691942317	0.3381097837378203	False	0.9811426221719088	6414691.762399117	False	1.0	0.0	SLC23A1	marginal zone B and B1 cell specific protein
Gene_00845004995	True	3.497202527569243e-15	0.957115404125352	False	1.0	1.0	False	1.0	0.131789934782016	SGK1	serum/glucocorticoid regulated kinase 1
Gene_00845016044	True	9.992007221626409e-16	1.387140661544252	False	1.0	0.0	False	1.0	0.912778262805996	RLN2	relaxin 2
Gene_00845029029	True	4.64628335805628e-14	0.5881568982092057	False	1.0	1.0	False	1.0	0.1841650989910621	GDAP1	ganglioside induced differentiation associated protein 1
Gene_00845027522	True	0.0016443838744618	0.3635446334295448	False	1.0	0.0	False	1.0	1.0	USP37	ubiquitin specific peptidase 37
Gene_00845010082	True	0.0	0.7330335717990732	False	1.0	10000000000.0	False	1.0	0.2025942119838356	DUSP13B	dual specificity phosphatase 13B
Gene_00845001543	True	0.0	1892272967.586142	False	1.0	0.1851873261403636	False	1.0	0.3288745027362538	Unknown	No description
Gene_00845012695	True	1.891820033961267e-13	0.5688788470930884	False	1.0	0.0474622073155079	False	1.0	0.0274726542242288	KRT32	keratin 32
Gene_00845005853	True	0.0	0.551397387732079	False	1.0	1.0	False	1.0	0.0705584569596429	HCRTR1	hypocretin receptor 1
Gene_00845024318	True	0.001383292592455	0.1638890019997704	False	0.4653247927799889	10000000000.0	False	0.0631699722817115	0.3813182408894197	Unknown	No description
Gene_00845026775	True	0.0011319878047863	0.8374627358167194	False	1.0	1.0	False	1.0	0.0651951660844069	PITPNC1	phosphatidylinositol transfer protein cytoplasmic 1
Gene_00845009466	True	0.0	0.4709324105176498	False	1.0	1.0	False	1.0	0.1033048429291237	MOB2	No description
Gene_00845003712	True	0.0	92453698234851.9	False	1.0	0.0	False	0.9308324113376812	0.1652678868588901	PTGDR	prostaglandin D2 receptor
Gene_00845014297	True	0.0	2.001475602354792	False	0.5802654592845353	10000000000.0	False	1.0	0.095256311948432	POU2F3	POU class 2 homeobox 3
Gene_00845027774	True	0.0	0.9897006919773884	False	1.0	1.0	False	1.0	0.1383581170125993	EDNRB	endothelin receptor type B
Gene_00845019763	True	7.848721672587544e-13	0.587452308660698	False	1.0	1.0	False	1.0	0.2382782430971148	TMEM116	transmembrane protein 116
Gene_00845005982	True	0.0	0.9119404010873596	False	1.0	1.0	False	1.0	0.0	CTRL	chymotrypsin like
Gene_00845002744	True	0.0012047162103519	0.3555106056101498	False	1.0	0.0	False	1.0	0.5090770723598269	Unknown	No description
Gene_00845027689	True	1.665334536937735e-16	0.8092469179111895	False	1.0	1.0	False	1.0	0.0673093082521037	TRIM42	tripartite motif containing 42
Gene_00845009221	True	0.0	2.337998012382761	False	0.0961584652944554	0.6074136373192894	False	0.169727381881646	1.683223643161361	Unknown	No description
Gene_00845000145	True	0.0	0.8708104203922171	False	1.0	0.0	False	1.0	0.3486775912009541	MFSD14B	No description
Gene_00845010145	True	0.0	0.5146295587554647	False	1.0	10000000000.0	False	1.0	0.0281755492320233	PDLIM4	PDZ and LIM domain 4
Gene_00845001754	True	3.5654812435836897e-13	1.076836487655819	False	1.0	1.0	False	1.0	0.3201483356756789	SOD2	superoxide dismutase 2
Gene_00845001892	True	1.6475166231266771e-09	0.6161358729068988	False	1.0	1.0	False	1.0	0.0	Unknown	No description
Gene_00845002617	True	3.0475622025960553e-14	1.192359357033649	False	1.0	1.0	False	1.0	0.0	QKI	QKI, KH domain containing RNA binding
Gene_00845030766	True	0.0	0.6902906983935738	False	1.0	1.0	False	1.0	0.1927222595793588	PORCN	porcupine O-acyltransferase
Gene_00845019372	True	8.739342582941845e-12	0.4238701221936803	False	0.5672411183712158	10000000000.0	False	1.0	0.0	FGFR2	fibroblast growth factor receptor 2
Gene_00845025476	True	4.496403249731884e-15	0.7698533439234898	False	1.0	1.0	False	1.0	0.3439590829461355	Unknown	No description
Gene_00845004900	True	0.0104302458115038	0.1193450238930542	False	1.0	0.0	False	1.0	0.0	LARP1	La ribonucleoprotein 1, translational regulator
Gene_00845015307	True	0.0	0.8670315690155588	False	1.0	0.0	False	1.0	0.1046802544053598	LIPC	lipase C, hepatic type
Gene_00845012616	True	0.0	0.7983929576402979	False	1.0	1.0	False	1.0	0.2590985058101666	MTRF1	mitochondrial translation release factor 1
Gene_00845023331	True	0.0	0.4803274289829103	False	1.0	1.0	False	0.9608028049749124	0.6725752242990638	FAM227A	family with sequence similarity 227 member A
Gene_00845016090	True	1.155742168634788e-13	1.234556619503671	False	1.0	0.2726001976229626	False	1.0	0.2507485913913822	OR5K1	olfactory receptor family 5 subfamily K member 1
Gene_00845008523	True	1.2201906152142779e-12	1.688846868559516	False	1.0	0.0	False	1.0	0.4081967116683816	PROCA1	protein interacting with cyclin A1
Gene_00845020233	True	0.0	0.5833554614125733	False	1.0	1.0	False	1.0	0.1976152379358108	GALR2	galanin receptor 2
Gene_00845016116	True	0.0005106604887082	0.435096992006931	False	1.0	1.0	False	1.0	0.0	Unknown	No description
Gene_00845006815	True	1.295130669376476e-12	1.561310624283767	False	1.0	1.0	False	1.0	0.2418599115492007	QSOX2	quiescin sulfhydryl oxidase 2
Gene_00845000187	True	7.611600683077313e-09	1.53969081129716	False	1.0	0.0	False	1.0	0.0827528448387235	Unknown	No description
Gene_00845028101	True	1.156862106110879e-09	0.4792545033285924	False	1.0	0.2291896358781063	False	1.0	0.6642006756201077	RCHY1	No description
Gene_00845019575	True	0.0	0.371718135949496	False	1.0	1.0	False	1.0	0.0	PLPPR2	phospholipid phosphatase related 2
Gene_00845001684	True	2.164934898019055e-15	1.761229626221838	False	1.0	1.0	False	1.0	0.1862659723185753	Unknown	No description
Gene_00845016004	True	2.209066263247905e-12	1.065149232252352	False	1.0	0.0	False	1.0	0.32320595175567	FRZB	frizzled related protein
Gene_00845010980	True	1.935751559045684e-11	1.663915262554003	False	1.0	1.0	False	1.0	0.6648945713134465	LBR	lamin B receptor
Gene_00845006911	True	0.0	0.6713716275663386	False	1.0	0.0	False	1.0	0.0694126887094665	MOV10	Mov10 RISC complex RNA helicase
Gene_00845025322	True	1.2906675395107922e-08	0.6056730107993069	False	0.1132644024011128	10000000000.0	False	1.0	0.0	TSN	translin
Gene_00845003752	True	0.0	0.7749298745941056	False	1.0	0.3141270544530882	False	0.1118868192210826	0.2636549000000795	AP3B2	No description
Gene_00845028547	True	5.541657133179001e-10	0.2651840772608487	False	1.0	1.0	False	1.0	0.0	TRAPPC2	No description
Gene_00845011780	True	0.0062765034825522	0.2655261809755	False	1.0	1.0	False	0.6155741124599525	10000000000.0	LBH	LBH regulator of WNT signaling pathway
Gene_00845030679	True	1.171660318766143e-08	0.8386360820342131	False	1.0	1.0	False	1.0	0.0	THOC5	THO complex subunit 5
Gene_00845012358	True	0.0	1.122043272186322	False	1.0	1.0	False	1.0	0.0809352913716421	SLC6A4	solute carrier family 6 member 4
Gene_00845028249	True	2.433391821377029e-10	1.036561856207196	False	1.0	1.0	False	0.7389197628970533	10000000000.0	Unknown	No description
Gene_00845008493	True	2.3939183968479938e-12	0.5484461794764975	False	1.0	1.0	False	1.0	0.0406094531166479	TRIM2	tripartite motif containing 2
Gene_00845007336	True	0.0	1.200838015714883	False	1.0	1.0	False	1.0	0.0	TFAP2B	transcription factor AP-2 beta
Gene_00845006659	True	2.446030045177849e-10	0.3226719054793303	False	0.6685524982001237	10000000000.0	False	1.0	0.0622899704606267	GABRR1	gamma-aminobutyric acid type A receptor subunit rho2
Gene_00845021896	True	0.0	7.420694293108153	False	0.2476574782388596	10000000000.0	False	0.488285800944897	0.1746029179514644	SSBP4	single stranded DNA binding protein 4
Gene_00845019113	True	0.0	0.7835077179103823	False	1.0	1.0	False	1.0	0.1480893930347301	NDUFAF7	NADH:ubiquinone oxidoreductase complex assembly factor 7
Gene_00845004058	True	2.997602166487923e-15	0.7988136589231276	False	1.0	1.0	False	0.6086085011164166	0.3712476158910986	Unknown	No description
Gene_00845016435	True	0.0	0.822055783177739	False	1.0	1.0	False	1.0	0.0416316666282683	USP47	ubiquitin specific peptidase 47
Gene_00845027387	True	0.0	0.6081812733842578	False	1.0	0.0	False	1.0	0.0328831446908551	BRD9	bromodomain containing 9
Gene_00845005063	True	1.538305892834213e-06	0.4417399457657079	False	1.0	1.0	False	1.0	0.0	TMEM39B	transmembrane protein 39B
Gene_00845010774	True	0.0	0.7202624527158051	False	1.0	1.0	False	1.0	0.0566395887303465	STT3A	STT3 oligosaccharyltransferase complex catalytic subunit A
Gene_00845019386	True	0.0334711265098142	0.2789409991190782	False	1.0	0.7729002526863844	False	1.0	0.1194754358902256	GCNT2	glucosaminyl (N-acetyl) transferase 2 (I blood group)
Gene_00845007232	True	1.9984014443252818e-15	10000000000.0	False	0.9481142771384788	2.5466530984748343e-08	False	1.0	0.0420251292078299	EFR3A	EFR3 homolog A
Gene_00845030907	True	0.0	0.4753450921801919	False	1.0	1.0	False	1.0	0.1212883647566647	LRRC15	leucine rich repeat containing 15
Gene_00845024339	True	6.599050655919926e-08	0.3583209738534308	False	1.0	1.0	False	1.0	0.0	ABCC5	ATP binding cassette subfamily C member 5
Gene_00845000689	True	3.2494007484729078e-12	0.7027022293316101	False	1.0	0.0	False	1.0	0.1750672669960948	A1BG	alpha-1-B glycoprotein
Gene_00845002964	True	0.0	0.6632065034006551	False	1.0	0.0	False	1.0	0.3397848230248874	PCDHB7	protocadherin beta 7
Gene_00845013733	True	5.2732450073200716e-08	0.4161198753603514	False	1.0	1.0	False	1.0	0.0	GNAS	GNAS complex locus
Gene_00845007137	True	4.153110411808658e-05	0.3756470705441338	False	0.8880157539386023	10000000000.0	False	1.0	0.0	UCP3	uncoupling protein 3
Gene_00845018387	True	2.997602166487923e-15	0.4461526722745035	False	1.0	1.0	False	1.0	0.5661418168620723	GINM1	glycosylated integral membrane protein 1
Gene_00845000164	True	4.9594994777635286e-11	0.6797943081395866	False	0.627029417318658	1.0	False	1.0	0.118017426808377	Unknown	No description
Gene_00845030182	True	0.0	0.5683690061081866	False	1.0	1.0	False	1.0	0.0761095374785304	USP11	ubiquitin specific peptidase 11
Gene_00845023741	True	0.0	0.64506995270905	False	1.0	1.0	False	1.0	0.037381189083612	Unknown	No description
Gene_00845021547	True	0.0	0.9836995419348536	False	1.0	1.0	False	0.1528047484467989	0.2006030436371345	RHEBL1	RHEB like 1
Gene_00845021117	True	0.0	0.6051597785872412	False	1.0	0.0	False	1.0	0.1350408314233005	IGFBP6	insulin like growth factor binding protein 6
Gene_00845019312	True	0.0	1.042838488326511	False	0.5235255922378105	10000000000.0	False	0.4428181952587654	0.9700408447175428	Unknown	No description
Gene_00845005624	True	6.578687428149266e-09	1.079030056306333	False	0.6158245299497833	10000000000.0	False	1.0	0.3817304716429372	ENPP3	No description
Gene_00845019257	True	1.727856789146553e-06	1.197093250668721	False	1.0	1.0	False	1.0	0.0	MTURN	maturin, neural progenitor differentiation regulator homolog
Gene_00845023716	True	3.320776986726059e-11	0.5328591123427016	False	1.0	1.0	False	1.0	0.5682264459340619	RNF224	ring finger protein 224
Gene_00845027305	True	0.0	0.5717071817527875	False	1.0	1.0	False	1.0	0.0	IFT80	intraflagellar transport 80
Gene_00845019216	True	0.0140900663076709	1.247805141485091	False	1.0	2.112086290391093	False	1.0	0.0635101318865033	TACO1	translational activator of cytochrome c oxidase I
Gene_00845009564	True	0.0	0.7845711789189035	False	1.0	1.0	False	1.0	0.0	GNAQ	G protein subunit alpha q
Gene_00845009134	True	0.0468963173337135	0.9499747150368848	False	0.7636760642092235	10000000000.0	False	1.0	0.5181406666561402	Unknown	No description
Gene_00845029097	True	0.0	1.216746850826472	False	1.0	1.0	False	1.0	0.3225828940899486	CBLN4	cerebellin 4 precursor
Gene_00845021274	True	0.0	0.956460005172682	False	1.0	1.0	False	1.0	0.0711085606814813	IPP	intracisternal A particle-promoted polypeptide
Gene_00845023971	True	0.0	2839439136156.867	False	1.0	0.5043525478624402	False	0.9164432612950084	0.384047626834243	Unknown	No description
Gene_00845002113	True	0.0	2486929124.462109	False	0.9992413990817368	10000000000.0	False	0.5	10000000000.0	Unknown	No description
Gene_00845025630	True	1.665334536937735e-16	0.3811045497662336	False	1.0	0.0	False	1.0	0.0576755321267693	TRPM8	transient receptor potential cation channel subfamily M member 8
Gene_00845004602	True	0.0	0.9316489718261254	False	1.0	1.0	False	1.0	0.0663911508096823	E4F1	E4F transcription factor 1
Gene_00845021665	True	1.989640285859906e-09	0.3903407468808839	False	1.0	0.0	False	1.0	0.2819053570812068	KIF14	kinesin family member 14
Gene_00845029255	True	0.0	0.5125138961406192	False	1.0	1.0	False	1.0	0.1311788766922582	RIN2	Ras and Rab interactor 2
Gene_00845015947	True	0.0	1.0691211460205	False	1.0	1.0	False	1.0	1.0	CSNK2A1	No description
Gene_00845009067	True	0.0	0.634244951697698	False	1.0	1.0	False	1.0	0.3469271762116092	ERAL1	Era like 12S mitochondrial rRNA chaperone 1
Gene_00845024762	True	9.992007221626409e-16	0.2773583765049039	False	1.0	0.0	False	1.0	0.1819481764700335	GLDC	glycine decarboxylase
Gene_00845011586	True	0.0075537676955533	0.9368612784383432	False	1.0	1.0	False	1.0	0.2313904126268606	GALNT11	polypeptide N-acetylgalactosaminyltransferase 11
Gene_00845009620	True	7.160938508832261e-15	0.748002772022781	False	1.0	1.0	False	1.0	0.2800644184347605	RABEPK	Rab9 effector protein with kelch motifs
Gene_00845012980	True	3.0975222387041874e-14	0.4809187554078816	False	1.0	1.0	False	1.0	0.0	GOSR1	No description
Gene_00845014157	True	0.0	1.363880394149742	False	1.0	0.1161127606341536	False	1.0	0.0814293172151812	SGSM2	small G protein signaling modulator 2
Gene_00845016701	True	2.206401727988805e-12	0.5827458173906236	False	1.0	1.0	False	1.0	6.104802071841997e-35	SEPHS1	selenophosphate synthetase 1
Gene_00845030799	True	1.93630469325079e-07	0.3823925881044545	False	1.0	1.0	False	1.0	0.1887148312229779	Unknown	No description
Gene_00845020263	True	0.0104515715173206	0.8561786967445211	False	1.0	10000000000.0	False	1.0	0.1164608712973563	RAG1	recombination activating 1
Gene_00845019698	True	0.0	0.5956435254635066	False	1.0	10000000000.0	False	1.0	0.2164538997099176	CDC23	No description
Gene_00845017556	True	1.913469382941457e-12	0.9576971100236276	False	1.0	0.0	False	1.0	0.0613174188590307	RANGAP1	No description
Gene_00845023009	True	0.0001845512504043	0.4318057834616623	False	1.0	1.0	False	1.0	0.0	FBXL12	F-box and leucine rich repeat protein 12
Gene_00845005642	True	0.0	0.6178742972187776	False	0.6703854053700151	10000000000.0	False	1.0	0.2673893372912929	GGN	gametogenetin
Gene_00845029392	True	2.2981616609740744e-14	1.09025383236896	False	1.0	0.0	False	1.0	0.0	SCP2D1	SCP2 sterol binding domain containing 1
Gene_00845024631	True	0.0	0.6266180845151164	False	0.9778847520390658	50263.90754291772	False	1.0	0.0897103536212728	Unknown	No description
Gene_00845011656	True	0.0	0.3642071296455056	False	1.0	0.5649675957161986	False	1.0	0.0599267445862026	PAPPA	pappalysin 1
Gene_00845006193	True	0.0	0.6637791408157725	False	1.0	1.0	False	1.0	0.1496425460415311	LRIG2	leucine rich repeats and immunoglobulin like domains 2
Gene_00845016486	True	1.4655616720204991e-09	0.9582935764706796	False	1.0	0.2658424823188137	False	1.0	0.3128826246968706	OR6Y1	olfactory receptor family 6 subfamily Y member 1
Gene_00845021782	True	0.0	1.127678078933536	False	1.0	1.0	False	1.0	0.2484101746817326	IDS	iduronate 2-sulfatase
Gene_00845030039	True	0.0	0.7150877051581537	False	1.0	1.0	False	1.0	0.1525900535409047	GAR1	retinal pigment epithelium-derived rhodopsin homolog
Gene_00845009753	True	0.0454906558769391	0.450567019404565	False	0.626888885369008	10000000000.0	False	1.0	0.2316652684205478	ZFP69B	ZFP69 zinc finger protein B
Gene_00845011733	True	0.0	0.4302227584597573	False	1.0	0.0	False	1.0	0.1691046161259453	NDUFB9	NADH:ubiquinone oxidoreductase subunit B9
Gene_00845026010	True	0.0	0.7452351855202274	False	1.0	0.0	False	1.0	0.0	RGS4	regulator of G protein signaling 4
Gene_00845011676	True	0.0059784532266394	0.886623636856026	False	1.0	1.0	False	1.0	0.9588427958938298	Unknown	No description
Gene_00845024611	True	0.0	0.7392627481902413	False	1.0	0.0	False	1.0	0.0201244001432831	CLSTN3	calsyntenin 3
Gene_00845007464	True	0.0	0.5856511942092849	False	1.0	1.0	False	1.0	0.0	COL15A1	collagen type XV alpha 1 chain
Gene_00845006849	True	0.0003070503280829	0.7898335948837907	False	0.3666701098887657	10000000000.0	False	0.5	0.1818300935192461	Unknown	No description
Gene_00845025295	True	5.332401187274627e-13	0.1900694180851679	False	1.0	0.4429593053271096	False	1.0	1.0	PICK1	protein interacting with PRKCA 1
Gene_00845011660	True	0.0001217838656679	0.4859632419510982	False	1.0	0.0	False	1.0	0.0	HMGCLL1	3-hydroxymethyl-3-methylglutaryl-CoA lyase like 1
Gene_00845018768	True	3.2577142983214464e-08	0.4024494075217808	False	0.6046747936890152	10000000000.0	False	1.0	0.4582022122374763	PROCR	protein C receptor
Gene_00845019196	True	3.108523438655197e-10	0.6062143670511323	False	1.0	1.0	False	1.0	0.1600031864362636	Unknown	No description
Gene_00845005361	True	0.0	1.205753510131686	False	1.0	10000000000.0	False	0.9337322232505308	0.5480629834181049	CCL21	C-C motif chemokine ligand 21
Gene_00845028809	True	0.0	0.8302548933218618	False	1.0	1.0	False	1.0	0.0	HSPB8	heat shock protein family B (small) member 8
Gene_00845027569	True	0.0	0.7145257249422962	False	1.0	1.0	False	1.0	0.0769988513581126	XRN2	5'-3' exoribonuclease 2
Gene_00845007976	True	0.0	0.5090160976937852	False	1.0	1.0	False	1.0	0.0730159792008802	ALG12	ALG12 alpha-1,6-mannosyltransferase
Gene_00845007075	True	0.0	0.992716074855874	False	1.0	1.0	False	1.0	0.2068388162315645	SLC27A6	solute carrier family 27 member 6
Gene_00845030812	True	3.0508535364681684e-08	0.375510643559671	False	1.0	10000000000.0	False	1.0	0.0	FHIP2A	FHF complex subunit HOOK interacting protein 2A
Gene_00845004858	True	4.329869796038111e-15	1.428572660119204	False	1.0	1.0	False	1.0	0.0	AKT3	AKT serine/threonine kinase 3
Gene_00845030668	True	0.0	0.8931091612920448	False	1.0	1.0	False	1.0	0.0664724999868054	DUOXA1	dual oxidase maturation factor 1
Gene_00845014337	True	0.0196180225566425	0.2435017939326117	False	1.0	1.0	False	1.0	0.0	WSB1	WD repeat and SOCS box containing 1
Gene_00845017370	True	0.0	0.750181683209973	False	1.0	1.0	False	1.0	0.2545277263516026	CYP1A1	cytochrome P450 family 1 subfamily A member 1
Gene_00845003919	True	8.60977955596809e-14	0.5963742904475855	False	1.0	0.0	False	1.0	0.1252603104388484	ZNF599	No description
Gene_00845021868	True	8.737120905433216e-06	0.593274306406462	False	1.0	10000000000.0	False	1.0	0.6453283060476733	Unknown	No description
Gene_00845025597	True	1.008914507938385e-06	2.017203177428761	False	1.0	0.0	False	1.0	0.0822272797869927	Unknown	No description
Gene_00845001498	True	2.331468351712829e-15	0.6905018843275954	False	1.0	0.0	False	1.0	0.0	C16orf92	chromosome 16 open reading frame 92
Gene_00845008093	True	0.0035874350611886	0.3184920959581901	False	1.0	1.0	False	1.0	1.0	Unknown	No description
Gene_00845010270	True	0.0	1.506630431021149	False	1.0	1.0	False	1.0	0.1741426448355334	ZFPM2	zinc finger protein, FOG family member 2
Gene_00845022244	True	0.0	0.6736481570003602	False	1.0	1.0	False	1.0	0.0	FZD3	frizzled class receptor 3
Gene_00845027768	True	0.0	1954068894.714731	False	1.0	1.046231396266289	False	1.0	0.4936458512604236	KLRF1	killer cell lectin like receptor F1
Gene_00845029777	True	0.0	1.167948883392805	False	1.0	1.0	False	0.2378305171335762	0.1548241626625967	Unknown	No description
Gene_00845001175	True	0.0027046538979094	2.447779790550785	False	1.0	1.0	False	1.0	1.0	IGIP	IgA inducing protein
Gene_00845030444	True	0.0	0.7088592835826292	False	1.0	1.0	False	1.0	0.2642801337611678	PHF7	PHD finger protein 7
Gene_00845008084	True	0.0	0.6964981282828108	False	1.0	1.378791583596847	False	1.0	0.2685546151305644	ANXA10	annexin A10
Gene_00845008600	True	4.99027832556731e-07	0.4198751457971782	False	1.0	1.0	False	1.0	0.1472339751833836	SLC4A1	solute carrier family 4 member 1
Gene_00845022654	True	0.0	1.260377650029785	False	1.0	1.0	False	1.0	0.0872921779030417	PIBF1	progesterone immunomodulatory binding factor 1
Gene_00845005874	True	0.0	0.0	False	0.7664782916777227	10000000000.0	False	1.0	0.1420277235299946	PIGO	phosphatidylinositol glycan anchor biosynthesis class O
Gene_00845006921	True	6.045164369083977e-14	0.6284536232951287	False	1.0	1.0	False	1.0	0.068019215702985	Unknown	No description
Gene_00845028035	True	6.007285330844603e-07	0.615181606967201	False	0.9934666382122024	10000000000.0	False	1.0	0.1069557239642745	PDHA1	pyruvate dehydrogenase E1 subunit alpha 1
Gene_00845028672	True	0.0	0.5864683454655333	False	1.0	1.0	False	1.0	0.2230804474073487	Unknown	No description
Gene_00845015419	True	0.0	0.5234847679759627	False	1.0	0.0655200154507638	False	1.0	0.0114063590930687	MIB2	MIB E3 ubiquitin protein ligase 2
Gene_00845013037	True	1.328548937529206e-10	1.437163885157901	False	1.0	0.3918221573659746	False	1.0	0.7100370611449027	DNAI7	dynein axonemal intermediate chain 7
Gene_00845001289	True	4.496403249731884e-15	0.7634421586440148	False	1.0	0.0	False	1.0	0.8095954285221311	IL10	interleukin 10
Gene_00845010532	True	0.0106491706543083	0.4433167544318227	False	1.0	0.2502716497203616	False	1.0	285018.6356217111	GIP	gastric inhibitory polypeptide
Gene_00845000498	True	0.0117495662942384	0.723380488404825	False	1.0	10000000000.0	False	1.0	0.9554340504446897	NUDCD2	NudC domain containing 2
Gene_00845017473	True	5.372438359851905e-06	2.216694005973202	False	1.0	0.3479726796098029	False	1.0	0.9300126428942672	Unknown	No description
Gene_00845022802	True	0.0	1.225004742980908	False	1.0	1.0	False	1.0	0.2372611429474351	FASTKD3	FAST kinase domains 3
Gene_00845025328	True	0.0063203061465075	0.4914815874242904	False	1.0	1.0	False	1.0	0.1566153798593839	YBX3	Y-box binding protein 3
Gene_00845007127	True	0.0	1.397815985426517	False	1.0	0.0	False	0.9439825945022589	1.436139197299765	Unknown	No description
Gene_00845024352	True	0.0	0.5336098815064283	False	1.0	1.0	False	1.0	0.0	ADCY6	adenylate cyclase 6
Gene_00845010898	True	0.0	0.3387701093112715	False	1.0	1.0	False	1.0	0.0	CNP	2',3'-cyclic nucleotide 3' phosphodiesterase
Gene_00845022137	True	0.0	0.8262999124411287	False	1.0	1.0	False	1.0	0.0	ERGIC2	ERGIC and golgi 2
Gene_00845030366	True	0.0	0.9237543873183708	False	1.0	0.0	False	1.0	0.0244439087276093	GMPPA	GDP-mannose pyrophosphorylase A
Gene_00845024775	True	0.0001493345831928	1.295739632602842	False	0.4362005178047613	10000000000.0	False	0.8276873240077646	1.39446475337524	Unknown	No description
Gene_00845003797	True	3.1508129438861943e-13	0.4694586730255692	False	1.0	1.0	False	1.0	0.6490900803001057	GLTPD2	glycolipid transfer protein domain containing 2
Gene_00845004052	True	0.0008396663553038	2.57857689723762	False	1.0	1.0	False	1.0	0.0	UBA2	ubiquitin like modifier activating enzyme 2
Gene_00845028582	True	2.804423360203145e-13	1.284775024533669	False	1.0	0.0	False	1.0	0.1718540707410398	HVCN1	hydrogen voltage gated channel 1
Gene_00845009119	True	0.0	0.0005957157695724	False	1.0	13071407631.03703	False	1.0	0.0369057897579865	Unknown	No description
Gene_00845017668	True	2.47228781330433e-06	0.5201328373779045	False	0.5993952643394405	10000000000.0	False	1.0	0.640058233034164	UCMA	upper zone of growth plate and cartilage matrix associated
Gene_00845006645	True	0.0	0.4593788193714913	False	1.0	0.0	False	1.0	0.4979127304484336	SLC2A8	solute carrier family 2 member 8
Gene_00845000284	True	3.3639757646142243e-14	0.9599062902806508	False	1.0	0.0	False	1.0	0.0979321877182239	GALP	galanin like peptide
Gene_00845030632	True	1.12534396801145e-08	0.3852998924577826	False	1.0	1.0	False	1.0	0.0	UXT	ubiquitously expressed prefoldin like chaperone
Gene_00845016350	True	1.665334536937735e-16	0.4915098671432876	False	1.0	0.4115818926139215	False	1.0	0.222109740702457	Unknown	No description
Gene_00845029628	True	4.857453879125728e-06	0.3685013692440089	False	1.0	1.0	False	1.0	1.0	GET1	guided entry of tail-anchored proteins factor 1
Gene_00845010379	True	2.8310687127941492e-14	0.6891486949281803	False	0.6569086685086458	10000000000.0	False	1.0	0.3013192944940304	ODAM	odontogenic, ameloblast associated
Gene_00845018749	True	2.6607882563922658e-11	0.6011079566910863	False	1.0	1.0	False	1.0	0.0963841366959791	PIK3C2G	phosphatidylinositol-4-phosphate 3-kinase catalytic subunit type 2 gamma
Gene_00845000379	True	2.664535259100376e-15	0.7942594695939672	False	0.6023091008340957	103398930.2819251	False	1.0	0.2383395874245452	CASP9	caspase 9
Gene_00845025934	True	1.482147737874584e-14	0.8460134249295417	False	1.0	1.0	False	1.0	0.2815187785333282	Unknown	No description
Gene_00845016540	True	0.0	0.6844158618648203	False	1.0	0.3515710649654051	False	1.0	0.2629364527905645	Unknown	No description
Gene_00845010494	True	0.0	0.6852079420433341	False	1.0	1.0	False	1.0	0.3429475622771814	GSDMA	gasdermin A
Gene_00845004068	True	4.958879027905372e-06	1.147925836904275	False	0.6024496689121777	10000000000.0	False	1.0	0.2443674059049878	Unknown	No description
Gene_00845028384	True	0.0	1.646659649136164	False	1.0	1.0	False	1.0	0.0	SH3KBP1	SH3 domain containing kinase binding protein 1
Gene_00845013892	True	1.338000210626689e-09	0.5476670516668017	False	1.0	0.0	False	1.0	0.2473441655102107	VIM	vimentin
Gene_00845009436	True	6.181004405136914e-06	0.2567286717292677	False	1.0	1.0	False	0.0912611654527394	0.8724087716946091	Unknown	No description
Gene_00845006901	True	9.339477904379834e-07	0.7139112622124542	False	1.0	0.3276607487238858	False	1.0	0.1529873932797546	BCAM	basal cell adhesion molecule (Lutheran blood group)
Gene_00845021222	True	3.28491039369716e-08	0.4198915700484947	False	1.0	0.1612408198096271	False	0.1344568781970638	0.469689247371138	Unknown	No description
Gene_00845006501	True	7.105982469113314e-13	0.7581378566041429	False	1.0	1.0	False	1.0	0.0	FZD4	frizzled class receptor 4
Gene_00845006917	True	5.900568533778738e-09	0.2852596223202563	False	1.0	1.0	False	1.0	0.3343725658356215	TRIM54	tripartite motif containing 54
Gene_00845009532	True	0.0	0.6194673860591661	False	1.0	0.0	False	1.0	0.477833482022661	Unknown	No description
Gene_00845002450	True	2.862913506262998e-08	1.09090944503495	False	1.0	1.0	False	1.0	0.8609793337758173	CD3D	CD3 delta subunit of T-cell receptor complex
Gene_00845011505	True	0.0	0.5331396339177948	False	1.0	0.2151111825406684	False	1.0	0.2943464562622908	SHROOM1	shroom family member 1
Gene_00845022972	True	0.0187341708088401	0.5088422210766945	False	1.0	0.0	False	0.8186460432394023	10000000000.0	UBAP1	ubiquitin associated protein 1
Gene_00845000550	True	0.0	1761879484854.856	False	0.9520849945635712	0.4595273889149112	False	1.0	57970164.74153677	MESP2	mesoderm posterior bHLH transcription factor 2
Gene_00845028755	True	0.0	0.561951904835507	False	1.0	10000000000.0	False	1.0	0.1413511765018061	EDA	ectodysplasin A
Gene_00845023288	True	0.0	0.6918863335267744	False	1.0	10000000000.0	False	1.0	0.2900731736436338	Unknown	No description
Gene_00845011896	True	2.747801985947262e-14	0.6174272312802306	False	1.0	1.0	False	0.2545082564504345	0.5853232203573321	Unknown	No description
Gene_00845000141	True	0.0099153780970197	1.310240258949738	False	0.16468128551252	0.3475045034342405	False	0.0783910525334329	0.766421490766176	RGS17	regulator of G protein signaling 17
Gene_00845022899	True	6.161737786669619e-15	1.062302110902438	False	0.5965963758691221	10000000000.0	False	1.0	0.1194991931943244	IL20RB	interleukin 20 receptor subunit beta
Gene_00845012193	True	0.0	0.9359989465068124	False	1.0	10000000000.0	False	1.0	0.2179159237486994	Unknown	No description
Gene_00845002193	True	1.665334536937735e-16	0.8131704729216725	False	1.0	0.0	False	1.0	0.1442952790878524	SULT1A1	sulfotransferase family, cytosolic, 1A, phenol-preferring, member 1
Gene_00845011496	True	1.199873533863638e-12	0.907377892726066	False	1.0	1.0	False	1.0	0.3673353977663222	DCK	deoxycytidine kinase
Gene_00845021020	True	0.0	22642376483.31926	False	1.0	0.0479501990045198	False	1.0	0.0778514487969999	RSRC2	arginine and serine rich coiled-coil 2
Gene_00845025825	True	0.0014243819145593	1.965555106130503	False	1.0	1.0	False	1.0	0.1414401628578806	Unknown	No description
Gene_00845008875	True	0.0	67.45235588132702	False	1.0	0.0	False	0.0671126965780402	0.2180006210997852	CEP120	centrosomal protein 120
Gene_00845019272	True	0.0003628491605541	0.1201333555622872	False	1.0	1.0	False	1.0	1.0	Unknown	No description
Gene_00845014339	True	0.0283526848542106	10.52294911088835	False	1.0	10000000000.0	False	1.0	0.0135407397830118	FOXK1	forkhead box K1
Gene_00845004293	True	0.0	0.8708601583815632	False	1.0	1.0	False	1.0	0.5835123001640146	Unknown	No description
Gene_00845012015	True	0.0	0.9002328102572085	False	1.0	1.0	False	1.0	0.0420462344437622	ADD1	adducin 1
Gene_00845027834	True	4.571109350703928e-06	0.7833723990944721	False	1.0	1.0	False	1.0	0.9503971008563746	EIF3J	eukaryotic translation initiation factor 3 subunit J
Gene_00845011947	True	8.365231295293096e-05	0.3066817980299016	False	1.0	1.0	False	0.7931898830672545	10000000000.0	Unknown	No description
Gene_00845024998	True	0.0	1.122079255210373	False	1.0	1.0	False	1.0	0.0349570876702783	SLC8A1	solute carrier family 8 member A1
Gene_00845017201	True	0.0	0.5390338492875739	False	1.0	0.0	False	1.0	0.0205102087988725	PTPRF	protein tyrosine phosphatase receptor type F
Gene_00845021626	True	1.226598724257677e-07	0.5549838705328013	False	0.631549050337925	10000000000.0	False	1.0	0.2197837412301905	MRPS18C	mitochondrial ribosomal protein S18C
Gene_00845005050	True	2.4480417692984702e-14	0.9560784191336678	False	1.0	1.0	False	1.0	0.0882907647207884	CCDC28B	coiled-coil domain containing 28B
Gene_00845015050	True	2.283090383414788e-11	0.7385780009719384	False	1.0	0.0	False	1.0	0.0	DYDC1	No description
Gene_00845027434	True	0.0	0.5427427347664268	False	0.4189083312308552	10000000000.0	False	1.0	0.0	CXXC4	CXXC finger protein 4
Gene_00845003491	True	0.0	0.5625089633659712	False	1.0	0.0	False	1.0	0.0	SPNS1	SPNS lysolipid transporter 1, lysophospholipid
Gene_00845027443	True	0.0	0.7454522397579977	False	1.0	1.0	False	1.0	0.3370802580353063	ADGRG2	adhesion G protein-coupled receptor G2
Gene_00845025491	True	3.57455951963126e-05	1.406153040039781	False	1.0	0.0	False	1.0	0.2241652740419546	TMPRSS15	transmembrane serine protease 15
Gene_00845013059	True	0.0	0.6832346589264756	False	1.0	0.0	False	1.0	0.0590912385535809	JADE2	jade family PHD finger 2
Gene_00845014909	True	0.0	0.594139536079695	False	0.5704473331029983	10000000000.0	False	1.0	0.1906753373923418	SPATA16	spermatogenesis associated 16
Gene_00845001658	True	3.6561420557745805e-11	0.4832670633626147	False	1.0	1.0	False	1.0	0.0	FGF18	No description
Gene_00845007734	True	0.0	379970429488169.1	False	1.0	0.0	False	0.9144032350140772	405025003943498.7	Unknown	No description
Gene_00845021743	True	0.0	1.126852416753534	False	1.0	0.0	False	1.0	0.0	TLE3	TLE family member 3, transcriptional corepressor
Gene_00845004732	True	0.0427480566114966	0.4206605512436258	False	1.0	1.0	False	1.0	0.5313484743069015	Unknown	No description
Gene_00845008592	True	1.9196011447064618e-10	10000000000.0	False	1.0	2.990834222042815e-09	False	1.0	0.1153806430605972	HMGXB3	HMG-box containing 3
Gene_00845012936	True	6.473681195107162e-06	0.3042156131284237	False	1.0	1.0	False	0.1736338999699425	0.3949904095796964	FAM174C	family with sequence similarity 174 member C
Gene_00845029918	True	0.0	0.8248673690738783	False	1.0	0.0	False	1.0	0.0	FOXJ2	forkhead box J2
Gene_00845010399	True	0.0	2.026348446766339	False	1.0	0.0	False	1.0	0.1369994638037946	Unknown	No description
Gene_00845002598	True	0.0	0.9458932998413296	False	1.0	0.0	False	1.0	0.0923557804509089	EEF2K	eukaryotic elongation factor 2 kinase
Gene_00845017077	True	0.0036270077763421	0.6473050699831403	False	1.0	0.2542523142258636	False	1.0	0.0001335552936483	ATP8A2	ATPase phospholipid transporting 8A2
Gene_00845012388	True	1.540434446667405e-13	0.9053002557026352	False	1.0	1.0	False	1.0	0.1085078963892366	RNF4	ring finger protein 4
Gene_00845007020	True	0.0	0.7515284135058249	False	1.0	1.0	False	1.0	0.0	FBXW7	F-box and WD repeat domain containing 7
Gene_00845009481	True	0.0	93207102319743.56	False	1.0	0.3228079425947106	False	1.0	0.3381766449079784	Unknown	No description
Gene_00845015508	True	0.0	0.7301603459535572	False	0.5951156887789857	10000000000.0	False	1.0	0.1482969244929957	RBBP8	RB binding protein 8, endonuclease
Gene_00845000970	True	0.0263711045518024	0.548370629922288	False	1.0	0.3120706582751913	False	1.0	1.0	Unknown	No description
Gene_00845018443	True	0.0	0.2726755281154886	False	0.986307092222856	10000000000.0	False	1.0	0.1459704257808741	FAM171B	family with sequence similarity 171 member B
Gene_00845006518	True	0.0002485967246722	1.294524079887331	False	1.0	1.0	False	1.0	0.6646864294444469	RPS15A	ribosomal protein S15a
Gene_00845023569	True	1.320610287791624e-13	0.5180454521662518	False	1.0	1.0	False	1.0	0.1168475802304389	PIKFYVE	phosphoinositide kinase, FYVE-type zinc finger containing
Gene_00845017173	True	0.0	0.5976269156238442	False	1.0	0.5547652496082621	False	0.1243876007742654	0.2131186437090897	ZNF598	zinc finger protein 598, E3 ubiquitin ligase
Gene_00845015267	True	3.33066907387547e-16	0.6598194493200542	False	0.8549872246867612	1.0	False	1.0	0.0	EIF4G2	eukaryotic translation initiation factor 4 gamma 2
Gene_00845011731	True	0.0	0.7278627183237649	False	1.0	1.0	False	1.0	0.0	SLC25A26	solute carrier family 25 member 26
Gene_00845031016	True	3.416617107565578e-07	0.8136424239020862	False	0.5825052448461504	0.5872549453747987	False	1.0	0.3594497624392884	Unknown	No description
Gene_00845022513	True	3.469791121091248e-11	1.016394319729788	False	1.0	1.0	False	1.0	0.1833264048890645	UPB1	beta-ureidopropionase 1
Gene_00845009706	True	2.813827004732872e-09	1.232720703651261	False	1.0	0.1415771994276914	False	0.9984487914736698	0.3503845678689936	Unknown	No description
Gene_00845001766	True	0.0	0.5639348294867716	False	1.0	0.2560861357317493	False	0.8045819851207163	1.814127466180223	Unknown	No description
Gene_00845022284	True	1.498801083243961e-15	1.4397536061923	False	1.0	0.0	False	1.0	0.0480383795082719	Unknown	No description
Gene_00845024350	True	4.6314618806775336e-11	0.6843860817176591	False	0.476812323328319	10000000000.0	False	1.0	0.0	Unknown	No description
Gene_00845026382	True	0.0	1.278634907021875	False	1.0	1.0	False	1.0	0.6846219749038567	SERINC4	serine incorporator 4
Gene_00845025280	True	6.53427312258259e-12	1.081587695308464	False	1.0	1.0	False	0.5852191656640294	10000000000.0	ARL3	ADP ribosylation factor like GTPase 3
Gene_00845024242	True	3.270075010108897e-06	0.3494157763496128	False	1.0	1.0	False	1.0	0.013066043458534	BICD2	BICD cargo adaptor 2
Gene_00845002370	True	0.0	0.6205933712053934	False	1.0	1.0	False	1.0	0.10641724192421	PARD3	par-3 family cell polarity regulator
Gene_00845010137	True	2.5313084961453572e-14	1.104343199964604	False	1.0	0.0	False	1.0	0.0	Unknown	No description
Gene_00845014524	True	0.0	0.554988003254629	False	1.0	1.0	False	1.0	0.4029482289860378	ELMOD3	ELMO domain containing 3
Gene_00845017021	True	0.0	0.6155410090844381	False	1.0	1.0	False	1.0	0.1089923724211653	KIF11	kinesin family member 11
Gene_00845013432	True	4.049661772587143e-09	0.9684013712983314	False	1.0	10000000000.0	False	1.0	0.0937078813893717	ASL	argininosuccinate lyase
Gene_00845007471	True	3.33066907387547e-16	0.8808450806057269	False	0.9954783693366448	0.819612093012417	False	1.0	0.1058586932824174	OR5D3	olfactory receptor family 5 subfamily D member 3
Gene_00845027028	True	2.314815006343451e-14	0.3160600628674382	False	1.0	1.0	False	1.0	0.0	SIX3	SIX homeobox 3
Gene_00845009204	True	0.0	0.9584235311667532	False	1.0	1.0	False	1.0	0.0775165402335991	CNOT4	CCR4-NOT transcription complex subunit 4
Gene_00845011634	True	0.0	0.5552281864678739	False	1.0	1.0	False	1.0	0.0419412449557712	ZMIZ2	zinc finger MIZ-type containing 2
Gene_00845023250	True	0.0	1.008365604087135	False	1.0	1.0	False	1.0	0.6173620828743671	POLG2	DNA polymerase gamma 2, accessory subunit
Gene_00845010530	True	2.337463556045805e-11	0.7812926362530289	False	1.0	1.0	False	1.0	0.1709785154195206	SSR2	signal sequence receptor subunit 2
Gene_00845021144	True	0.0	7326562752.444667	False	1.0	4.456672731899065	False	1.0	0.1180879022532828	ZNF662	zinc finger protein 662
Gene_00845024346	True	0.0	0.6198807310037233	False	1.0	0.0	False	1.0	0.0	GMPR	guanosine monophosphate reductase
Gene_00845031001	True	3.140131001522217e-05	0.2517731650566263	False	1.0	1.0	False	1.0	0.091104581195633	PIM2	Pim-2 proto-oncogene, serine/threonine kinase
Gene_00845002761	True	0.0036492556652674	0.531753225113409	False	0.3365521964843877	10000000000.0	False	0.0782225960225442	0.4999140292029659	C5AR1	complement C5a receptor 1
Gene_00845005319	True	0.0001078433944117	2.566938991898231	False	1.0	1.0	False	1.0	0.0315436054566086	VAC14	VAC14 component of PIKFYVE complex
Gene_00845002576	True	3.091465383353587e-06	0.2862484258013538	False	1.0	0.1210983473384216	False	1.0	0.0	Unknown	No description
Gene_00845030407	True	0.0079039456789954	1.100714249603987	False	0.1818446795934649	0.5286066430216586	False	0.0752303525255542	0.493774970919406	EWSR1	EWS RNA binding protein 1
Gene_00845026245	True	0.0171276253102952	1619.434767347537	False	1.0	0.0	False	1.0	0.5588025682484274	ZER1	zyg-11 related cell cycle regulator
Gene_00845026707	True	0.0223644805944042	0.1906653824895156	False	1.0	0.3837199436880779	False	1.0	0.2395505569195536	NGLY1	N-glycanase 1
Gene_00845002258	True	0.0	0.5688403282926988	False	1.0	1.0	False	1.0	0.0	TMEM91	branched chain keto acid dehydrogenase E1 subunit alpha
Gene_00845030779	True	2.373807953537366e-07	0.975478634722925	False	1.0	1.0	False	1.0	0.1396278708930069	GRPR	gastrin releasing peptide receptor
Gene_00845019414	True	0.0	0.741776742283428	False	1.0	10000000000.0	False	1.0	0.2039459018142742	Unknown	No description
Gene_00845018839	True	5.0047542443643074e-08	0.4859853101835402	False	1.0	1.0	False	1.0	0.1644781540721743	PLEKHB2	No description
Gene_00845025078	True	1.665334536937735e-16	0.7340489493232645	False	1.0	0.9815767763732766	False	0.1284278484802881	0.2176384281045603	CHTF18	chromosome transmission fidelity factor 18
Gene_00845024239	True	1.502131752317837e-13	0.7410855397702484	False	1.0	1.0	False	1.0	0.0	COMMD2	No description
Gene_00845010273	True	0.0	0.8694193515599884	False	1.0	1.0	False	1.0	0.0	TNNT3	No description
Gene_00845019510	True	0.0	0.4455270240490292	False	1.0	0.0	False	1.0	0.380040059197139	PSMF1	proteasome inhibitor subunit 1
Gene_00845024921	True	6.29345252578517e-08	0.4429375450101399	False	1.0	0.0	False	1.0	0.0	OR51V1B	olfactory receptor family 51 subfamily V member 1B
Gene_00845016503	True	2.786629685003206e-06	0.8852441876205657	False	1.0	0.0	False	0.75217453219963	0.2422085632464651	RASAL3	RAS protein activator like 3
Gene_00845021959	True	6.301221667781576e-07	1.161820564337872	False	0.0983623889465342	0.8005573081560196	False	1.0	0.1911395982810533	Unknown	No description
Gene_00845006779	True	0.0	0.8632293972346452	False	0.6108147612884977	10000000000.0	False	1.0	0.0459179387415974	Unknown	No description
Gene_00845026635	True	0.0	0.547106339523907	False	1.0	0.0	False	1.0	0.0	CACNA2D3	calcium voltage-gated channel auxiliary subunit alpha2delta 3
Gene_00845011511	True	0.0033101093078088	0.3038556981785223	False	0.6155644048570444	10000000000.0	False	1.0	0.1207047917564065	GALNTL5	polypeptide N-acetylgalactosaminyltransferase like 5
Gene_00845009121	True	8.326672684688674e-16	0.572821569862398	False	1.0	1.0	False	1.0	0.0	Unknown	No description
Gene_00845011842	True	0.0	1.476566994279419	False	0.6138145357256185	0.6534456728145513	False	0.5	0.7987856921600364	Unknown	No description
Gene_00845015529	True	5.6012028348817466e-11	0.4315531879012579	False	1.0	1.0	False	1.0	0.0	N4BP2L1	NEDD4 binding protein 2 like 1
Gene_00845014912	True	4.66993774600466e-06	28.76560924350164	False	1.0	6.002725727787804e-05	False	1.0	0.0001015162006055	C17orf99	chromosome 17 open reading frame 99
Gene_00845015591	True	0.0239572778686497	0.2398937640821467	False	1.0	0.0	False	0.09895626936779	0.4570010339820636	Unknown	No description
Gene_00845001301	True	0.0018035647176233	2697.454442848053	False	1.0	0.0	False	0.9574698891269632	10000000000.0	FGF10	fibroblast growth factor 10
Gene_00845030149	True	0.0109830807505708	0.5092234240989534	False	0.8929064032543387	9.397865844688251	False	1.0	0.033270214740994	ZFYVE27	zinc finger FYVE-type containing 27
Gene_00845025074	True	0.0	0.383981395175959	False	1.0	0.4357866233595526	False	1.0	0.0	KNDC1	kinase non-catalytic C-lobe domain containing 1
Gene_00845024720	True	2.5410761828048582e-09	0.9812211600333433	False	1.0	1.0	False	1.0	0.1414617207918072	Unknown	No description
Gene_00845016082	True	2.462472796338488e-05	0.792851309812836	False	1.0	1.0	False	1.0	0.6378418360397287	Unknown	No description
Gene_00845001602	True	6.6463501369185e-13	0.5487430571135319	False	1.0	1.0	False	1.0	0.0862055168710471	DENND2D	DENN domain containing 2D
Gene_00845030671	True	1.374568792122943e-10	0.6315330525849585	False	0.9184395403201516	10000000000.0	False	1.0	6.410168836345283e-09	Unknown	No description
Gene_00845026199	True	0.0	0.5548618490745949	False	1.0	1.0	False	1.0	0.2355781726375827	TCP11L1	t-complex 11 like 1
Gene_00845018474	True	0.0377638837615386	0.4696229574028644	False	1.0	0.0	False	1.0	1.0	CEND1	cell cycle exit and neuronal differentiation 1
Gene_00845010414	True	0.0	0.5705521442908394	False	0.6062215857956861	10000000000.0	False	1.0	0.3407136570996475	ZNF692	zinc finger protein 692
Gene_00845030558	True	0.0	0.6776554414063414	False	0.2488869410624611	1.575685523512425	False	0.3907497579687041	0.1201466386941151	AP1B1	No description
Gene_00845022217	True	7.913867924314033e-07	0.2152664724769252	False	1.0	0.1444496879027487	False	1.0	0.0396625086934382	WDFY3	WD repeat and FYVE domain containing 3
Gene_00845001432	True	2.196576254220872e-11	0.659379039698086	False	1.0	0.0	False	1.0	0.0	MEF2A	myocyte enhancer factor 2A
Gene_00845029267	True	0.017528471592876	0.5654538883385897	False	1.0	0.2800397169314314	False	0.4785867084687487	10000000000.0	Unknown	No description
Gene_00845009794	True	8.14697126427788e-09	1.072733061917491	False	1.0	1.0	False	0.109783008817279	0.8567617778315594	Unknown	No description
Gene_00845011873	True	0.0	1.431269625675881	False	0.6101083603115285	0.6521114793266721	False	0.5	0.8073277616638176	Unknown	No description
Gene_00845019813	True	3.0908675618945836e-10	0.9522522593203532	False	1.0	1.0	False	1.0	0.0	Unknown	No description
Gene_00845016573	True	0.0	7020395471688484.0	False	1.0	0.322339479380029	False	1.0	0.0672093044805712	FADS6	fatty acid desaturase 6
Gene_00845000018	True	3.0752966839742157e-10	0.5264104939780713	False	1.0	0.6425036192001992	False	1.0	0.3173578300374585	Unknown	No description
Gene_00845022256	True	0.0175421154746161	0.4723623505853536	False	1.0	1.0	False	1.0	0.0	PJVK	pejvakin
Gene_00845022606	True	0.0	0.8978427968935899	False	1.0	1.0	False	1.0	0.4924891357201194	HTR2B	5-hydroxytryptamine receptor 2B
Gene_00845018982	True	3.832149564342302e-07	0.5730761916284433	False	1.0	1.0	False	1.0	0.0541312104614121	Unknown	No description
Gene_00845004919	True	0.0	1.103877173519377	False	1.0	0.0	False	1.0	0.1304972652718227	HNRNPL	heterogeneous nuclear ribonucleoprotein L
Gene_00845010059	True	1.684361983222971e-09	0.6860232575640531	False	1.0	1.0	False	1.0	1.144992997360902	Unknown	No description
Gene_00845028677	True	0.0	0.5612111118135106	False	1.0	1.0	False	1.0	0.1944112280227712	Unknown	No description
Gene_00845025696	True	0.0	0.6780833602814698	False	0.3269519413749513	10000000000.0	False	1.0	0.0	GABRA3	gamma-aminobutyric acid type A receptor subunit alpha3
Gene_00845004124	True	1.783768632801497e-09	0.6805010348192301	False	1.0	1.0	False	1.0	0.0	SAR1A	secretion associated Ras related GTPase 1A
Gene_00845011058	True	0.0	0.7697117654445679	False	0.8467031823043201	10000000000.0	False	1.0	1.0	COL11A1	collagen type XI alpha 1 chain
Gene_00845006267	True	0.0	0.4708868966767244	False	1.0	10000000000.0	False	0.7257570084095895	1.424013147511572	HSDL2	hydroxysteroid dehydrogenase like 2
Gene_00845028509	True	2.402749839092166e-07	0.4886452735645468	False	0.3492906083915962	10000000000.0	False	1.0	0.8241297998869478	Unknown	No description
Gene_00845004489	True	0.0020473395216994	0.8876919821544158	False	1.0	1.0	False	1.0	1.0	GMFB	cornichon family AMPA receptor auxiliary protein 1
Gene_00845015298	True	5.489112580386868e-05	1.083746965029703	False	1.0	10000000000.0	False	0.5	10000000000.0	ARL6	ADP ribosylation factor like GTPase 6
Gene_00845021505	True	2.164934898019055e-15	0.6722780083508981	False	1.0	1.0	False	0.0573824221565205	0.3358301559068116	Unknown	No description
Gene_00845009995	True	0.0159261892619708	0.4969427725195912	False	0.6444323633687059	10000000000.0	False	0.5	0.1380768497997724	KCNK10	potassium two pore domain channel subfamily K member 10
Gene_00845000464	True	0.0	1.226442994907766	False	1.0	1.0	False	1.0	0.2925337287468108	FBXL17	F-box and leucine rich repeat protein 17
Gene_00845001717	True	1.348736256012728e-08	0.9298404562524069	False	1.0	0.0	False	1.0	0.021194215095165	EPS8L1	EPS8 like 1
Gene_00845011652	True	0.015936453541561	0.7016141701059561	False	1.0	1.0	False	1.0	0.1147641757584182	SLC35B2	solute carrier family 35 member B2
Gene_00845005241	True	2.696565379323168e-07	0.514787271958568	False	1.0	1.0	False	1.0	0.0537655049718661	Unknown	No description
Gene_00845027760	True	0.0	0.4862109551278335	False	1.0	1.0	False	1.0	0.0525961296418533	CALHM1	calcium homeostasis modulator 1
Gene_00845007505	True	0.006441666911125	0.4228964855007992	False	1.0	1.0	False	1.0	0.0	BECN1	beclin 1
Gene_00845013116	True	1.704969498916853e-12	0.6347124244981622	False	0.0889388518730402	0.3531404466632417	False	0.5	0.2517911004925738	LRRC40	leucine rich repeat containing 40
Gene_00845019370	True	0.0	0.8880470296906894	False	0.9443037448074596	10000000000.0	False	1.0	0.1317493589557049	Unknown	No description
Gene_00845009370	True	0.0003808542111579	0.2716255935155181	False	1.0	1.0	False	0.5774810412250224	10000000000.0	TMEM208	transmembrane protein 208
Gene_00845004542	True	1.165734175856414e-15	1.693382475233138	False	1.0	0.2375375902017413	False	1.0	0.1478245656839529	NXPE4	neurexophilin and PC-esterase domain family member 4
Gene_00845021319	True	1.324630135579596e-07	0.4994073708263051	False	0.5551852745534556	10000000000.0	False	1.0	0.0757789899955246	SLC43A3	solute carrier family 43 member 3
Gene_00845008424	True	8.751071534085496e-10	0.6296486590313781	False	1.0	1.0	False	1.0	0.0	TPPP3	tubulin polymerization promoting protein family member 3
Gene_00845013454	True	0.0	10000000000.0	False	1.0	0.2245844085144149	False	0.4116776774473352	0.148443216593479	OS9	OS9 endoplasmic reticulum lectin
Gene_00845003454	True	1.831867990631508e-15	1.306193518608137	False	1.0	1.0	False	1.0	0.104759795408054	LPGAT1	lysophosphatidylglycerol acyltransferase 1
Gene_00845028591	True	7.079317358393844e-05	0.4802167066917435	False	0.0980023804147957	0.8204280257191057	False	0.2071181464759492	0.2138840481620831	PRKG1	protein kinase cGMP-dependent 1
Gene_00845000002	True	1.2472189947487779e-11	1.745493133131973	False	1.0	0.0	False	1.0	0.0670147022933493	PHLPP1	PH domain and leucine rich repeat protein phosphatase 1
Gene_00845023332	True	0.0	76238320932929.7	False	0.9952896889917974	10000000000.0	False	0.5	1.037851404745007	STPG3	sperm-tail PG-rich repeat containing 3
Gene_00845009673	True	0.0052355721096761	0.3578322529679938	False	1.0	1.0	False	0.3394428357105123	10000000000.0	Unknown	No description
Gene_00845006705	True	3.33066907387547e-16	0.4085729574950333	False	1.0	1.0	False	1.0	0.569435645588581	APOE	apolipoprotein E
Gene_00845007817	True	0.0	0.570760388625558	False	1.0	10000000000.0	False	1.0	0.0299078820681556	COQ8A	coenzyme Q8A
Gene_00845025120	True	0.0	0.647063223221997	False	1.0	1.0	False	1.0	0.140712936243867	C1R	complement C1r
Gene_00845002603	True	2.426459286830607e-07	1.146480053310563	False	1.0	1.0	False	1.0	0.0	POU2AF1	POU class 2 homeobox associating factor 1
Gene_00845013383	True	3.953863736416707e-08	1.090697685917929	False	1.0	1.0	False	1.0	0.7090774109311208	TMEM184C	transmembrane protein 184C
Gene_00845006752	True	0.0041090918892356	0.344021517817885	False	1.0	0.4265426721374067	False	1.0	0.3336850282572797	C2CD3	C2 domain containing 3 centriole elongation regulator
Gene_00845025462	True	0.0	0.5592943732581626	False	1.0	1.0	False	1.0	0.0176749729174683	RFX1	regulatory factor X1
Gene_00845024789	True	4.9281826952629615e-09	1.233999829036592	False	1.0	1.0	False	1.0	0.2942508168777698	UTS2B	urotensin 2B
Gene_00845001845	True	0.0	100150960141107.4	False	1.0	1.0	False	1.0	1.0	YPEL3	yippee like 3
Gene_00845011392	True	0.0	0.6499891497747682	False	1.0	0.0	False	1.0	0.0	SGTA	small glutamine rich tetratricopeptide repeat co-chaperone alpha
Gene_00845010350	True	0.0	0.6371326487210958	False	1.0	0.0	False	1.0	0.0	HAS3	hyaluronan synthase 3
Gene_00845030965	True	4.675093645545303e-12	0.3617777768023009	False	0.3440910234740784	10000000000.0	False	1.0	0.4715480644973272	Unknown	No description
Gene_00845005902	True	0.0	10000000000.0	False	1.0	10000000000.0	False	1.0	0.0959421926619221	CDK2	cyclin dependent kinase 2
Gene_00845017207	True	0.0	0.5101914517915708	False	1.0	1.0	False	1.0	0.0	CASP2	caspase 2
Gene_00845028114	True	1.169764285435804e-11	4470601311.161072	False	1.0	0.0	False	1.0	0.0	Unknown	No description
Gene_00845003751	True	0.0	823136721.0249912	False	1.0	0.6392502480565968	False	1.0	0.5678059379289407	Unknown	No description
Gene_00845028952	True	0.0140125371430321	0.4050972589761256	False	1.0	0.2026816440527958	False	1.0	0.0	ZFYVE19	zinc finger FYVE-type containing 19
Gene_00845011015	True	0.0	1.281997548000266	False	1.0	1.0	False	0.1631604424212997	0.1068091395804517	DSG4	desmoglein 4
Gene_00845011445	True	0.0	0.4801026890772834	False	0.692718103279748	10000000000.0	False	1.0	0.0785565317925578	RNF139	ring finger protein 139
Gene_00845022260	True	3.599320841374265e-11	0.3513594460588106	False	1.0	0.0	False	1.0	0.1794405396452996	DNAH12	dynein axonemal heavy chain 12
Gene_00845029092	True	0.0	0.9606754519146598	False	1.0	1.0	False	1.0	0.0531414750493939	VPS18	VPS18 core subunit of CORVET and HOPS complexes
Gene_00845012141	True	1.144965834309897e-06	0.470730078751868	False	0.7146738807829316	10000000000.0	False	1.0	0.0	WIF1	WNT inhibitory factor 1
Gene_00845015903	True	3.6330484787239214e-08	0.9721536793175029	False	1.0	0.0	False	1.0	0.0166107648948795	PDE1B	phosphodiesterase 1B
Gene_00845025459	True	0.0	0.6955763881031377	False	1.0	0.3550914079513172	False	1.0	0.2179405134616106	KRT89	No description
Gene_00845000347	True	1.382023421803158e-05	0.3021657057148237	False	0.7835301579924361	10000000000.0	False	1.0	0.8277229630061321	Unknown	No description
Gene_00845014187	True	0.0	0.0	False	1.0	10000000000.0	False	1.0	0.0	UNC5D	unc-5 netrin receptor D
Gene_00845026326	True	0.0167899183398426	1.416633490658392	False	1.0	0.2225067972265505	False	1.0	0.2766803434750681	Unknown	No description
Gene_00845009259	True	0.0	0.6577078473522157	False	1.0	1.0	False	1.0	0.5266796339632399	IDO1	No description
Gene_00845008937	True	3.1191715876843773e-13	0.6717683431021088	False	1.0	0.0	False	1.0	0.6705310499279363	Unknown	No description
Gene_00845026166	True	4.420372998470423e-06	0.9904180241879948	False	1.0	0.0	False	1.0	0.0766122962129911	Unknown	No description
Gene_00845006929	True	0.0	0.364186514269384	False	1.0	1.0	False	1.0	0.026466050089101	PANX	pannexin 2
Gene_00845030548	True	2.5812685322534893e-14	0.719398051698454	False	1.0	1.0	False	1.0	0.0	DLG1	discs large MAGUK scaffold protein 1
Gene_00845001491	True	3.749274286035664e-07	0.5407994013720441	False	1.0	1.0	False	1.0	0.1851563429594426	ALPL	alkaline phosphatase, biomineralization associated
Gene_00845028210	True	0.0	1.0790190332685	False	1.0	0.0	False	1.0	0.0349174761107527	IPO13	importin 13
Gene_00845025834	True	0.0363747384539366	0.2835879179710722	False	1.0	1.0	False	1.0	0.0790857818704644	Unknown	No description
Gene_00845000916	True	0.0	0.7274149643126114	False	1.0	0.0841839629731837	False	1.0	0.1619325068126326	ATP10B	ATPase phospholipid transporting 10B (putative)
Gene_00845013639	True	0.0	0.5457529586368849	False	1.0	0.1921304228191434	False	1.0	0.3456721246872393	SELENON	selenoprotein N
Gene_00845026259	True	3.4694913608745985e-11	0.6065113449762201	False	1.0	1.0	False	1.0	0.0367040916343328	DVL3	dishevelled segment polarity protein 3
Gene_00845006196	True	0.0	0.6903761593368781	False	1.0	1.0	False	1.0	0.0	RNGTT	RNA guanylyltransferase and 5'-phosphatase
Gene_00845023493	True	0.0	0.6469500196706552	False	1.0	1.0	False	1.0	0.0	TSPAN5	tetraspanin 5
Gene_00845021857	True	1.139884646506051e-06	0.397453791533583	False	1.0	1.0	False	1.0	0.0779197214053865	OSBPL9	oxysterol binding protein like 9
Gene_00845021011	True	0.0	0.4162575197347876	False	1.0	0.0	False	1.0	0.0	KCNQ2	potassium voltage-gated channel subfamily Q member 2
Gene_00845002233	True	3.703047936620685e-07	0.6821076300785839	False	1.0	1.0	False	1.0	0.4535719456081453	DNA2	DNA replication helicase/nuclease 2
Gene_00845002376	True	0.0	0.5788848737478345	False	1.0	1.0	False	1.0	0.2902099387927485	METTL4	methyltransferase 4, N6-adenosine
Gene_00845010998	True	0.0032039082101794	1.0	False	1.0	0.0	False	1.0	0.0	TIMP3	TIMP metallopeptidase inhibitor 3
Gene_00845003967	True	6.649173511785733e-08	0.9102745846277338	False	1.0	0.372420203271332	False	0.1478948926608588	2.465055164452144	NUDT21	nudix hydrolase 21
Gene_00845017861	True	5.567301589903817e-06	0.8376266330922595	False	1.0	1.0	False	1.0	0.0807254531934825	RILPL2	Rab interacting lysosomal protein like 2
Gene_00845009717	True	0.0	0.7304341029987592	False	1.0	1.0	False	1.0	0.3426126762549592	PIPOX	pipecolic acid and sarcosine oxidase
Gene_00845026054	True	1.501632151956755e-12	0.611030517118273	False	1.0	1.0	False	1.0	0.1368926248434759	REEP4	receptor accessory protein 4
Gene_00845028949	True	0.005051299403719	0.2272412631295144	False	1.0	0.3527202958728061	False	1.0	0.1136810259423075	MAGEF1	MAGE family member F1
Gene_00845002065	True	0.0	0.5975714511039476	False	1.0	0.3973099372962203	False	1.0	0.0966615357625432	ENOSF1	enolase superfamily member 1
Gene_00845025316	True	7.013263753075094e-08	1.07511523114818	False	1.0	1.0	False	1.0	0.0	DNAJB14	DnaJ heat shock protein family (Hsp40) member B14
Gene_00845001130	True	2.598980620716063e-07	0.6172802020704912	False	1.0	1.0	False	1.0	0.2713385977778017	C6H1orf52	chromosome 1 open reading frame 52
Gene_00845012198	True	0.0	0.4005963310452172	False	0.5553793957785527	10000000000.0	False	1.0	0.5315611282026954	MTMR11	myotubularin related protein 11
Gene_00845013789	True	0.0	0.6091204589122049	False	1.0	0.2868831693780808	False	1.0	0.5375829631930042	Unknown	No description
Gene_00845022607	True	1.033539920314297e-11	1.269337285409364	False	1.0	1.0	False	1.0	0.0847948980217681	CUL4B	cullin 4B
Gene_00845018653	True	0.0	0.8947551810157499	False	1.0	1.0	False	1.0	0.0	SLC25A42	solute carrier family 25 member 42
Gene_00845023779	True	0.0	2.024614681612175	False	1.0	1.0	False	1.0	0.0442552144055041	FXR2	FMR1 autosomal homolog 2
Gene_00845026982	True	0.0	0.3388745354619584	False	1.0	0.0	False	1.0	0.0252638969114665	NR4A1	nuclear receptor subfamily 4 group A member 1
Gene_00845006876	True	3.6637359812630166e-15	0.7180804208484637	False	1.0	1.0	False	1.0	0.0	CIB2	calcium and integrin binding family member 2
