sample_id,method,element,int_cts_s,int_err,value,unit,value_err
1590,powder,Ag,0.592,0.044,25.0,ppm,3.5
1590,powder,Al,7.613,0.066,8.064,%,0.065
1590,powder,As,,,14.0,ppm,2.5
1590,powder,Ba,,,0.056,%,0.004
1590,powder,Ca,210.733,0.139,5.534,%,0.029
1590,powder,Cr,,,73.0,ppm,12.9
1590,powder,Cu,0.201,0.015,135.0,ppm,3.0
1590,powder,Fe,107.039,0.093,8.561,%,0.019
1590,powder,Ga,0.075,0.015,50.0,ppm,2.1
1590,powder,K,76.324,0.087,7.071,%,0.064
1590,powder,Mg,0.524,0.058,1.542,%,0.166
1590,powder,Mn,2.232,0.02,0.198,%,0.002
1590,powder,Nb,0.276,0.015,30.0,ppm,2.6
1590,powder,Ni,0.506,0.016,54.0,ppm,3.1
1590,powder,O,,,43.726,%,0.089
1590,powder,P,0.504,0.018,0.163,%,0.006
1590,powder,Pb,,,306.0,ppm,7.2
1590,powder,Rb,,,237.0,ppm,2.9
1590,powder,S,1.838,0.018,0.261,%,0.003
1590,powder,Si,47.212,0.105,23.371,%,0.061
1590,powder,Sn,,,46.0,ppm,6.8
1590,powder,Sr,0.021,,0.058,%,0.0
1590,powder,Te,,,73.0,ppm,14.1
1590,powder,Th,,,51.0,ppm,4.6
1590,powder,Ti,,,1.158,%,0.009
1590,powder,V,5.614,0.03,227.0,ppm,36.5
1590,powder,Y,0.017,,56.0,ppm,3.0
1590,powder,Zn,0.829,0.017,0.066,%,0.001
1590,powder,Zr,0.402,0.023,336.0,ppm,3.6
1606,pellet,Al,3.38,0.053,3.432,%,0.051
1606,pellet,Ba,,,0.265,%,0.005
1606,pellet,Bi,,,30.0,ppm,3.7
1606,pellet,Br,,,0.064,%,0.0
1606,pellet,Ca,409.079,0.193,11.075,%,0.042
1606,pellet,Cl,5.041,0.026,0.466,%,0.003
1606,pellet,Co,0.287,0.022,62.0,ppm,11.5
1606,pellet,Cr,0.063,0.014,100.0,ppm,12.5
1606,pellet,Cu,0.821,0.019,0.063,%,0.001
1606,pellet,Fe,15.871,0.04,1.207,%,0.004
1606,pellet,Ga,0.064,0.017,42.0,ppm,2.3
1606,pellet,K,15.215,0.042,1.446,%,0.052
1606,pellet,Mg,0.65,0.064,1.809,%,0.171
1606,pellet,Mn,0.382,0.015,358.0,ppm,11.5
1606,pellet,Nb,0.179,0.019,14.0,ppm,2.7
1606,pellet,Ni,0.775,0.022,37.0,ppm,2.4
1606,pellet,O,,,46.555,%,0.094
1606,pellet,Pb,,,108.0,ppm,5.8
1606,pellet,Rb,,,143.0,ppm,3.0
1606,pellet,Rh,0.515,0.039,19.0,ppm,3.6
1606,pellet,S,4.252,0.027,0.631,%,0.005
1606,pellet,Sb,,,38.0,ppm,9.1
1606,pellet,Si,70.886,0.132,31.079,%,0.072
1606,pellet,Sn,0.023,,54.0,ppm,8.1
1606,pellet,Sr,,,361.0,ppm,2.8
1606,pellet,Te,,,69.0,ppm,17.2
1606,pellet,Ti,,,0.463,%,0.008
1606,pellet,Y,,,16.0,ppm,3.0
1606,pellet,Zn,18.911,0.043,1.281,%,0.003
1606,pellet,Zr,0.019,,195.0,ppm,3.4
1620,pellet,Al,4.125,0.051,4.079,%,0.048
1620,pellet,As,,,18.0,ppm,2.2
1620,pellet,Ba,,,0.075,%,0.005
1620,pellet,Ca,125.561,0.105,3.216,%,0.024
1620,pellet,Cr,,,70.0,ppm,12.1
1620,pellet,Cu,0.181,0.016,103.0,ppm,2.6
1620,pellet,Fe,74.313,0.076,5.456,%,0.012
1620,pellet,Ga,,,39.0,ppm,1.9
1620,pellet,K,56.459,0.071,5.478,%,0.07
1620,pellet,Mg,0.347,0.047,0.968,%,0.127
1620,pellet,Mn,1.644,0.018,0.134,%,0.002
1620,pellet,Nb,,,29.0,ppm,2.8
1620,pellet,Ni,0.527,0.017,38.0,ppm,2.8
1620,pellet,O,,,46.996,%,0.079
1620,pellet,P,0.286,0.012,0.098,%,0.004
1620,pellet,Pb,0.1,0.012,178.0,ppm,6.7
1620,pellet,Rb,,,198.0,ppm,2.8
1620,pellet,S,0.996,0.014,0.148,%,0.002
1620,pellet,Si,75.675,0.128,32.565,%,0.063
1620,pellet,Sr,,,477.0,ppm,3.0
1620,pellet,Ti,,,0.583,%,0.007
1620,pellet,V,5.941,0.03,135.0,ppm,31.9
1620,pellet,Y,,,63.0,ppm,3.1
1620,pellet,Zn,0.563,0.017,391.0,ppm,3.8
1620,pellet,Zr,,,307.0,ppm,3.5
1620,powder,Al,7.164,0.091,8.178,%,0.097
1620,powder,As,,,37.0,ppm,5.9
1620,powder,Ca,216.275,0.198,6.161,%,0.075
1620,powder,Cu,0.242,0.022,165.0,ppm,8.4
1620,powder,Fe,100.7,0.127,8.554,%,0.036
1620,powder,Ga,0.07,0.021,54.0,ppm,5.4
1620,powder,K,74.793,0.12,7.464,%,0.162
1620,powder,Mg,0.518,0.079,1.64,%,0.241
1620,powder,Mn,2.285,0.027,0.213,%,0.005
1620,powder,Nb,0.25,0.021,21.0,ppm,6.1
1620,powder,Ni,0.528,0.024,60.0,ppm,7.8
1620,powder,O,,,43.402,%,0.146
1620,powder,P,0.478,0.025,0.165,%,0.009
1620,powder,Pb,,,151.0,ppm,18.7
1620,powder,Rb,,,201.0,ppm,7.2
1620,powder,S,1.816,0.025,0.275,%,0.004
1620,powder,Si,42.565,0.14,22.757,%,0.094
1620,powder,Sr,,,442.0,ppm,7.4
1620,powder,Ti,,,0.993,%,0.021
1620,powder,Y,,,51.0,ppm,7.2
1620,powder,Zn,0.653,0.023,0.053,%,0.001
1620,powder,Zr,0.375,0.031,264.0,ppm,8.3
1639,pellet,Al,5.351,0.057,4.758,%,0.047
1639,pellet,As,,,12.0,ppm,2.0
1639,pellet,Ba,,,0.091,%,0.004
1639,pellet,Ca,129.597,0.109,3.205,%,0.023
1639,pellet,Cr,,,72.0,ppm,11.1
1639,pellet,Cu,0.178,0.016,74.0,ppm,2.1
1639,pellet,Fe,61.047,0.07,3.98,%,0.009
1639,pellet,Ga,0.059,0.016,30.0,ppm,1.6
1639,pellet,K,67.412,0.079,5.586,%,0.067
1639,pellet,Mg,0.303,0.049,0.762,%,0.117
1639,pellet,Mn,1.152,0.017,0.086,%,0.001
1639,pellet,Nb,,,15.0,ppm,2.3
1639,pellet,Ni,0.556,0.017,38.0,ppm,2.3
1639,pellet,O,,,47.425,%,0.075
1639,pellet,P,0.438,0.014,0.139,%,0.004
1639,pellet,Pb,0.051,0.014,242.0,ppm,5.7
1639,pellet,Rb,,,132.0,ppm,2.3
1639,pellet,S,1.659,0.017,0.229,%,0.002
1639,pellet,Si,83.539,0.137,32.962,%,0.061
1639,pellet,Sn,,,34.0,ppm,6.9
1639,pellet,Sr,,,0.06,%,0.0
1639,pellet,Ti,,,0.529,%,0.007
1639,pellet,V,5.638,0.031,175.0,ppm,29.4
1639,pellet,Y,,,41.0,ppm,2.5
1639,pellet,Zn,0.977,0.018,0.058,%,0.0
1639,pellet,Zr,,,428.0,ppm,3.3
1642,pellet,Al,3.337,0.056,3.195,%,0.051
1642,pellet,Ba,0.0,0.0,0.162,%,0.005
1642,pellet,Ca,391.446,0.194,10.27,%,0.041
1642,pellet,Cl,4.084,0.025,0.337,%,0.002
1642,pellet,Cr,0.0,0.0,99.0,ppm,14.5
1642,pellet,Cs,0.0,0.0,203.0,ppm,32.7
1642,pellet,Cu,0.324,0.017,239.0,ppm,3.7
1642,pellet,Fe,46.648,0.065,3.82,%,0.01
1642,pellet,Ga,0.067,0.016,29.0,ppm,2.4
1642,pellet,K,84.34,0.093,7.068,%,0.067
1642,pellet,Mg,0.44,0.065,1.771,%,0.166
1642,pellet,Mn,1.545,0.018,0.144,%,0.002
1642,pellet,Nb,0.355,0.019,21.0,ppm,2.8
1642,pellet,Ni,0.766,0.022,61.0,ppm,3.0
1642,pellet,O,0.0,0.0,43.828,%,0.088
1642,pellet,P,0.692,0.024,0.205,%,0.007
1642,pellet,Pb,0.076,0.02,0.193,%,0.001
1642,pellet,Rb,0.024,,14.0,ppm,2.8
1642,pellet,S,3.808,0.026,0.499,%,0.004
1642,pellet,Si,65.606,0.129,26.94,%,0.065
1642,pellet,Sn,0.0,0.0,58.0,ppm,8.5
1642,pellet,Sr,0.019,,0.083,%,0.0
1642,pellet,Ti,0.0,0.0,1.564,%,0.012
1642,pellet,V,6.062,0.033,289.0,ppm,47.8
1642,pellet,Y,0.0,0.0,43.0,ppm,3.1
1642,pellet,Zn,4.862,0.026,0.369,%,0.001
1642,pellet,Zr,0.648,0.027,326.0,ppm,3.8
GPS03,pellet,Al,4.426,0.056,4.219,%,0.051
GPS03,pellet,As,,,18.0,ppm,2.4
GPS03,pellet,Ca,350.046,0.178,8.507,%,0.036
GPS03,pellet,Cu,0.284,0.017,156.0,ppm,3.2
GPS03,pellet,Fe,80.12,0.082,6.349,%,0.014
GPS03,pellet,Ga,0.092,0.016,42.0,ppm,2.0
GPS03,pellet,Ge,,,5.0,ppm,1.6
GPS03,pellet,K,58.773,0.077,5.08,%,0.063
GPS03,pellet,Mg,0.579,0.06,1.529,%,0.15
GPS03,pellet,Mn,2.729,0.021,0.252,%,0.002
GPS03,pellet,Mo,0.008,0.027,25.0,ppm,3.3
GPS03,pellet,Nb,0.105,0.016,19.0,ppm,3.0
GPS03,pellet,Ni,0.723,0.02,60.0,ppm,3.2
GPS03,pellet,O,,,44.839,%,0.083
GPS03,pellet,P,0.812,0.02,0.244,%,0.006
GPS03,pellet,Pb,,,220.0,ppm,7.2
GPS03,pellet,Rb,,,183.0,ppm,3.0
GPS03,pellet,S,1.281,0.015,0.169,%,0.002
GPS03,pellet,Si,67.034,0.126,27.821,%,0.062
GPS03,pellet,Sn,,,37.0,ppm,8.8
GPS03,pellet,Sr,,,0.115,%,0.0
GPS03,pellet,Ti,,,0.626,%,0.008
GPS03,pellet,V,5.972,0.032,235.0,ppm,33.4
GPS03,pellet,Y,,,54.0,ppm,3.3
GPS03,pellet,Zn,0.757,0.018,0.059,%,0.0
GPS03,pellet,Zr,0.091,0.026,253.0,ppm,4.0
GPS03,powder,Al,5.524,0.095,6.139,%,0.099
GPS03,powder,Ca,590.544,0.347,15.653,%,0.111
GPS03,powder,Cu,0.322,0.024,272.0,ppm,10.7
GPS03,powder,Fe,95.567,0.133,9.492,%,0.045
GPS03,powder,Ga,0.114,0.021,61.0,ppm,6.0
GPS03,powder,K,70.174,0.129,6.616,%,0.14
GPS03,powder,Mg,0.796,0.109,2.404,%,0.313
GPS03,powder,Mn,3.82,0.033,0.411,%,0.008
GPS03,powder,Mo,0.018,0.052,56.0,ppm,8.3
GPS03,powder,Nb,0.5,0.029,32.0,ppm,7.6
GPS03,powder,Ni,0.948,0.038,80.0,ppm,9.6
GPS03,powder,O,,,40.13,%,0.157
GPS03,powder,P,1.225,0.041,0.36,%,0.012
GPS03,powder,Pb,,,401.0,ppm,20.7
GPS03,powder,Rb,,,248.0,ppm,8.4
GPS03,powder,S,2.358,0.029,0.309,%,0.004
GPS03,powder,Si,34.379,0.139,17.123,%,0.087
GPS03,powder,Sr,,,0.154,%,0.001
GPS03,powder,Th,,,87.0,ppm,13.1
GPS03,powder,Ti,,,0.926,%,0.023
GPS03,powder,V,5.651,0.045,330.0,ppm,100.0
GPS03,powder,Y,,,71.0,ppm,8.8
GPS03,powder,Zn,0.914,0.025,0.088,%,0.002
GPS03,powder,Zr,0.683,0.049,330.0,ppm,11.3
GPS05,powder,Al,1.495,0.093,1.687,%,0.1
GPS05,powder,As,,,34.0,ppm,6.3
GPS05,powder,Ca,932.569,0.466,28.958,%,0.173
GPS05,powder,Cu,0.357,0.026,238.0,ppm,9.9
GPS05,powder,Fe,42.459,0.096,4.857,%,0.031
GPS05,powder,Ga,,,32.0,ppm,4.9
GPS05,powder,K,154.837,0.202,13.393,%,0.171
GPS05,powder,Mg,0.77,0.139,2.326,%,0.394
GPS05,powder,Mn,4.617,0.037,0.618,%,0.01
GPS05,powder,Ni,1.834,0.059,48.0,ppm,7.8
GPS05,powder,O,,,34.765,%,0.169
GPS05,powder,P,3.465,0.061,0.906,%,0.016
GPS05,powder,Pb,,,194.0,ppm,19.2
GPS05,powder,Rb,,,87.0,ppm,6.8
GPS05,powder,S,2.987,0.04,0.364,%,0.005
GPS05,powder,Si,23.729,0.126,11.277,%,0.075
GPS05,powder,Sr,,,0.182,%,0.001
GPS05,powder,Ti,,,0.544,%,0.021
GPS05,powder,Y,,,,ppm,
GPS05,powder,Zn,0.742,0.025,0.056,%,0.001
GPS09,pellet,Al,4.926,0.056,4.571,%,0.049
GPS09,pellet,As,,,10.0,ppm,2.3
GPS09,pellet,Ba,,,0.065,%,0.005
GPS09,pellet,Ca,203.355,0.133,4.868,%,0.028
GPS09,pellet,Cu,0.218,0.016,88.0,ppm,2.5
GPS09,pellet,Fe,78.118,0.079,5.594,%,0.012
GPS09,pellet,Ga,0.05,0.016,36.0,ppm,1.8
GPS09,pellet,K,67.774,0.08,5.94,%,0.069
GPS09,pellet,Mg,0.537,0.053,1.389,%,0.133
GPS09,pellet,Mn,1.979,0.019,0.166,%,0.002
GPS09,pellet,Nb,0.157,0.013,25.0,ppm,2.7
GPS09,pellet,Ni,0.631,0.017,40.0,ppm,2.7
GPS09,pellet,O,,,45.997,%,0.079
GPS09,pellet,P,0.43,0.015,0.133,%,0.005
GPS09,pellet,Pb,,,240.0,ppm,6.5
GPS09,pellet,Rb,,,196.0,ppm,2.8
GPS09,pellet,S,1.12,0.015,0.151,%,0.002
GPS09,pellet,Sb,,,52.0,ppm,9.0
GPS09,pellet,Si,74.201,0.129,30.257,%,0.062
GPS09,pellet,Sn,,,58.0,ppm,8.1
GPS09,pellet,Sr,0.02,,0.068,%,0.0
GPS09,pellet,Te,,,95.0,ppm,17.3
GPS09,pellet,Ti,,,0.626,%,0.007
GPS09,pellet,V,5.966,0.031,149.0,ppm,31.3
GPS09,pellet,Y,0.023,,57.0,ppm,3.0
GPS09,pellet,Zn,0.502,0.017,347.0,ppm,3.5
GPS09,pellet,Zr,0.267,0.02,360.0,ppm,3.6
GPS09,powder,Al,5.69,0.09,6.672,%,0.098
GPS09,powder,Ca,346.259,0.257,9.758,%,0.094
GPS09,powder,Cu,0.193,0.021,147.0,ppm,8.4
GPS09,powder,Fe,99.642,0.13,9.952,%,0.045
GPS09,powder,Ga,0.101,0.021,56.0,ppm,6.1
GPS09,powder,K,88.447,0.136,9.136,%,0.167
GPS09,powder,Mg,0.515,0.093,1.667,%,0.284
GPS09,powder,Mn,2.47,0.028,0.253,%,0.006
GPS09,powder,Nb,0.351,0.024,40.0,ppm,7.1
GPS09,powder,Ni,0.627,0.027,55.0,ppm,8.5
GPS09,powder,O,,,41.074,%,0.155
GPS09,powder,P,1.062,0.034,0.346,%,0.011
GPS09,powder,Pb,,,389.0,ppm,21.0
GPS09,powder,Rb,,,266.0,ppm,8.4
GPS09,powder,S,2.015,0.027,0.291,%,0.004
GPS09,powder,Si,36.604,0.136,19.455,%,0.092
GPS09,powder,Sr,,,0.079,%,0.001
GPS09,powder,Ti,,,1.117,%,0.024
GPS09,powder,Y,,,73.0,ppm,8.5
GPS09,powder,Zn,0.685,0.022,0.07,%,0.001
GPS09,powder,Zr,0.457,0.042,266.0,ppm,10.0
JPL06,pellet,Al,2.326,0.055,2.311,%,0.052
JPL06,pellet,As,,,13.0,ppm,2.4
JPL06,pellet,Ba,,,0.074,%,0.005
JPL06,pellet,Ca,574.034,0.237,15.405,%,0.053
JPL06,pellet,Cu,0.304,0.018,154.0,ppm,3.4
JPL06,pellet,Fe,45.353,0.065,4.204,%,0.012
JPL06,pellet,Ga,,,27.0,ppm,2.0
JPL06,pellet,K,86.52,0.097,7.527,%,0.07
JPL06,pellet,Mg,0.681,0.073,1.846,%,0.187
JPL06,pellet,Mn,3.099,0.022,0.344,%,0.003
JPL06,pellet,Nb,0.515,0.02,20.0,ppm,3.2
JPL06,pellet,Ni,0.882,0.028,39.0,ppm,3.0
JPL06,pellet,O,,,42.265,%,0.094
JPL06,pellet,P,1.523,0.027,0.442,%,0.008
JPL06,pellet,Pb,,,168.0,ppm,7.3
JPL06,pellet,Rb,,,137.0,ppm,3.1
JPL06,pellet,S,1.815,0.02,0.236,%,0.003
JPL06,pellet,Si,58.566,0.122,24.57,%,0.065
JPL06,pellet,Sr,,,0.197,%,0.001
JPL06,pellet,Ti,,,0.429,%,0.008
JPL06,pellet,V,5.126,0.031,245.0,ppm,36.0
JPL06,pellet,Y,,,40.0,ppm,3.5
JPL06,pellet,Zn,0.533,0.018,430.0,ppm,4.3
JPL06,pellet,Zr,0.652,0.036,213.0,ppm,4.5
JPL07,pellet,Al,3.782,0.056,3.869,%,0.054
JPL07,pellet,As,,,13.0,ppm,2.8
JPL07,pellet,Ba,,,0.094,%,0.005
JPL07,pellet,Ca,330.942,0.178,8.977,%,0.04
JPL07,pellet,Cr,,,78.0,ppm,14.5
JPL07,pellet,Cu,0.289,0.017,218.0,ppm,3.8
JPL07,pellet,Fe,60.929,0.073,5.262,%,0.013
JPL07,pellet,Ga,,,40.0,ppm,2.2
JPL07,pellet,K,70.735,0.085,6.479,%,0.072
JPL07,pellet,Mg,0.386,0.059,1.101,%,0.161
JPL07,pellet,Mn,2.497,0.021,0.251,%,0.002
JPL07,pellet,Nb,0.361,0.017,23.0,ppm,3.2
JPL07,pellet,Ni,0.757,0.021,91.0,ppm,3.5
JPL07,pellet,O,,,44.486,%,0.089
JPL07,pellet,P,0.61,0.019,0.197,%,0.006
JPL07,pellet,Pb,,,351.0,ppm,8.1
JPL07,pellet,Rb,,,199.0,ppm,3.2
JPL07,pellet,S,2.053,0.02,0.293,%,0.003
JPL07,pellet,Si,62.591,0.125,27.784,%,0.066
JPL07,pellet,Sn,,,79.0,ppm,9.7
JPL07,pellet,Sr,,,0.112,%,0.0
JPL07,pellet,Ti,,,0.814,%,0.009
JPL07,pellet,V,5.836,0.032,233.0,ppm,39.7
JPL07,pellet,Y,,,68.0,ppm,3.6
JPL07,pellet,Zn,1.3,0.019,0.11,%,0.001
JPL07,pellet,Zr,0.416,0.024,329.0,ppm,4.3
JPL09,pellet,Al,4.215,0.065,4.215,%,0.051
JPL09,pellet,As,,,22.0,ppm,2.3
JPL09,pellet,Ba,,,0.075,%,0.005
JPL09,pellet,Ca,197.55,0.136,5.085,%,0.03
JPL09,pellet,Cu,0.23,0.016,106.0,ppm,2.7
JPL09,pellet,Fe,74.264,0.079,5.726,%,0.013
JPL09,pellet,Ga,0.055,0.016,47.0,ppm,2.0
JPL09,pellet,K,62.144,0.078,5.886,%,0.07
JPL09,pellet,Mg,0.362,0.052,1.017,%,0.141
JPL09,pellet,Mn,1.878,0.019,0.162,%,0.002
JPL09,pellet,Nb,0.25,0.014,22.0,ppm,2.9
JPL09,pellet,Ni,0.622,0.018,40.0,ppm,2.9
JPL09,pellet,O,,,46.028,%,0.083
JPL09,pellet,P,0.407,0.017,0.136,%,0.006
JPL09,pellet,Pb,,,199.0,ppm,7.0
JPL09,pellet,Rb,,,199.0,ppm,2.9
JPL09,pellet,S,1.079,0.015,0.158,%,0.002
JPL09,pellet,Si,70.252,0.129,30.66,%,0.066
JPL09,pellet,Sn,,,43.0,ppm,8.7
JPL09,pellet,Sr,,,0.071,%,0.0
JPL09,pellet,Te,,,94.0,ppm,18.3
JPL09,pellet,Ti,,,0.604,%,0.008
JPL09,pellet,V,6.124,0.032,171.0,ppm,33.2
JPL09,pellet,Y,,,60.0,ppm,3.2
JPL09,pellet,Zn,0.622,0.017,440.0,ppm,4.1
JPL09,pellet,Zr,0.347,0.02,348.0,ppm,3.9
JPL09,powder,Al,5.624,0.089,6.713,%,0.1
JPL09,powder,As,,,32.0,ppm,8.0
JPL09,powder,Ca,351.784,0.26,10.082,%,0.096
JPL09,powder,Cu,0.23,0.022,186.0,ppm,9.7
JPL09,powder,Fe,95.281,0.127,9.68,%,0.045
JPL09,powder,Ga,0.113,0.021,62.0,ppm,5.9
JPL09,powder,K,83.864,0.131,8.549,%,0.172
JPL09,powder,Mg,0.568,0.094,1.866,%,0.294
JPL09,powder,Mn,2.667,0.029,0.286,%,0.007
JPL09,powder,Nb,0.362,0.025,32.0,ppm,7.9
JPL09,powder,Ni,0.658,0.028,52.0,ppm,9.4
JPL09,powder,O,,,41.243,%,0.16
JPL09,powder,P,0.946,0.032,0.315,%,0.01
JPL09,powder,Pb,,,431.0,ppm,22.8
JPL09,powder,Rb,,,294.0,ppm,8.9
JPL09,powder,S,2.158,0.029,0.318,%,0.004
JPL09,powder,Si,36.147,0.133,19.571,%,0.094
JPL09,powder,Sr,,,0.1,%,0.001
JPL09,powder,Ti,,,1.027,%,0.024
JPL09,powder,Y,,,89.0,ppm,9.1
JPL09,powder,Zn,0.872,0.023,0.083,%,0.002
JPL09,powder,Zr,0.61,0.041,481.0,ppm,11.6
JPL11,pellet,Al,4.466,0.059,4.229,%,0.053
JPL11,pellet,As,,,13.0,ppm,2.5
JPL11,pellet,Ba,,,0.082,%,0.005
JPL11,pellet,Ca,320.256,0.175,7.92,%,0.036
JPL11,pellet,Cu,0.262,0.017,173.0,ppm,3.3
JPL11,pellet,Fe,71.992,0.079,5.715,%,0.013
JPL11,pellet,Ga,0.097,0.016,37.0,ppm,2.1
JPL11,pellet,K,73.034,0.087,6.334,%,0.067
JPL11,pellet,Mg,0.462,0.06,1.22,%,0.152
JPL11,pellet,Mn,2.108,0.02,0.193,%,0.002
JPL11,pellet,Nb,0.368,0.016,23.0,ppm,2.9
JPL11,pellet,Ni,0.682,0.02,40.0,ppm,2.8
JPL11,pellet,O,,,44.723,%,0.085
JPL11,pellet,P,0.545,0.02,0.164,%,0.006
JPL11,pellet,Pb,,,259.0,ppm,7.2
JPL11,pellet,Rb,,,174.0,ppm,2.9
JPL11,pellet,S,1.817,0.018,0.241,%,0.002
JPL11,pellet,Sb,,,52.0,ppm,9.9
JPL11,pellet,Si,67.814,0.13,28.035,%,0.064
JPL11,pellet,Sn,,,61.0,ppm,8.9
JPL11,pellet,Sr,0.023,,0.103,%,0.0
JPL11,pellet,Ti,,,0.775,%,0.008
JPL11,pellet,V,5.937,0.033,193.0,ppm,36.0
JPL11,pellet,Y,,,43.0,ppm,3.2
JPL11,pellet,Zn,1.555,0.02,0.128,%,0.001
JPL11,pellet,Zr,0.484,0.024,319.0,ppm,3.9
JPL11,powder,Ag,0.322,0.07,41.0,ppm,10.8
JPL11,powder,Al,4.798,0.09,5.679,%,0.099
JPL11,powder,Ca,499.346,0.315,14.819,%,0.114
JPL11,powder,Cu,0.287,0.023,234.0,ppm,10.4
JPL11,powder,Fe,82.925,0.122,8.827,%,0.043
JPL11,powder,Ga,0.082,0.021,55.0,ppm,6.4
JPL11,powder,K,92.856,0.145,9.077,%,0.164
JPL11,powder,Mg,0.494,0.103,1.613,%,0.318
JPL11,powder,Mn,2.662,0.029,0.301,%,0.007
JPL11,powder,Nb,0.474,0.029,27.0,ppm,7.6
JPL11,powder,Ni,0.846,0.034,77.0,ppm,9.2
JPL11,powder,O,,,39.751,%,0.162
JPL11,powder,P,1.013,0.038,0.32,%,0.012
JPL11,powder,Pb,,,384.0,ppm,21.2
JPL11,powder,Rb,,,227.0,ppm,8.6
JPL11,powder,S,2.883,0.033,0.407,%,0.005
JPL11,powder,Si,33.172,0.135,17.522,%,0.09
JPL11,powder,Sr,,,0.133,%,0.001
JPL11,powder,Ti,,,1.205,%,0.026
JPL11,powder,Y,,,54.0,ppm,8.8
JPL11,powder,Zn,1.792,0.027,0.188,%,0.002
JPL11,powder,Zr,0.62,0.045,479.0,ppm,11.7
JPL15,pellet,Al,4.08,0.059,3.808,%,0.052
JPL15,pellet,Ba,,,0.09,%,0.005
JPL15,pellet,Ca,439.163,0.207,10.952,%,0.042
JPL15,pellet,Cu,0.278,0.017,134.0,ppm,2.9
JPL15,pellet,Fe,57.82,0.073,4.632,%,0.012
JPL15,pellet,Ga,0.053,0.016,32.0,ppm,1.8
JPL15,pellet,K,71.646,0.088,6.01,%,0.065
JPL15,pellet,Mg,0.507,0.067,1.312,%,0.166
JPL15,pellet,Mn,2.63,0.021,0.245,%,0.002
JPL15,pellet,Nb,0.188,0.019,17.0,ppm,2.7
JPL15,pellet,Ni,0.808,0.023,40.0,ppm,2.8
JPL15,pellet,O,,,44.205,%,0.089
JPL15,pellet,P,0.743,0.022,0.217,%,0.006
JPL15,pellet,Pb,,,258.0,ppm,6.6
JPL15,pellet,Rb,,,136.0,ppm,2.7
JPL15,pellet,Rh,0.166,0.028,20.0,ppm,3.6
JPL15,pellet,S,1.558,0.018,0.202,%,0.002
JPL15,pellet,Si,67.283,0.132,27.263,%,0.065
JPL15,pellet,Sn,,,45.0,ppm,8.2
JPL15,pellet,Sr,0.018,,0.139,%,0.0
JPL15,pellet,Ti,,,0.745,%,0.008
JPL15,pellet,Y,,,44.0,ppm,2.9
JPL15,pellet,Zn,1.168,0.019,0.087,%,0.001
JPL15,pellet,Zr,0.215,0.026,219.0,ppm,3.8
JPL18,pellet,Al,4.109,0.054,3.912,%,0.049
JPL18,pellet,As,,,20.0,ppm,2.2
JPL18,pellet,Ba,,,0.077,%,0.005
JPL18,pellet,Ca,241.895,0.147,5.927,%,0.031
JPL18,pellet,Cu,0.237,0.016,100.0,ppm,2.6
JPL18,pellet,Fe,79.039,0.08,5.979,%,0.013
JPL18,pellet,Ga,0.07,0.016,37.0,ppm,1.9
JPL18,pellet,K,59.345,0.075,5.127,%,0.065
JPL18,pellet,Mg,0.422,0.055,1.125,%,0.141
JPL18,pellet,Mn,2.002,0.019,0.172,%,0.002
JPL18,pellet,Nb,0.268,0.014,22.0,ppm,2.7
JPL18,pellet,Ni,0.605,0.018,32.0,ppm,2.7
JPL18,pellet,O,,,45.907,%,0.082
JPL18,pellet,P,0.47,0.018,0.147,%,0.006
JPL18,pellet,Pb,,,167.0,ppm,6.6
JPL18,pellet,Rb,,,145.0,ppm,2.7
JPL18,pellet,S,1.463,0.016,0.2,%,0.002
JPL18,pellet,Si,73.324,0.13,30.208,%,0.063
JPL18,pellet,Sn,,,41.0,ppm,8.2
JPL18,pellet,Sr,0.019,,0.085,%,0.0
JPL18,pellet,Te,,,80.0,ppm,17.6
JPL18,pellet,Ti,,,0.903,%,0.009
JPL18,pellet,V,6.006,0.032,238.0,ppm,36.3
JPL18,pellet,Y,,,41.0,ppm,3.0
JPL18,pellet,Zn,1.507,0.019,0.112,%,0.001
JPL18,pellet,Zr,0.41,0.021,260.0,ppm,3.6
JPL25,pellet,Ag,0.636,0.045,22.0,ppm,4.2
JPL25,pellet,Al,4.08,0.058,3.698,%,0.05
JPL25,pellet,As,,,7.0,ppm,2.1
JPL25,pellet,Ca,366.118,0.183,8.631,%,0.036
JPL25,pellet,Cr,,,72.0,ppm,13.1
JPL25,pellet,Cu,0.261,0.017,117.0,ppm,2.8
JPL25,pellet,Fe,74.457,0.08,5.672,%,0.013
JPL25,pellet,Ga,,,38.0,ppm,1.8
JPL25,pellet,K,76.469,0.088,6.302,%,0.066
JPL25,pellet,Mg,0.666,0.063,1.666,%,0.152
JPL25,pellet,Mn,2.303,0.02,0.197,%,0.002
JPL25,pellet,Nb,0.343,0.016,21.0,ppm,2.7
JPL25,pellet,Ni,0.707,0.021,46.0,ppm,2.8
JPL25,pellet,O,,,44.534,%,0.084
JPL25,pellet,P,0.761,0.022,0.216,%,0.006
JPL25,pellet,Pb,,,169.0,ppm,6.2
JPL25,pellet,Rb,,,163.0,ppm,2.7
JPL25,pellet,S,1.396,0.017,0.175,%,0.002
JPL25,pellet,Si,71.391,0.131,27.93,%,0.062
JPL25,pellet,Sn,,,34.0,ppm,8.6
JPL25,pellet,Sr,,,0.114,%,0.0
JPL25,pellet,Te,,,45.0,ppm,6.4
JPL25,pellet,Th,,,36.0,ppm,4.6
JPL25,pellet,Ti,,,0.627,%,0.008
JPL25,pellet,V,5.671,0.031,191.0,ppm,32.9
JPL25,pellet,Y,,,44.0,ppm,2.9
JPL25,pellet,Zn,0.612,0.017,401.0,ppm,4.0
JPL25,pellet,Zr,0.524,0.028,230.0,ppm,3.7
JPL28,pellet,Al,3.358,0.057,3.306,%,0.053
JPL28,pellet,As,,,9.0,ppm,2.5
JPL28,pellet,Ba,,,0.071,%,0.005
JPL28,pellet,Ca,477.932,0.214,12.459,%,0.046
JPL28,pellet,Cu,0.289,0.018,178.0,ppm,3.5
JPL28,pellet,Fe,63.387,0.075,5.584,%,0.014
JPL28,pellet,Ga,,,36.0,ppm,2.0
JPL28,pellet,K,87.585,0.096,7.472,%,0.069
JPL28,pellet,Mg,0.604,0.07,1.635,%,0.179
JPL28,pellet,Mn,2.723,0.021,0.277,%,0.003
JPL28,pellet,Ni,0.827,0.024,54.0,ppm,3.2
JPL28,pellet,O,,,42.766,%,0.092
JPL28,pellet,P,1.233,0.024,0.361,%,0.007
JPL28,pellet,Pb,,,241.0,ppm,7.3
JPL28,pellet,Rb,,,155.0,ppm,3.1
JPL28,pellet,S,1.647,0.019,0.215,%,0.003
JPL28,pellet,Si,59.084,0.122,24.973,%,0.065
JPL28,pellet,Sr,,,0.172,%,0.001
JPL28,pellet,Ti,,,0.524,%,0.008
JPL28,pellet,V,5.362,0.031,219.0,ppm,35.7
JPL28,pellet,Y,,,37.0,ppm,3.4
JPL28,pellet,Zn,0.64,0.018,499.0,ppm,4.6
JPL28,pellet,Zr,,,416.0,ppm,4.7
JPL28,powder,Al,2.585,0.067,3.312,%,0.08
JPL28,powder,As,,,16.0,ppm,4.9
JPL28,powder,Ba,,,0.074,%,0.007
JPL28,powder,Ca,683.902,0.381,21.852,%,0.089
JPL28,powder,Cs,,,265.0,ppm,47.1
JPL28,powder,Cu,0.376,0.025,322.0,ppm,7.4
JPL28,powder,Fe,78.604,0.124,9.947,%,0.034
JPL28,powder,Ga,0.096,0.021,54.0,ppm,4.0
JPL28,powder,K,109.483,0.16,10.742,%,0.097
JPL28,powder,Mg,0.519,0.073,1.816,%,0.242
JPL28,powder,Mn,3.557,0.033,0.514,%,0.006
JPL28,powder,Mo,0.011,0.054,36.0,ppm,5.5
JPL28,powder,Ni,1.198,0.044,105.0,ppm,6.1
JPL28,powder,O,,,36.382,%,0.109
JPL28,powder,P,1.738,0.042,0.531,%,0.013
JPL28,powder,Pb,,,347.0,ppm,14.3
JPL28,powder,Rb,,,234.0,ppm,5.7
JPL28,powder,S,2.349,0.032,0.327,%,0.005
JPL28,powder,Si,23.601,0.108,12.942,%,0.063
JPL28,powder,Sr,,,0.23,%,0.001
JPL28,powder,Ti,,,1.031,%,0.016
JPL28,powder,V,4.643,0.043,364.0,ppm,69.3
JPL28,powder,Y,,,46.0,ppm,5.9
JPL28,powder,Zn,0.789,0.025,0.093,%,0.001
JPL28,powder,Zr,,,284.0,ppm,7.9
JPL29,pellet,Al,3.091,0.055,3.179,%,0.054
JPL29,pellet,Ba,,,0.073,%,0.005
JPL29,pellet,Ca,451.904,0.208,11.98,%,0.046
JPL29,pellet,Cu,0.288,0.017,188.0,ppm,3.7
JPL29,pellet,Fe,68.585,0.077,6.312,%,0.016
JPL29,pellet,Ga,0.067,0.016,38.0,ppm,2.2
JPL29,pellet,K,70.984,0.086,6.399,%,0.069
JPL29,pellet,Mg,0.51,0.066,1.452,%,0.18
JPL29,pellet,Mn,2.956,0.022,0.311,%,0.003
JPL29,pellet,Nb,0.428,0.017,22.0,ppm,3.4
JPL29,pellet,Ni,0.801,0.023,62.0,ppm,3.5
JPL29,pellet,O,,,43.189,%,0.093
JPL29,pellet,P,0.902,0.023,0.277,%,0.007
JPL29,pellet,Pb,,,261.0,ppm,7.8
JPL29,pellet,Rb,,,165.0,ppm,3.3
JPL29,pellet,S,1.687,0.019,0.23,%,0.003
JPL29,pellet,Si,58.348,0.12,25.641,%,0.066
JPL29,pellet,Sn,,,42.0,ppm,10.0
JPL29,pellet,Sr,0.019,,0.162,%,0.001
JPL29,pellet,Th,,,34.0,ppm,5.7
JPL29,pellet,Ti,,,0.625,%,0.009
JPL29,pellet,V,5.672,0.031,218.0,ppm,37.7
JPL29,pellet,Y,,,56.0,ppm,3.7
JPL29,pellet,Zn,0.484,0.017,402.0,ppm,4.3
JPL29,pellet,Zr,0.567,0.029,218.0,ppm,4.6
JPL29,powder,Al,3.118,0.094,3.646,%,0.104
JPL29,powder,As,,,28.0,ppm,7.9
JPL29,powder,Ca,773.817,0.411,22.76,%,0.145
JPL29,powder,Cu,0.359,0.025,269.0,ppm,11.5
JPL29,powder,Fe,73.688,0.121,8.804,%,0.048
JPL29,powder,Ga,,,56.0,ppm,6.2
JPL29,powder,K,105.835,0.161,9.343,%,0.155
JPL29,powder,Mg,0.558,0.122,1.783,%,0.368
JPL29,powder,Mn,3.988,0.034,0.533,%,0.01
JPL29,powder,Ni,1.298,0.049,82.0,ppm,10.2
JPL29,powder,O,,,37.153,%,0.168
JPL29,powder,P,1.87,0.048,0.534,%,0.014
JPL29,powder,Pb,,,286.0,ppm,23.5
JPL29,powder,Rb,,,190.0,ppm,8.9
JPL29,powder,S,2.52,0.036,0.327,%,0.005
JPL29,powder,Si,27.509,0.128,13.869,%,0.082
JPL29,powder,Sr,,,0.192,%,0.002
JPL29,powder,Ti,,,0.886,%,0.025
JPL29,powder,Y,,,41.0,ppm,9.3
JPL29,powder,Zn,0.652,0.024,0.061,%,0.001
JPL29,powder,Zr,,,160.0,ppm,11.9
JPL33,pellet,Al,3.931,0.053,3.974,%,0.051
JPL33,pellet,As,,,20.0,ppm,2.5
JPL33,pellet,Ba,,,0.063,%,0.005
JPL33,pellet,Ca,244.181,0.149,6.225,%,0.032
JPL33,pellet,Cr,,,100.0,ppm,13.6
JPL33,pellet,Cu,0.289,0.017,194.0,ppm,3.6
JPL33,pellet,Fe,87.715,0.084,7.081,%,0.016
JPL33,pellet,Ga,0.057,0.016,45.0,ppm,2.1
JPL33,pellet,I,,,100.0,ppm,23.2
JPL33,pellet,K,53.881,0.072,4.921,%,0.066
JPL33,pellet,Mg,0.388,0.055,1.1,%,0.15
JPL33,pellet,Mn,2.043,0.02,0.184,%,0.002
JPL33,pellet,Nb,0.275,0.014,22.0,ppm,3.2
JPL33,pellet,Ni,0.662,0.018,77.0,ppm,3.4
JPL33,pellet,O,,,45.538,%,0.085
JPL33,pellet,P,0.398,0.017,0.129,%,0.005
JPL33,pellet,Pb,,,183.0,ppm,7.4
JPL33,pellet,Rb,,,180.0,ppm,3.2
JPL33,pellet,S,1.602,0.017,0.228,%,0.002
JPL33,pellet,Si,67.202,0.124,29.372,%,0.065
JPL33,pellet,Sn,,,63.0,ppm,9.5
JPL33,pellet,Sr,0.019,,0.083,%,0.0
JPL33,pellet,Ti,,,0.854,%,0.009
JPL33,pellet,V,6.173,0.031,212.0,ppm,36.2
JPL33,pellet,Y,,,62.0,ppm,3.4
JPL33,pellet,Zn,1.074,0.018,0.095,%,0.001
JPL33,pellet,Zr,0.379,0.021,271.0,ppm,4.1
JPL33,powder,Al,5.326,0.089,6.479,%,0.102
JPL33,powder,As,,,29.0,ppm,7.6
JPL33,powder,Ca,402.907,0.279,11.326,%,0.097
JPL33,powder,Cu,0.298,0.023,284.0,ppm,11.4
JPL33,powder,Fe,112.416,0.139,11.371,%,0.05
JPL33,powder,Ga,0.067,0.021,73.0,ppm,6.5
JPL33,powder,K,71.835,0.125,7.113,%,0.153
JPL33,powder,Mg,0.68,0.091,2.265,%,0.29
JPL33,powder,Mn,2.732,0.029,0.308,%,0.007
JPL33,powder,Nb,0.37,0.027,37.0,ppm,8.2
JPL33,powder,Ni,0.743,0.03,115.0,ppm,10.4
JPL33,powder,O,,,40.681,%,0.153
JPL33,powder,P,1.016,0.035,0.328,%,0.011
JPL33,powder,Pb,,,264.0,ppm,23.1
JPL33,powder,Rb,,,255.0,ppm,9.1
JPL33,powder,S,3.113,0.032,0.445,%,0.005
JPL33,powder,Si,32.357,0.13,17.66,%,0.087
JPL33,powder,Sr,,,0.106,%,0.001
JPL33,powder,Ti,,,1.618,%,0.028
JPL33,powder,Y,,,78.0,ppm,9.6
JPL33,powder,Zn,1.375,0.026,0.151,%,0.002
JPL33,powder,Zr,0.545,0.043,355.0,ppm,11.5
JPL40,pellet,Al,2.778,0.053,2.89,%,0.052
JPL40,pellet,As,,,16.0,ppm,2.8
JPL40,pellet,Ba,,,0.071,%,0.005
JPL40,pellet,Ca,424.434,0.2,11.463,%,0.045
JPL40,pellet,Cr,,,96.0,ppm,14.7
JPL40,pellet,Cu,0.313,0.018,264.0,ppm,4.2
JPL40,pellet,Fe,68.481,0.077,6.303,%,0.016
JPL40,pellet,Ga,,,37.0,ppm,2.2
JPL40,pellet,K,80.016,0.091,7.232,%,0.071
JPL40,pellet,Mg,0.624,0.066,1.784,%,0.178
JPL40,pellet,Mn,2.244,0.02,0.241,%,0.002
JPL40,pellet,Ni,0.845,0.023,70.0,ppm,3.6
JPL40,pellet,O,,,42.98,%,0.092
JPL40,pellet,P,1.023,0.022,0.315,%,0.007
JPL40,pellet,Pb,0.061,0.016,267.0,ppm,8.1
JPL40,pellet,Pb,0.061,0.016,257.0,ppm,8.1
JPL40,pellet,Rb,,,182.0,ppm,3.4
JPL40,pellet,Rh,0.164,0.024,20.0,ppm,4.4
JPL40,pellet,S,1.642,0.019,0.225,%,0.003
JPL40,pellet,Si,57.762,0.118,25.518,%,0.066
JPL40,pellet,Sn,,,42.0,ppm,10.0
JPL40,pellet,Sr,0.019,,0.136,%,0.001
JPL40,pellet,Te,,,99.0,ppm,21.1
JPL40,pellet,Ti,,,0.618,%,0.008
JPL40,pellet,V,5.644,0.033,241.0,ppm,36.8
JPL40,pellet,V,5.644,0.031,241.0,ppm,36.8
JPL40,pellet,Y,,,39.0,ppm,3.7
JPL40,pellet,Zn,0.703,0.018,0.063,%,0.001
JPL40,pellet,Zr,,,242.0,ppm,4.6
JPL40,powder,Al,3.581,0.09,4.333,%,0.102
JPL40,powder,As,,,28.0,ppm,7.7
JPL40,powder,Ca,657.171,0.372,19.972,%,0.135
JPL40,powder,Cu,0.363,0.026,436.0,ppm,13.5
JPL40,powder,Fe,76.549,0.121,8.592,%,0.045
JPL40,powder,Fe,76.549,0.121,8.592,%,0.046
JPL40,powder,Ga,,,57.0,ppm,6.0
JPL40,powder,K,108.049,0.158,9.826,%,0.159
JPL40,powder,Mg,0.889,0.115,2.882,%,0.349
JPL40,powder,Mn,3.101,0.031,0.399,%,0.008
JPL40,powder,Ni,1.024,0.043,102.0,ppm,10.0
JPL40,powder,Ni,1.024,0.043,102.0,ppm,10.6
JPL40,powder,O,,,37.672,%,0.165
JPL40,powder,P,1.873,0.045,0.557,%,0.013
JPL40,powder,Pb,,,317.0,ppm,22.6
JPL40,powder,Rb,,,189.0,ppm,8.6
JPL40,powder,S,2.915,0.036,0.393,%,0.005
JPL40,powder,Si,26.586,0.122,14.009,%,0.081
JPL40,powder,Sr,,,0.145,%,0.001
JPL40,powder,Ti,,,1.003,%,0.025
JPL40,powder,Y,,,46.0,ppm,8.8
JPL40,powder,Zn,0.942,0.026,0.092,%,0.002
JPL40,powder,Zr,,,62.0,ppm,10.7
JPL43,pellet,Al,3.401,0.052,3.336,%,0.048
JPL43,pellet,As,,,9.0,ppm,2.2
JPL43,pellet,Ba,,,0.052,%,0.005
JPL43,pellet,Ca,213.696,0.139,5.452,%,0.03
JPL43,pellet,Cs,,,180.0,ppm,34.1
JPL43,pellet,Cu,0.511,0.018,448.0,ppm,4.9
JPL43,pellet,Fe,77.017,0.08,5.926,%,0.013
JPL43,pellet,Ga,,,33.0,ppm,1.9
JPL43,pellet,I,,,82.0,ppm,21.2
JPL43,pellet,K,65.482,0.08,6.053,%,0.069
JPL43,pellet,Mg,0.384,0.055,1.057,%,0.145
JPL43,pellet,Mn,1.704,0.019,0.149,%,0.002
JPL43,pellet,Nb,0.255,0.014,23.0,ppm,2.9
JPL43,pellet,Ni,0.645,0.018,46.0,ppm,3.0
JPL43,pellet,O,,,45.861,%,0.084
JPL43,pellet,P,0.506,0.017,0.164,%,0.005
JPL43,pellet,Pb,,,164.0,ppm,6.8
JPL43,pellet,Rb,,,143.0,ppm,2.9
JPL43,pellet,S,1.283,0.016,0.182,%,0.002
JPL43,pellet,Sb,,,47.0,ppm,9.8
JPL43,pellet,Si,73.589,0.132,30.899,%,0.066
JPL43,pellet,Sn,,,55.0,ppm,8.7
JPL43,pellet,Sr,0.019,,0.076,%,0.0
JPL43,pellet,Ti,,,0.574,%,0.007
JPL43,pellet,V,5.953,0.032,159.0,ppm,32.5
JPL43,pellet,Y,0.023,,42.0,ppm,3.2
JPL43,pellet,Zn,0.593,0.017,419.0,ppm,4.1
JPL43,pellet,Zr,0.309,0.021,337.0,ppm,3.9
JPL43,powder,Al,4.416,0.082,4.867,%,0.086
JPL43,powder,Ca,340.695,0.256,9.495,%,0.089
JPL43,powder,Cu,0.626,0.024,59.0,ppm,0.001
JPL43,powder,Fe,96.486,0.128,8.459,%,0.037
JPL43,powder,Ga,,,44.0,ppm,4.9
JPL43,powder,K,94.61,0.139,8.356,%,0.162
JPL43,powder,Mg,0.754,0.092,2.268,%,0.263
JPL43,powder,Mn,2.281,0.028,0.228,%,0.006
JPL43,powder,Nb,0.339,0.025,39.0,ppm,6.2
JPL43,powder,Ni,0.656,0.027,69.0,ppm,7.7
JPL43,powder,O,,,42.128,%,0.149
JPL43,powder,P,1.028,0.033,0.323,%,0.01
JPL43,powder,Pb,,,232.0,ppm,16.6
JPL43,powder,Rb,,,159.0,ppm,6.8
JPL43,powder,S,2.139,0.028,0.298,%,0.004
JPL43,powder,Si,46.251,0.151,22.377,%,0.096
JPL43,powder,Sr,,,0.081,%,0.001
JPL43,powder,Ti,,,0.89,%,0.021
JPL43,powder,V,5.542,0.043,290.0,ppm,88.0
JPL43,powder,Y,,,49.0,ppm,7.2
JPL43,powder,Zn,0.673,0.023,58.0,ppm,0.001
JPL43,powder,Zr,0.585,0.043,246.0,ppm,8.8
JPL48,pellet,Al,4.28,0.068,4.102,%,0.053
JPL48,pellet,As,,,21.0,ppm,2.3
JPL48,pellet,Ba,,,0.067,%,0.005
JPL48,pellet,Ca,335.184,0.179,8.202,%,0.036
JPL48,pellet,Cr,,,107.0,ppm,13.6
JPL48,pellet,Cu,0.273,0.017,166.0,ppm,3.3
JPL48,pellet,Fe,80.112,0.084,6.382,%,0.015
JPL48,pellet,Ga,0.056,0.016,42.0,ppm,2.0
JPL48,pellet,K,76.883,0.088,6.541,%,0.068
JPL48,pellet,Mg,0.64,0.062,1.693,%,0.157
JPL48,pellet,Mn,2.134,0.02,0.198,%,0.002
JPL48,pellet,Nb,0.353,0.017,21.0,ppm,3.0
JPL48,pellet,Ni,0.681,0.02,58.0,ppm,3.2
JPL48,pellet,O,,,44.245,%,0.086
JPL48,pellet,P,0.846,0.023,0.251,%,0.007
JPL48,pellet,Pb,,,169.0,ppm,7.0
JPL48,pellet,Rb,,,165.0,ppm,3.0
JPL48,pellet,S,1.252,0.016,0.164,%,0.002
JPL48,pellet,Si,65.032,0.126,27.085,%,0.063
JPL48,pellet,Sn,,,280.0,ppm,34.8
JPL48,pellet,Sr,,,0.115,%,0.0
JPL48,pellet,Ti,,,0.738,%,0.008
JPL48,pellet,V,5.902,0.032,194.0,ppm,35.1
JPL48,pellet,Y,,,46.0,ppm,3.2
JPL48,pellet,Zn,0.582,0.017,472.0,ppm,4.3
JPL48,pellet,Zr,0.463,0.027,371.0,ppm,4.2
JPL48,powder,Al,4.255,0.09,5.051,%,0.101
JPL48,powder,As,,,30.0,ppm,6.2
JPL48,powder,Ca,542.346,0.332,16.378,%,0.122
JPL48,powder,Cu,0.285,0.023,242.0,ppm,10.1
JPL48,powder,Fe,88.642,0.127,8.931,%,0.045
JPL48,powder,Ga,,,51.0,ppm,5.5
JPL48,powder,K,105.137,0.153,10.546,%,0.174
JPL48,powder,Mg,0.606,0.106,1.964,%,0.326
JPL48,powder,Mn,2.851,0.03,0.321,%,0.007
JPL48,powder,Ni,0.989,0.036,49.0,ppm,8.9
JPL48,powder,O,,,38.541,%,0.163
JPL48,powder,P,1.68,0.042,0.513,%,0.013
JPL48,powder,Pb,,,186.0,ppm,18.8
JPL48,powder,Rb,,,162.0,ppm,7.4
JPL48,powder,S,2.153,0.032,0.296,%,0.004
JPL48,powder,Si,30.398,0.132,15.93,%,0.087
JPL48,powder,Sr,,,0.122,%,0.001
JPL48,powder,Ti,,,1.069,%,0.025
JPL48,powder,Y,,,41.0,ppm,7.7
JPL48,powder,Zn,0.755,0.024,0.064,%,0.001
JPL48,powder,Zr,,,337.0,ppm,10.0
JPL50,pellet,Al,3.444,0.056,3.404,%,0.062
JPL50,pellet,Ba,,,0.078,%,0.005
JPL50,pellet,Ca,368.384,0.186,9.6,%,0.041
JPL50,pellet,Cu,0.253,0.017,141.0,ppm,3.1
JPL50,pellet,Fe,63.606,0.079,5.467,%,0.014
JPL50,pellet,Ga,,,36.0,ppm,2.0
JPL50,pellet,I,,,98.0,ppm,22.7
JPL50,pellet,K,72.403,0.088,6.516,%,0.07
JPL50,pellet,Mg,0.431,0.064,1.188,%,0.189
JPL50,pellet,Mn,2.927,0.021,0.287,%,0.003
JPL50,pellet,Nb,0.388,0.017,19.0,ppm,3.1
JPL50,pellet,Ni,0.786,0.021,45.0,ppm,3.0
JPL50,pellet,O,,,44.284,%,0.081
JPL50,pellet,P,0.662,0.022,0.205,%,0.007
JPL50,pellet,Pb,,,221.0,ppm,7.1
JPL50,pellet,Rb,,,137.0,ppm,3.0
JPL50,pellet,Re,,,48.0,ppm,7.2
JPL50,pellet,S,1.761,0.019,0.241,%,0.008
JPL50,pellet,Si,66.426,0.128,27.789,%,0.067
JPL50,pellet,Sn,,,46.0,ppm,9.3
JPL50,pellet,Sr,,,0.137,%,0.001
JPL50,pellet,Ti,,,0.627,%,0.008
JPL50,pellet,V,5.756,0.032,235.0,ppm,36.5
JPL50,pellet,Y,,,43.0,ppm,3.4
JPL50,pellet,Zn,0.666,0.018,0.051,%,0.0
JPL50,pellet,Zr,0.469,0.026,269.0,ppm,4.2
JPL50,powder,Al,4.211,0.091,4.732,%,0.097
JPL50,powder,As,,,22.0,ppm,6.7
JPL50,powder,Ca,603.106,0.352,16.999,%,0.119
JPL50,powder,Cu,0.307,0.024,255.0,ppm,10.4
JPL50,powder,Fe,77.073,0.12,8.166,%,0.041
JPL50,powder,Ga,,,51.0,ppm,5.6
JPL50,powder,K,103.347,0.153,9.199,%,0.159
JPL50,powder,Mg,0.77,0.111,2.346,%,0.321
JPL50,powder,Mn,4.176,0.034,0.48,%,0.009
JPL50,powder,Nb,0.555,0.03,33.0,ppm,7.3
JPL50,powder,Ni,1.039,0.04,76.0,ppm,8.5
JPL50,powder,O,,,39.186,%,0.16
JPL50,powder,P,1.473,0.04,0.43,%,0.012
JPL50,powder,Pb,,,242.0,ppm,19.9
JPL50,powder,Rb,,,204.0,ppm,8.0
JPL50,powder,S,2.939,0.035,0.386,%,0.005
JPL50,powder,Si,34.135,0.138,16.834,%,0.088
JPL50,powder,Sr,,,0.161,%,0.001
JPL50,powder,Ti,,,0.881,%,0.024
JPL50,powder,Y,,,34.0,ppm,8.4
JPL50,powder,Zn,1.087,0.026,0.094,%,0.002
JPL50,powder,Zr,0.669,0.053,142.0,ppm,10.5
JPL51,pellet,Al,4.645,0.056,4.325,%,0.049
JPL51,pellet,As,,,80.0,ppm,2.6
JPL51,pellet,Ba,,,0.077,%,0.004
JPL51,pellet,Ca,244.272,0.147,6.055,%,0.032
JPL51,pellet,Cu,0.231,0.016,101.0,ppm,2.6
JPL51,pellet,Fe,62.113,0.071,4.708,%,0.011
JPL51,pellet,Ga,0.098,0.017,129.0,ppm,2.4
JPL51,pellet,K,64.618,0.078,5.695,%,0.068
JPL51,pellet,Mg,0.399,0.055,1.04,%,0.139
JPL51,pellet,Mn,2.053,0.019,0.175,%,0.002
JPL51,pellet,Nb,,,15.0,ppm,2.8
JPL51,pellet,Ni,0.627,0.018,35.0,ppm,2.6
JPL51,pellet,O,,,46.113,%,0.082
JPL51,pellet,P,0.737,0.018,0.23,%,0.006
JPL51,pellet,Pb,,,265.0,ppm,8.1
JPL51,pellet,Rb,,,132.0,ppm,2.7
JPL51,pellet,S,1.58,0.016,0.217,%,0.002
JPL51,pellet,Si,74.856,0.13,30.566,%,0.063
JPL51,pellet,Sn,,,37.0,ppm,8.1
JPL51,pellet,Sr,,,0.098,%,0.0
JPL51,pellet,Te,,,102.0,ppm,17.4
JPL51,pellet,Ti,,,0.518,%,0.007
JPL51,pellet,V,5.801,0.031,185.0,ppm,32.4
JPL51,pellet,Y,,,39.0,ppm,3.0
JPL51,pellet,Zn,0.65,0.017,435.0,ppm,3.9
JPL51,pellet,Zr,0.019,,263.0,ppm,3.7
JPL51,powder,Al,5.41,0.091,6.292,%,0.099
JPL51,powder,As,,,28.0,ppm,6.9
JPL51,powder,Ca,427.798,0.288,12.684,%,0.109
JPL51,powder,Cu,0.229,0.022,123.0,ppm,7.8
JPL51,powder,Fe,74.799,0.114,7.371,%,0.037
JPL51,powder,Ga,0.114,0.022,58.0,ppm,5.4
JPL51,powder,K,84.183,0.133,9.013,%,0.175
JPL51,powder,Mg,0.542,0.099,1.731,%,0.3
JPL51,powder,Mn,2.86,0.03,0.327,%,0.007
JPL51,powder,Ni,0.747,0.031,47.0,ppm,7.3
JPL51,powder,O,,,41.027,%,0.163
JPL51,powder,P,1.087,0.035,0.355,%,0.011
JPL51,powder,Pb,,,342.0,ppm,20.1
JPL51,powder,Rb,,,188.0,ppm,7.6
JPL51,powder,S,2.495,0.032,0.364,%,0.005
JPL51,powder,Si,37.246,0.139,19.627,%,0.096
JPL51,powder,Sr,,,0.123,%,0.001
JPL51,powder,Ti,,,0.884,%,0.023
JPL51,powder,Y,,,41.0,ppm,7.8
JPL51,powder,Zn,0.844,0.024,0.07,%,0.001
JPL51,powder,Zr,,,0.051,%,0.001
JPL52,pellet,Al,3.544,0.055,3.504,%,0.051
JPL52,pellet,As,,,8.0,ppm,2.3
JPL52,pellet,Ba,,,0.069,%,0.005
JPL52,pellet,Ca,365.457,0.184,9.422,%,0.04
JPL52,pellet,Cu,0.261,0.017,117.0,ppm,3.0
JPL52,pellet,Fe,64.321,0.074,5.514,%,0.013
JPL52,pellet,Ga,0.054,0.016,36.0,ppm,2.0
JPL52,pellet,Ge,,,8.0,ppm,1.7
JPL52,pellet,K,66.71,0.082,5.87,%,0.067
JPL52,pellet,Mg,0.527,0.062,1.445,%,0.161
JPL52,pellet,Mn,2.634,0.021,0.249,%,0.002
JPL52,pellet,Nb,0.336,0.016,23.0,ppm,3.0
JPL52,pellet,Ni,0.691,0.021,37.0,ppm,2.9
JPL52,pellet,O,,,44.568,%,0.088
JPL52,pellet,P,0.759,0.021,0.236,%,0.007
JPL52,pellet,Pb,,,145.0,ppm,6.8
JPL52,pellet,Rb,,,134.0,ppm,3.0
JPL52,pellet,S,1.468,0.017,0.201,%,0.002
JPL52,pellet,Si,65.895,0.124,28.034,%,0.065
JPL52,pellet,Sr,,,0.133,%,0.0
JPL52,pellet,Ti,,,0.59,%,0.008
JPL52,pellet,V,5.722,0.031,163.0,ppm,35.0
JPL52,pellet,Y,,,46.0,ppm,3.3
JPL52,pellet,Zn,0.704,0.018,0.056,%,0.0
JPL52,pellet,Zr,0.529,0.027,393.0,ppm,4.4
JPL52,powder,Al,3.783,0.09,4.723,%,0.106
JPL52,powder,As,,,222.0,ppm,9.8
JPL52,powder,Ca,631.455,0.361,19.165,%,0.135
JPL52,powder,Cu,0.312,0.024,222.0,ppm,11.0
JPL52,powder,Fe,72.984,0.117,9.393,%,0.05
JPL52,powder,Ga,,,59.0,ppm,6.9
JPL52,powder,K,93.818,0.147,8.609,%,0.164
JPL52,powder,Mg,0.718,0.111,2.43,%,0.355
JPL52,powder,Mn,3.643,0.033,0.475,%,0.009
JPL52,powder,Ni,1.023,0.041,70.0,ppm,9.4
JPL52,powder,O,,,38.192,%,0.17
JPL52,powder,P,1.502,0.04,0.468,%,0.012
JPL52,powder,Pb,,,274.0,ppm,23.2
JPL52,powder,Rb,,,198.0,ppm,0.002
JPL52,powder,S,2.525,0.034,0.355,%,0.005
JPL52,powder,Si,26.844,0.124,14.666,%,0.086
JPL52,powder,Ti,,,1.094,%,0.027
JPL52,powder,Y,,,50.0,ppm,10.3
JPL52,powder,Zn,0.996,0.026,0.102,%,0.002
JPL52,powder,Zr,,,433.0,ppm,13.9
JPL58,pellet,Al,3.806,0.056,3.622,%,0.05
JPL58,pellet,Ba,,,0.096,%,0.005
JPL58,pellet,Ca,346.086,0.179,8.766,%,0.038
JPL58,pellet,Cu,0.271,0.017,152.0,ppm,3.1
JPL58,pellet,Fe,59.003,0.071,4.697,%,0.011
JPL58,pellet,Ga,,,33.0,ppm,2.1
JPL58,pellet,K,67.931,0.082,6.095,%,0.067
JPL58,pellet,Mg,0.401,0.06,1.065,%,0.153
JPL58,pellet,Mn,2.161,0.02,0.198,%,0.002
JPL58,pellet,Mo,0.004,0.032,11.0,ppm,3.1
JPL58,pellet,Nb,,,25.0,ppm,2.8
JPL58,pellet,Ni,0.713,0.02,44.0,ppm,2.7
JPL58,pellet,O,,,44.914,%,0.085
JPL58,pellet,P,0.593,0.018,0.181,%,0.005
JPL58,pellet,Pb,0.065,0.016,53.0,ppm,0.001
JPL58,pellet,Rb,,,178.0,ppm,2.9
JPL58,pellet,S,1.843,0.017,0.248,%,0.002
JPL58,pellet,Si,70.096,0.129,28.821,%,0.064
JPL58,pellet,Sr,,,0.1,%,0.0
JPL58,pellet,Ti,,,0.8,%,0.009
JPL58,pellet,V,5.673,0.031,261.0,ppm,36.9
JPL58,pellet,Y,,,52.0,ppm,3.1
JPL58,pellet,Zn,2.903,0.022,0.236,%,0.001
JPL58,pellet,Zr,,,315.0,ppm,3.9
JPL58,powder,Al,5.682,0.093,6.211,%,0.095
JPL58,powder,As,,,17.0,ppm,4.1
JPL58,powder,Ba,,,0.109,%,0.006
JPL58,powder,Ca,491.972,0.313,13.571,%,0.069
JPL58,powder,Cu,0.28,0.023,223.0,ppm,5.4
JPL58,powder,Fe,74.66,0.116,7.039,%,0.027
JPL58,powder,Ga,0.101,0.022,54.0,ppm,3.2
JPL58,powder,K,91.342,0.142,8.343,%,0.091
JPL58,powder,Mg,0.691,0.1,2.065,%,0.284
JPL58,powder,Mn,2.704,0.029,0.286,%,0.004
JPL58,powder,Nb,0.434,0.029,33.0,ppm,3.9
JPL58,powder,Ni,0.817,0.034,54.0,ppm,4.4
JPL58,powder,O,,,40.709,%,0.136
JPL58,powder,P,0.929,0.037,0.278,%,0.011
JPL58,powder,Pb,,,401.0,ppm,11.4
JPL58,powder,Rb,,,231.0,ppm,4.3
JPL58,powder,S,3.221,0.035,0.429,%,0.005
JPL58,powder,Si,37.338,0.141,18.416,%,0.082
JPL58,powder,Sr,0.023,,0.113,%,0.001
JPL58,powder,Te,,,115.0,ppm,21.9
JPL58,powder,Ti,,,2.128,%,0.019
JPL58,powder,Y,,,53.0,ppm,4.4
JPL58,powder,Zn,1.739,0.027,0.151,%,0.001
JPL58,powder,Zr,0.677,0.043,331.0,ppm,5.7
JPL59,pellet,Al,4.624,0.057,4.45,%,0.052
JPL59,pellet,As,,,13.0,ppm,2.5
JPL59,pellet,Ba,,,0.08,%,0.005
JPL59,pellet,Ca,244.878,0.151,6.322,%,0.033
JPL59,pellet,Cu,0.221,0.017,147.0,ppm,3.0
JPL59,pellet,Fe,63.881,0.074,4.908,%,0.011
JPL59,pellet,Ga,,,34.0,ppm,1.9
JPL59,pellet,In,,,29.0,ppm,8.9
JPL59,pellet,K,70.556,0.084,6.324,%,0.071
JPL59,pellet,Mg,0.34,0.056,0.918,%,0.146
JPL59,pellet,Mn,2.03,0.019,0.181,%,0.002
JPL59,pellet,Nb,0.118,0.016,23.0,ppm,2.9
JPL59,pellet,Ni,0.628,0.018,48.0,ppm,2.8
JPL59,pellet,O,,,45.636,%,0.084
JPL59,pellet,P,0.608,0.018,0.194,%,0.006
JPL59,pellet,Pb,,,285.0,ppm,7.2
JPL59,pellet,Rb,,,203.0,ppm,2.9
JPL59,pellet,S,1.537,0.017,0.215,%,0.002
JPL59,pellet,Si,70.321,0.13,29.753,%,0.065
JPL59,pellet,Sr,,,0.078,%,0.0
JPL59,pellet,Ti,,,0.729,%,0.008
JPL59,pellet,V,5.78,0.032,206.0,ppm,35.5
JPL59,pellet,Y,,,59.0,ppm,3.2
JPL59,pellet,Zn,0.995,0.018,0.077,%,0.001
JPL59,pellet,Zr,0.115,0.023,290.0,ppm,3.7
JPL61,pellet,Al,4.599,0.055,4.384,%,0.049
JPL61,pellet,As,,,46.0,ppm,2.5
JPL61,pellet,Ba,,,0.069,%,0.005
JPL61,pellet,Ca,195.79,0.134,4.845,%,0.028
JPL61,pellet,Cr,,,77.0,ppm,12.8
JPL61,pellet,Cu,0.2,0.017,138.0,ppm,2.9
JPL61,pellet,Fe,78.417,0.08,5.853,%,0.013
JPL61,pellet,Ga,,,45.0,ppm,1.9
JPL61,pellet,Ge,,,7.0,ppm,1.5
JPL61,pellet,K,63.332,0.078,5.607,%,0.068
JPL61,pellet,Mg,0.363,0.053,0.974,%,0.136
JPL61,pellet,Mn,2.005,0.02,0.167,%,0.002
JPL61,pellet,Nb,0.127,0.014,30.0,ppm,2.8
JPL61,pellet,Ni,0.629,0.017,49.0,ppm,2.9
JPL61,pellet,O,,,46.163,%,0.08
JPL61,pellet,P,0.414,0.015,0.132,%,0.005
JPL61,pellet,Pb,0.014,,272.0,ppm,7.6
JPL61,pellet,Rb,,,207.0,ppm,2.9
JPL61,pellet,S,1.231,0.016,0.172,%,0.002
JPL61,pellet,Si,73.56,0.129,30.696,%,0.063
JPL61,pellet,Sr,,,0.062,%,0.0
JPL61,pellet,Te,,,116.0,ppm,17.9
JPL61,pellet,Ti,,,0.684,%,0.008
JPL61,pellet,V,5.918,0.031,109.0,ppm,32.9
JPL61,pellet,Y,,,80.0,ppm,3.1
JPL61,pellet,Zn,0.703,0.017,493.0,ppm,4.3
JPL61,pellet,Zr,0.159,0.02,274.0,ppm,3.6
JPL61,powder,Al,6.323,0.093,7.052,%,0.097
JPL61,powder,Ca,361.54,0.265,9.739,%,0.093
JPL61,powder,Cu,0.246,0.022,167.0,ppm,9.3
JPL61,powder,Fe,100.288,0.131,9.313,%,0.041
JPL61,powder,Ga,0.092,0.022,65.0,ppm,6.0
JPL61,powder,K,85.586,0.134,8.065,%,0.17
JPL61,powder,Mg,0.665,0.091,2.037,%,0.265
JPL61,powder,Mn,2.92,0.029,0.299,%,0.006
JPL61,powder,Nb,0.377,0.025,45.0,ppm,7.4
JPL61,powder,Ni,0.782,0.029,59.0,ppm,9.3
JPL61,powder,O,,,41.592,%,0.152
JPL61,powder,P,0.803,0.033,0.252,%,0.01
JPL61,powder,Pb,,,440.0,ppm,20.8
JPL61,powder,Rb,,,281.0,ppm,8.3
JPL61,powder,Rh,0.117,0.035,44.0,ppm,9.5
JPL61,powder,S,2.252,0.029,0.313,%,0.004
JPL61,powder,Si,39.022,0.141,19.874,%,0.091
JPL61,powder,Sr,,,0.084,%,0.001
JPL61,powder,Th,,,84.0,ppm,13.4
JPL61,powder,Ti,,,1.133,%,0.024
JPL61,powder,Y,,,93.0,ppm,8.6
JPL61,powder,Zn,0.989,0.024,0.083,%,0.001
JPL61,powder,Zr,0.547,0.04,365.0,ppm,10.4
JPL63,pellet,Al,4.256,0.057,4.154,%,0.052
JPL63,pellet,As,,,11.0,ppm,2.7
JPL63,pellet,Ba,,,0.083,%,0.005
JPL63,pellet,Ca,296.051,0.168,7.555,%,0.036
JPL63,pellet,Cu,0.237,0.017,138.0,ppm,3.1
JPL63,pellet,Fe,69.273,0.077,5.708,%,0.013
JPL63,pellet,Ga,0.106,0.016,39.0,ppm,2.1
JPL63,pellet,K,74.514,0.087,6.625,%,0.071
JPL63,pellet,Mg,0.466,0.059,1.266,%,0.152
JPL63,pellet,Mn,2.362,0.02,0.216,%,0.002
JPL63,pellet,Nb,0.231,0.016,24.0,ppm,3.0
JPL63,pellet,Ni,0.671,0.02,46.0,ppm,3.0
JPL63,pellet,O,,,44.76,%,0.086
JPL63,pellet,P,0.55,0.02,0.171,%,0.006
JPL63,pellet,Pb,0.106,0.015,321.0,ppm,7.6
JPL63,pellet,Rb,,,211.0,ppm,3.1
JPL63,pellet,S,1.807,0.019,0.247,%,0.003
JPL63,pellet,Si,66.291,0.126,28.206,%,0.064
JPL63,pellet,Sn,,,39.0,ppm,9.1
JPL63,pellet,Sr,,,0.096,%,0.0
JPL63,pellet,Ti,,,0.7,%,0.008
JPL63,pellet,V,5.673,0.031,201.0,ppm,36.0
JPL63,pellet,Y,,,63.0,ppm,3.3
JPL63,pellet,Zn,0.907,0.018,0.072,%,0.001
JPL63,pellet,Zr,0.46,0.024,322.0,ppm,4.1
JPL63,powder,Al,5.08,0.094,5.834,%,0.101
JPL63,powder,As,,,40.0,ppm,8.0
JPL63,powder,Ca,500.336,0.317,14.424,%,0.111
JPL63,powder,Cu,0.291,0.023,235.0,ppm,10.3
JPL63,powder,Fe,80.708,0.12,8.192,%,0.04
JPL63,powder,Ga,0.08,0.021,60.0,ppm,6.2
JPL63,powder,K,103.041,0.15,9.393,%,0.166
JPL63,powder,Mg,0.803,0.103,2.496,%,0.302
JPL63,powder,Mn,3.44,0.032,0.402,%,0.008
JPL63,powder,Nb,0.493,0.029,29.0,ppm,7.6
JPL63,powder,Ni,0.855,0.034,51.0,ppm,8.6
JPL63,powder,O,,,39.785,%,0.158
JPL63,powder,P,1.294,0.037,0.394,%,0.011
JPL63,powder,Pb,,,439.0,ppm,22.8
JPL63,powder,Rb,,,276.0,ppm,8.5
JPL63,powder,S,3.114,0.034,0.425,%,0.005
JPL63,powder,Si,33.45,0.133,17.18,%,0.087
JPL63,powder,Sr,,,0.122,%,0.001
JPL63,powder,Ti,,,1.068,%,0.025
JPL63,powder,Y,,,79.0,ppm,8.7
JPL63,powder,Zn,1.328,0.026,0.133,%,0.002
JPL63,powder,Zr,0.616,0.049,326.0,ppm,10.8
JPL68,pellet,Al,3.378,0.053,3.425,%,0.051
JPL68,pellet,As,,,10.0,ppm,2.6
JPL68,pellet,Ba,,,0.068,%,0.005
JPL68,pellet,Ca,279.133,0.162,7.646,%,0.036
JPL68,pellet,Cu,0.232,0.017,138.0,ppm,3.1
JPL68,pellet,Fe,66.247,0.075,5.387,%,0.013
JPL68,pellet,Ga,0.099,0.016,35.0,ppm,2.1
JPL68,pellet,K,70.134,0.084,6.298,%,0.07
JPL68,pellet,Mg,0.364,0.058,1.034,%,0.159
JPL68,pellet,Mn,1.576,0.019,0.147,%,0.002
JPL68,pellet,Nb,0.277,0.016,30.0,ppm,3.0
JPL68,pellet,Ni,0.64,0.019,38.0,ppm,2.9
JPL68,pellet,O,,,45.119,%,0.088
JPL68,pellet,P,0.593,0.02,0.193,%,0.006
JPL68,pellet,Pb,,,298.0,ppm,7.4
JPL68,pellet,Rb,,,178.0,ppm,3.0
JPL68,pellet,S,2.063,0.019,0.296,%,0.003
JPL68,pellet,Si,67.177,0.126,29.269,%,0.067
JPL68,pellet,Sn,,,45.0,ppm,8.8
JPL68,pellet,Sr,0.019,,0.086,%,0.0
JPL68,pellet,Th,,,48.0,ppm,4.9
JPL68,pellet,Ti,,,0.769,%,0.009
JPL68,pellet,V,5.896,0.031,205.0,ppm,36.9
JPL68,pellet,Y,,,50.0,ppm,3.3
JPL68,pellet,Zn,1.546,0.019,0.121,%,0.001
JPL68,pellet,Zr,0.511,0.025,342.0,ppm,4.0
JPL73,pellet,Al,2.7,0.056,2.669,%,0.052
JPL73,pellet,Ba,,,0.312,%,0.006
JPL73,pellet,Ca,564.948,0.238,14.253,%,0.048
JPL73,pellet,Cr,,,246.0,ppm,16.6
JPL73,pellet,Cu,0.488,0.019,464.0,ppm,5.1
JPL73,pellet,Fe,43.202,0.064,3.912,%,0.011
JPL73,pellet,Ga,0.097,0.016,28.0,ppm,3.0
JPL73,pellet,K,41.465,0.07,3.687,%,0.056
JPL73,pellet,Mg,0.399,0.071,1.098,%,0.186
JPL73,pellet,Mn,1.236,0.018,0.129,%,0.002
JPL73,pellet,Nb,0.433,0.026,25.0,ppm,3.1
JPL73,pellet,Ni,0.988,0.027,119.0,ppm,3.7
JPL73,pellet,O,,,43.742,%,0.094
JPL73,pellet,P,0.442,0.022,0.128,%,0.006
JPL73,pellet,Pb,0.225,0.028,0.354,%,0.002
JPL73,pellet,Rb,,,113.0,ppm,2.9
JPL73,pellet,S,9.568,0.04,1.23,%,0.006
JPL73,pellet,Sb,,,65.0,ppm,10.6
JPL73,pellet,Si,59.477,0.127,24.879,%,0.065
JPL73,pellet,Sn,,,70.0,ppm,9.6
JPL73,pellet,Sr,,,0.099,%,0.0
JPL73,pellet,Ti,,,2.662,%,0.016
JPL73,pellet,V,6.895,0.035,286.0,ppm,60.3
JPL73,pellet,Y,,,43.0,ppm,3.6
JPL73,pellet,Zn,7.789,0.031,0.675,%,0.002
JPL73,pellet,Zr,0.435,0.023,246.0,ppm,4.1
JPL76,pellet,Al,3.156,0.056,3.047,%,0.051
JPL76,pellet,As,,,15.0,ppm,4.2
JPL76,pellet,Ba,,,0.139,%,0.005
JPL76,pellet,Ca,396.573,0.196,10.372,%,0.04
JPL76,pellet,Cd,0.305,0.037,79.0,ppm,8.0
JPL76,pellet,Cr,,,121.0,ppm,14.3
JPL76,pellet,Cu,0.435,0.018,382.0,ppm,4.5
JPL76,pellet,Fe,45.43,0.064,3.732,%,0.01
JPL76,pellet,Ga,0.075,0.016,31.0,ppm,2.4
JPL76,pellet,K,75.496,0.089,6.485,%,0.066
JPL76,pellet,Mg,0.284,0.063,0.769,%,0.163
JPL76,pellet,Mn,1.442,0.018,0.136,%,0.002
JPL76,pellet,Mo,,,22.0,ppm,3.2
JPL76,pellet,Nb,0.156,0.021,22.0,ppm,2.8
JPL76,pellet,Ni,0.8,0.022,87.0,ppm,3.2
JPL76,pellet,O,,,44.229,%,0.087
JPL76,pellet,P,0.642,0.02,0.192,%,0.006
JPL76,pellet,Pb,0.156,0.022,0.133,%,0.001
JPL76,pellet,Rb,,,151.0,ppm,2.8
JPL76,pellet,S,5.019,0.027,0.664,%,0.004
JPL76,pellet,Sb,,,54.0,ppm,9.6
JPL76,pellet,Si,65.886,0.13,27.175,%,0.064
JPL76,pellet,Sn,,,69.0,ppm,8.7
JPL76,pellet,Sr,0.023,,0.068,%,0.0
JPL76,pellet,Ti,,,2.14,%,0.013
JPL76,pellet,V,6.635,0.034,189.0,ppm,52.0
JPL76,pellet,Y,,,41.0,ppm,3.1
JPL76,pellet,Zn,6.928,0.029,0.564,%,0.002
JPL76,pellet,Zr,0.122,0.024,280.0,ppm,3.7
JPL77,pellet,Al,3.825,0.056,3.215,%,0.051
JPL77,pellet,Ba,,,0.151,%,0.005
JPL77,pellet,Ca,416.393,0.201,10.964,%,0.042
JPL77,pellet,Cr,,,129.0,ppm,13.9
JPL77,pellet,Cu,0.571,0.019,0.054,%,0.001
JPL77,pellet,Fe,45.645,0.065,3.641,%,0.01
JPL77,pellet,Ga,,,29.0,ppm,2.3
JPL77,pellet,K,69.19,0.086,5.954,%,0.064
JPL77,pellet,Mg,0.37,0.065,1.0,%,0.168
JPL77,pellet,Mn,1.357,0.018,0.123,%,0.002
JPL77,pellet,Nb,0.206,0.022,19.0,ppm,2.8
JPL77,pellet,Ni,0.762,0.022,42.0,ppm,2.8
JPL77,pellet,O,,,44.438,%,0.09
JPL77,pellet,P,0.665,0.02,0.2,%,0.006
JPL77,pellet,Pb,0.067,0.022,0.111,%,0.001
JPL77,pellet,Rb,,,155.0,ppm,2.7
JPL77,pellet,S,5.44,0.03,0.725,%,0.004
JPL77,pellet,Si,65.837,0.13,27.315,%,0.066
JPL77,pellet,Sn,,,59.0,ppm,8.5
JPL77,pellet,Sr,,,0.073,%,0.0
JPL77,pellet,Ti,,,1.554,%,0.012
JPL77,pellet,V,6.417,0.034,192.0,ppm,45.8
JPL77,pellet,Y,,,46.0,ppm,3.0
JPL77,pellet,Zn,4.975,0.026,0.387,%,0.001
JPL77,pellet,Zr,0.303,0.025,281.0,ppm,3.6
JPL77,powder,Ag,,,56.0,ppm,9.5
JPL77,powder,Al,4.628,0.09,5.119,%,0.093
JPL77,powder,Ba,,,0.203,%,0.011
JPL77,powder,Ca,582.728,0.344,16.841,%,0.115
JPL77,powder,Cl,5.978,0.043,0.506,%,0.004
JPL77,powder,Cu,0.672,0.027,0.071,%,0.002
JPL77,powder,Fe,57.936,0.104,5.626,%,0.03
JPL77,powder,Ga,0.1,0.022,43.0,ppm,6.1
JPL77,powder,K,94.774,0.146,8.298,%,0.152
JPL77,powder,Mg,0.54,0.108,1.638,%,0.313
JPL77,powder,Mn,1.764,0.027,0.197,%,0.006
JPL77,powder,Mo,0.012,0.093,38.0,ppm,7.3
JPL77,powder,Nb,0.542,0.042,28.0,ppm,6.7
JPL77,powder,Ni,1.097,0.038,67.0,ppm,8.4
JPL77,powder,O,,,39.866,%,0.158
JPL77,powder,P,0.892,0.039,0.261,%,0.011
JPL77,powder,Pb,,,0.117,%,0.002
JPL77,powder,Rb,,,194.0,ppm,7.2
JPL77,powder,S,8.442,0.049,1.11,%,0.008
JPL77,powder,Si,34.716,0.138,17.035,%,0.086
JPL77,powder,Sr,,,0.091,%,0.001
JPL77,powder,Ti,,,2.409,%,0.036
JPL77,powder,V,5.486,0.044,80.0,ppm,0.014
JPL77,powder,Y,,,52.0,ppm,7.6
JPL77,powder,Zn,4.807,0.036,0.444,%,0.004
JPL77,powder,Zr,0.78,0.048,384.0,ppm,9.8
JPL79,pellet,Al,3.003,0.057,2.862,%,0.051
JPL79,pellet,Ba,,,0.254,%,0.005
JPL79,pellet,Ca,524.85,0.228,13.362,%,0.045
JPL79,pellet,Cl,4.56,0.027,0.368,%,0.002
JPL79,pellet,Cr,,,160.0,ppm,15.3
JPL79,pellet,Cu,0.562,0.019,0.052,%,0.001
JPL79,pellet,Fe,39.864,0.061,3.187,%,0.009
JPL79,pellet,Ga,0.084,0.016,24.0,ppm,2.3
JPL79,pellet,K,57.192,0.08,4.514,%,0.056
JPL79,pellet,Mg,0.4,0.07,1.062,%,0.177
JPL79,pellet,Mn,1.186,0.018,0.111,%,0.002
JPL79,pellet,Nb,0.463,0.022,17.0,ppm,2.6
JPL79,pellet,Ni,1.015,0.026,192.0,ppm,3.9
JPL79,pellet,O,,,43.869,%,0.091
JPL79,pellet,P,0.177,0.019,0.051,%,0.005
JPL79,pellet,Pb,0.071,0.024,0.176,%,0.001
JPL79,pellet,Rb,,,112.0,ppm,2.5
JPL79,pellet,S,5.971,0.032,0.762,%,0.004
JPL79,pellet,Sb,,,44.0,ppm,9.1
JPL79,pellet,Si,64.489,0.131,26.156,%,0.065
JPL79,pellet,Sn,,,82.0,ppm,8.2
JPL79,pellet,Sr,0.023,,0.068,%,0.0
JPL79,pellet,Ti,,,2.504,%,0.015
JPL79,pellet,V,6.858,0.035,355.0,ppm,55.5
JPL79,pellet,Y,,,29.0,ppm,2.9
JPL79,pellet,Zn,6.739,0.029,0.517,%,0.002
JPL79,pellet,Zr,0.408,0.02,223.0,ppm,3.4
JPL79,powder,Ag,0.306,0.071,38.0,ppm,9.6
JPL79,powder,Al,3.873,0.091,4.548,%,0.1
JPL79,powder,Ba,,,0.253,%,0.012
JPL79,powder,Ca,688.78,0.377,20.15,%,0.125
JPL79,powder,Cl,6.638,0.046,0.574,%,0.005
JPL79,powder,Cr,0.079,0.02,271.0,ppm,40.5
JPL79,powder,Cu,0.488,0.025,492.0,ppm,13.7
JPL79,powder,Fe,47.149,0.095,4.961,%,0.028
JPL79,powder,Ga,,,37.0,ppm,7.4
JPL79,powder,K,68.74,0.128,5.86,%,0.132
JPL79,powder,Mg,0.5,0.113,1.615,%,0.346
JPL79,powder,Mn,1.302,0.024,0.165,%,0.005
JPL79,powder,Mo,0.013,0.101,39.0,ppm,7.5
JPL79,powder,Ni,1.306,0.043,134.0,ppm,10.2
JPL79,powder,O,,,39.355,%,0.165
JPL79,powder,P,0.847,0.038,0.251,%,0.011
JPL79,powder,Pb,,,0.254,%,0.004
JPL79,powder,Rb,,,169.0,ppm,7.3
JPL79,powder,S,9.769,0.054,1.301,%,0.009
JPL79,powder,Si,29.008,0.13,14.914,%,0.083
JPL79,powder,Sr,,,0.092,%,0.001
JPL79,powder,Ti,,,4.818,%,0.05
JPL79,powder,Y,,,51.0,ppm,8.1
JPL79,powder,Zn,7.59,0.043,0.737,%,0.005
JPL79,powder,Zr,,,266.0,ppm,9.6
JPL86,pellet,Al,4.16,0.056,3.914,%,0.049
JPL86,pellet,As,,,15.0,ppm,2.7
JPL86,pellet,Ba,,,0.135,%,0.005
JPL86,pellet,Bi,,,41.0,ppm,4.1
JPL86,pellet,Ca,276.046,0.156,7.193,%,0.033
JPL86,pellet,Cl,2.341,0.019,0.201,%,0.002
JPL86,pellet,Cr,0.086,0.014,132.0,ppm,12.5
JPL86,pellet,Cu,0.285,0.017,215.0,ppm,3.3
JPL86,pellet,Fe,48.736,0.065,3.667,%,0.009
JPL86,pellet,Ga,0.069,0.016,32.0,ppm,1.9
JPL86,pellet,K,58.572,0.077,5.184,%,0.065
JPL86,pellet,Mg,0.245,0.055,0.652,%,0.141
JPL86,pellet,Mn,1.511,0.018,0.127,%,0.002
JPL86,pellet,Mo,0.003,0.04,10.0,ppm,2.9
JPL86,pellet,Nb,0.166,0.016,28.0,ppm,2.6
JPL86,pellet,Ni,0.718,0.02,101.0,ppm,3.2
JPL86,pellet,O,,,46.044,%,0.082
JPL86,pellet,P,0.254,0.015,0.08,%,0.005
JPL86,pellet,Pb,0.045,0.016,479.0,ppm,7.5
JPL86,pellet,Rb,,,179.0,ppm,2.7
JPL86,pellet,S,3.292,0.021,0.454,%,0.003
JPL86,pellet,Si,74.193,0.132,30.384,%,0.063
JPL86,pellet,Sn,,,52.0,ppm,8.1
JPL86,pellet,Sr,0.023,,0.058,%,0.0
JPL86,pellet,Te,,,99.0,ppm,16.8
JPL86,pellet,Ti,,,1.562,%,0.011
JPL86,pellet,Y,0.02,,53.0,ppm,2.9
JPL86,pellet,Zn,2.429,0.021,0.176,%,0.001
JPL86,pellet,Zr,0.22,0.018,262.0,ppm,3.4
JPL89,pellet,Al,4.709,0.057,4.389,%,0.05
JPL89,pellet,As,,,13.0,ppm,2.4
JPL89,pellet,Ba,,,0.077,%,0.004
JPL89,pellet,Ca,228.739,0.146,5.703,%,0.03
JPL89,pellet,Cu,0.23,0.016,106.0,ppm,2.6
JPL89,pellet,Fe,69.199,0.076,5.052,%,0.011
JPL89,pellet,Ga,0.067,0.016,36.0,ppm,1.9
JPL89,pellet,K,62.066,0.078,5.422,%,0.066
JPL89,pellet,Mg,0.368,0.054,0.964,%,0.136
JPL89,pellet,Mn,1.964,0.02,0.161,%,0.002
JPL89,pellet,Nb,0.168,0.015,18.0,ppm,2.7
JPL89,pellet,Ni,0.656,0.018,34.0,ppm,2.6
JPL89,pellet,O,,,46.189,%,0.08
JPL89,pellet,P,0.408,0.015,0.128,%,0.005
JPL89,pellet,Pb,,,284.0,ppm,6.8
JPL89,pellet,Rb,,,167.0,ppm,2.7
JPL89,pellet,S,1.857,0.018,0.254,%,0.002
JPL89,pellet,Si,74.802,0.132,30.574,%,0.063
JPL89,pellet,Sn,,,35.0,ppm,8.0
JPL89,pellet,Sr,0.019,,0.07,%,0.0
JPL89,pellet,Te,,,57.0,ppm,17.0
JPL89,pellet,Ti,,,0.805,%,0.008
JPL89,pellet,V,6.041,0.031,198.0,ppm,34.8
JPL89,pellet,Y,,,57.0,ppm,2.9
JPL89,pellet,Zn,1.018,0.018,0.072,%,0.001
JPL89,pellet,Zr,0.211,0.019,400.0,ppm,3.7
JPL89,powder,Al,6.341,0.093,6.928,%,0.096
JPL89,powder,Ba,,,0.127,%,0.012
JPL89,powder,Ca,401.096,0.279,10.859,%,0.095
JPL89,powder,Cu,0.257,0.022,180.0,ppm,9.0
JPL89,powder,Fe,88.31,0.124,8.139,%,0.037
JPL89,powder,Ga,,,65.0,ppm,5.4
JPL89,powder,K,86.61,0.134,8.026,%,0.159
JPL89,powder,Mg,0.742,0.094,2.212,%,0.269
JPL89,powder,Mn,2.676,0.028,0.261,%,0.006
JPL89,powder,Nb,0.363,0.027,24.0,ppm,7.3
JPL89,powder,Ni,0.783,0.029,45.0,ppm,8.7
JPL89,powder,O,,,41.492,%,0.15
JPL89,powder,P,0.921,0.034,0.282,%,0.01
JPL89,powder,Pb,,,340.0,ppm,19.2
JPL89,powder,Rb,,,259.0,ppm,8.0
JPL89,powder,S,3.161,0.034,0.43,%,0.005
JPL89,powder,Si,39.213,0.141,19.548,%,0.089
JPL89,powder,Sr,,,0.098,%,0.001
JPL89,powder,Ti,,,1.295,%,0.026
JPL89,powder,Y,,,82.0,ppm,8.3
JPL89,powder,Zn,1.925,0.027,0.167,%,0.002
JPL89,powder,Zr,0.538,0.041,355.0,ppm,10.2
JPL94,pellet,Al,3.23,0.05,3.563,%,0.052
JPL94,pellet,As,,,15.0,ppm,2.9
JPL94,pellet,Ba,,,0.061,%,0.005
JPL94,pellet,Ca,232.575,0.144,6.557,%,0.035
JPL94,pellet,Cu,0.266,0.017,198.0,ppm,3.9
JPL94,pellet,Fe,70.616,0.075,6.374,%,0.015
JPL94,pellet,Ga,,,41.0,ppm,2.4
JPL94,pellet,K,53.16,0.071,5.538,%,0.073
JPL94,pellet,Mg,0.324,0.051,1.003,%,0.152
JPL94,pellet,Mn,1.877,0.019,0.19,%,0.002
JPL94,pellet,Mo,0.01,0.027,36.0,ppm,3.9
JPL94,pellet,Nb,0.107,0.015,27.0,ppm,3.5
JPL94,pellet,Ni,0.691,0.019,55.0,ppm,3.5
JPL94,pellet,O,,,45.492,%,0.087
JPL94,pellet,P,0.431,0.016,0.154,%,0.006
JPL94,pellet,Pb,,,288.0,ppm,8.4
JPL94,pellet,Rb,,,189.0,ppm,3.5
JPL94,pellet,Re,,,59.0,ppm,8.1
JPL94,pellet,S,1.525,0.015,0.239,%,0.002
JPL94,pellet,Si,62.907,0.119,29.818,%,0.067
JPL94,pellet,Sn,,,57.0,ppm,10.2
JPL94,pellet,Sr,,,0.083,%,0.0
JPL94,pellet,Ti,,,0.649,%,0.008
JPL94,pellet,V,6.095,0.031,168.0,ppm,36.6
JPL94,pellet,Y,,,82.0,ppm,3.9
JPL94,pellet,Zn,1.405,0.019,0.12,%,0.001
JPL94,pellet,Zr,0.303,0.021,369.0,ppm,4.6
JPL94,powder,Al,5.27,0.085,6.632,%,0.102
JPL94,powder,As,,,34.0,ppm,8.2
JPL94,powder,Ca,353.839,0.26,10.612,%,0.101
JPL94,powder,Cu,0.26,0.023,315.0,ppm,12.4
JPL94,powder,Fe,96.894,0.127,10.211,%,0.048
JPL94,powder,Ga,0.077,0.022,65.0,ppm,7.1
JPL94,powder,I,,,388.0,ppm,51.2
JPL94,powder,In,,,74.0,ppm,23.4
JPL94,powder,K,77.683,0.126,8.099,%,0.172
JPL94,powder,Mg,0.562,0.092,1.946,%,0.304
JPL94,powder,Mn,2.397,0.028,0.295,%,0.007
JPL94,powder,Ni,0.726,0.029,83.0,ppm,10.2
JPL94,powder,O,,,41.028,%,0.163
JPL94,powder,P,0.778,0.03,0.269,%,0.01
JPL94,powder,Pb,,,319.0,ppm,24.0
JPL94,powder,Rb,,,265.0,ppm,9.5
JPL94,powder,S,2.434,0.03,0.373,%,0.005
JPL94,powder,Si,33.476,0.128,19.043,%,0.095
JPL94,powder,Sr,,,0.097,%,0.001
JPL94,powder,Ti,,,1.039,%,0.024
JPL94,powder,Y,,,94.0,ppm,10.0
JPL94,powder,Zn,1.494,0.026,0.155,%,0.002
JPL94,powder,Zr,0.491,0.039,426.0,ppm,12.1
JPL95,pellet,Ag,0.687,0.044,28.0,ppm,5.2
JPL95,pellet,Al,3.723,0.054,3.874,%,0.053
JPL95,pellet,As,,,13.0,ppm,2.8
JPL95,pellet,Ba,,,0.066,%,0.006
JPL95,pellet,Ca,276.338,0.157,7.3,%,0.036
JPL95,pellet,Cu,0.29,0.017,234.0,ppm,4.0
JPL95,pellet,Fe,77.013,0.08,6.704,%,0.016
JPL95,pellet,Ga,,,39.0,ppm,2.3
JPL95,pellet,In,,,55.0,ppm,10.6
JPL95,pellet,K,63.276,0.079,5.939,%,0.072
JPL95,pellet,Mg,0.441,0.057,1.279,%,0.159
JPL95,pellet,Mn,2.414,0.02,0.235,%,0.002
JPL95,pellet,Nb,0.251,0.015,21.0,ppm,3.4
JPL95,pellet,Ni,0.671,0.019,59.0,ppm,3.5
JPL95,pellet,O,,,44.829,%,0.089
JPL95,pellet,P,0.605,0.019,0.199,%,0.006
JPL95,pellet,Pb,,,275.0,ppm,8.1
JPL95,pellet,Pd,0.02,,19.0,ppm,5.0
JPL95,pellet,Rb,,,198.0,ppm,3.4
JPL95,pellet,S,1.646,0.018,0.238,%,0.003
JPL95,pellet,Si,62.863,0.121,28.268,%,0.066
JPL95,pellet,Sn,,,59.0,ppm,10.2
JPL95,pellet,Sr,,,0.112,%,0.0
JPL95,pellet,Te,,,120.0,ppm,21.6
JPL95,pellet,Ti,,,0.701,%,0.009
JPL95,pellet,V,5.925,0.031,319.0,ppm,36.8
JPL95,pellet,Y,0.026,,55.0,ppm,3.8
JPL95,pellet,Zn,0.761,0.018,0.068,%,0.001
JPL95,pellet,Zr,0.428,0.024,395.0,ppm,4.6
JPL95,powder,Al,5.743,0.091,6.566,%,0.098
JPL95,powder,As,,,35.0,ppm,7.0
JPL95,powder,Ca,382.042,0.272,10.535,%,0.094
JPL95,powder,Cu,0.671,0.025,0.096,%,0.002
JPL95,powder,Fe,102.128,0.132,9.921,%,0.044
JPL95,powder,Ga,0.122,0.021,59.0,ppm,5.9
JPL95,powder,K,86.481,0.134,8.046,%,0.157
JPL95,powder,Mg,0.664,0.095,2.083,%,0.285
JPL95,powder,Mn,2.746,0.03,0.321,%,0.007
JPL95,powder,Ni,0.728,0.03,115.0,ppm,9.9
JPL95,powder,O,,,41.143,%,0.153
JPL95,powder,P,1.046,0.032,0.329,%,0.01
JPL95,powder,Pb,,,242.0,ppm,21.5
JPL95,powder,Rb,,,217.0,ppm,8.2
JPL95,powder,S,2.331,0.03,0.325,%,0.004
JPL95,powder,Si,37.234,0.136,19.226,%,0.09
JPL95,powder,Sr,,,0.112,%,0.001
JPL95,powder,Ti,,,1.07,%,0.023
JPL95,powder,Y,,,54.0,ppm,8.5
JPL95,powder,Zn,1.23,0.025,0.131,%,0.002
JPL95,powder,Zr,,,237.0,ppm,10.2
PBP01_pellet_A,pellet,Al,28.65,0.101,21.076,%,0.063
PBP01_pellet_A,pellet,Bi,0.0,,26.0,ppm,2.7
PBP01_pellet_A,pellet,Cu,0.187,0.017,54.0,ppm,1.5
PBP01_pellet_A,pellet,Fe,13.332,0.034,0.627,%,0.002
PBP01_pellet_A,pellet,Ga,0.348,0.018,161.0,ppm,1.9
PBP01_pellet_A,pellet,K,53.17,0.065,4.178,%,0.065
PBP01_pellet_A,pellet,Mg,0.151,0.036,0.319,%,0.074
PBP01_pellet_A,pellet,Mn,0.142,0.015,77.0,ppm,5.5
PBP01_pellet_A,pellet,Nb,0.024,,41.0,ppm,1.7
PBP01_pellet_A,pellet,Ni,0.534,0.017,11.0,ppm,1.3
PBP01_pellet_A,pellet,O,0.0,0.0,48.617,%,0.065
PBP01_pellet_A,pellet,P,0.211,0.008,0.065,%,0.002
PBP01_pellet_A,pellet,Pb,0.051,0.009,392.0,ppm,4.9
PBP01_pellet_A,pellet,Rb,0.0,0.0,486.0,ppm,2.3
PBP01_pellet_A,pellet,S,0.474,0.01,0.063,%,0.001
PBP01_pellet_A,pellet,Si,52.765,0.1,24.849,%,0.047
PBP01_pellet_A,pellet,Sn,0.023,,29.0,ppm,4.9
PBP01_pellet_A,pellet,Sr,0.0,0.0,259.0,ppm,1.8
PBP01_pellet_A,pellet,Ti,0.0,0.0,211.0,ppm,28.3
PBP01_pellet_A,pellet,Y,0.0,0.0,18.0,ppm,2.0
PBP01_pellet_A,pellet,Zn,0.083,0.016,28.0,ppm,1.1
PBP01_pellet_A,pellet,Zr,0.024,0.0,52.0,ppm,2.0
PBP01_pellet_B,pellet,Al,27.53,0.098,21.025,%,0.061
PBP01_pellet_B,pellet,Bi,0.0,,28.0,ppm,2.8
PBP01_pellet_B,pellet,Ce,0.0,,128.0,ppm,19.3
PBP01_pellet_B,pellet,Cu,0.16,0.017,58.0,ppm,1.6
PBP01_pellet_B,pellet,Fe,13.24,0.034,0.648,%,0.002
PBP01_pellet_B,pellet,Ga,0.295,0.018,170.0,ppm,2.0
PBP01_pellet_B,pellet,K,54.257,0.066,4.38,%,0.067
PBP01_pellet_B,pellet,Mn,0.15,0.015,77.0,ppm,5.7
PBP01_pellet_B,pellet,Mo,0.023,,7.0,ppm,1.9
PBP01_pellet_B,pellet,Nb,0.023,,39.0,ppm,1.8
PBP01_pellet_B,pellet,Ni,0.524,0.016,12.0,ppm,1.4
PBP01_pellet_B,pellet,O,0.0,0.0,48.599,%,0.055
PBP01_pellet_B,pellet,P,0.204,0.008,0.065,%,0.002
PBP01_pellet_B,pellet,Pb,0.073,0.008,386.0,ppm,5.2
PBP01_pellet_B,pellet,Rb,0.0,0.0,495.0,ppm,2.4
PBP01_pellet_B,pellet,S,0.378,0.008,0.053,%,0.001
PBP01_pellet_B,pellet,Si,51.108,0.098,25.025,%,0.044
PBP01_pellet_B,pellet,Sn,0.0,,36.0,ppm,5.0
PBP01_pellet_B,pellet,Sr,0.0,0.0,262.0,ppm,1.8
PBP01_pellet_B,pellet,Th,0.0,,18.0,ppm,3.3
PBP01_pellet_B,pellet,Ti,0.0,0.0,240.0,ppm,28.8
PBP01_pellet_B,pellet,Y,0.0,0.0,17.0,ppm,2.1
PBP01_pellet_B,pellet,Zn,0.106,0.016,25.0,ppm,1.2
PBP01_pellet_B,pellet,Zr,0.0,0.0,50.0,ppm,2.0
PBP01_pellet_C,pellet,Al,28.705,0.101,21.05,%,0.062
PBP01_pellet_C,pellet,Ba,0.0,0.0,100.0,ppm,23.8
PBP01_pellet_C,pellet,Cu,0.173,0.017,51.0,ppm,1.5
PBP01_pellet_C,pellet,Fe,13.149,0.034,0.602,%,0.002
PBP01_pellet_C,pellet,Ga,0.325,0.018,159.0,ppm,1.8
PBP01_pellet_C,pellet,K,54.358,0.067,4.136,%,0.063
PBP01_pellet_C,pellet,Mg,0.214,0.036,0.449,%,0.073
PBP01_pellet_C,pellet,Mn,0.111,0.015,83.0,ppm,5.3
PBP01_pellet_C,pellet,Nb,0.0,0.0,33.0,ppm,1.6
PBP01_pellet_C,pellet,Ni,0.553,0.016,8.0,ppm,1.3
PBP01_pellet_C,pellet,O,0.0,0.0,48.626,%,0.064
PBP01_pellet_C,pellet,P,0.218,0.008,0.067,%,0.002
PBP01_pellet_C,pellet,Pb,0.062,0.008,367.0,ppm,4.8
PBP01_pellet_C,pellet,Rb,0.0,0.0,458.0,ppm,2.2
PBP01_pellet_C,pellet,S,0.394,0.01,0.052,%,0.001
PBP01_pellet_C,pellet,Si,52.95,0.101,24.833,%,0.047
PBP01_pellet_C,pellet,Sn,0.0,0.0,23.0,ppm,4.6
PBP01_pellet_C,pellet,Sr,0.0,0.0,238.0,ppm,1.7
PBP01_pellet_C,pellet,Ti,0.0,0.0,211.0,ppm,25.8
PBP01_pellet_C,pellet,Y,0.0,0.0,17.0,ppm,1.9
PBP01_pellet_C,pellet,Zn,0.118,0.016,26.0,ppm,1.1
PBP01_pellet_C,pellet,Zr,0.0,0.0,46.0,ppm,1.9
PBP01_powder_1,powder,Al,28.57,0.121,21.447,%,0.075
PBP01_powder_1,powder,As,0.0,0.0,10.0,ppm,1.5
PBP01_powder_1,powder,Bi,0.0,0.0,18.0,ppm,2.4
PBP01_powder_1,powder,Cu,0.164,0.019,47.0,ppm,1.5
PBP01_powder_1,powder,Fe,13.071,0.039,0.549,%,0.002
PBP01_powder_1,powder,Ga,0.265,0.02,135.0,ppm,1.9
PBP01_powder_1,powder,K,50.013,0.076,3.846,%,0.063
PBP01_powder_1,powder,Mg,0.159,0.042,0.342,%,0.088
PBP01_powder_1,powder,Mn,0.077,0.016,53.0,ppm,5.0
PBP01_powder_1,powder,Nb,0.0,0.0,21.0,ppm,1.4
PBP01_powder_1,powder,Ni,0.436,0.018,8.0,ppm,1.2
PBP01_powder_1,powder,O,0.0,0.0,48.776,%,0.075
PBP01_powder_1,powder,P,0.213,0.009,0.067,%,0.003
PBP01_powder_1,powder,Pb,0.045,0.009,162.0,ppm,4.3
PBP01_powder_1,powder,Rb,0.0,0.0,320.0,ppm,2.0
PBP01_powder_1,powder,S,0.359,0.011,491.0,ppm,14.5
PBP01_powder_1,powder,Si,51.151,0.118,24.8,%,0.055
PBP01_powder_1,powder,Sn,0.0,0.0,14.0,ppm,3.7
PBP01_powder_1,powder,Sr,0.0,0.0,171.0,ppm,1.5
PBP01_powder_1,powder,Ti,0.0,0.0,214.0,ppm,24.5
PBP01_powder_1,powder,Y,0.0,0.0,7.0,ppm,1.7
PBP01_powder_1,powder,Zn,0.072,0.019,20.0,ppm,1.0
PBP01_powder_1,powder,Zr,0.0,0.0,32.0,ppm,1.6
PBP01_powder_2,powder,Al,27.192,0.12,21.361,%,0.078
PBP01_powder_2,powder,As,0.0,0.0,7.0,ppm,1.5
PBP01_powder_2,powder,Cu,0.155,0.019,43.0,ppm,1.5
PBP01_powder_2,powder,Fe,12.858,0.039,0.547,%,0.002
PBP01_powder_2,powder,Ga,0.301,0.02,132.0,ppm,1.8
PBP01_powder_2,powder,K,47.646,0.074,3.921,%,0.062
PBP01_powder_2,powder,Mg,0.133,0.041,0.299,%,0.089
PBP01_powder_2,powder,Mn,0.09,0.016,64.0,ppm,4.9
PBP01_powder_2,powder,Nb,0.0,0.0,22.0,ppm,1.4
PBP01_powder_2,powder,Ni,0.422,0.018,7.0,ppm,1.1
PBP01_powder_2,powder,O,0.0,0.0,48.764,%,0.076
PBP01_powder_2,powder,P,0.2,0.009,0.066,%,0.003
PBP01_powder_2,powder,Pb,0.034,0.009,184.0,ppm,4.2
PBP01_powder_2,powder,Rb,0.0,0.0,305.0,ppm,2.0
PBP01_powder_2,powder,S,0.358,0.01,0.051,%,0.001
PBP01_powder_2,powder,Sb,0.0,0.0,19.0,ppm,3.8
PBP01_powder_2,powder,Si,49.075,0.116,24.867,%,0.057
PBP01_powder_2,powder,Sr,0.0,0.0,161.0,ppm,1.5
PBP01_powder_2,powder,Ti,0.0,0.0,233.0,ppm,23.3
PBP01_powder_2,powder,Y,0.0,0.0,8.0,ppm,1.6
PBP01_powder_2,powder,Zn,0.125,0.019,21.0,ppm,1.0
PBP01_powder_2,powder,Zr,0.0,0.0,28.0,ppm,1.6
PBP01_powder_3,powder,Al,27.792,0.12,21.437,%,0.077
PBP01_powder_3,powder,As,0.0,0.0,12.0,ppm,1.4
PBP01_powder_3,powder,Cu,0.171,0.019,50.0,ppm,1.5
PBP01_powder_3,powder,Fe,13.322,0.04,0.577,%,0.002
PBP01_powder_3,powder,Ga,0.325,0.02,134.0,ppm,1.9
PBP01_powder_3,powder,In,0.0,0.0,24.0,ppm,3.6
PBP01_powder_3,powder,K,49.531,0.075,3.974,%,0.064
PBP01_powder_3,powder,Mg,0.175,0.043,0.385,%,0.092
PBP01_powder_3,powder,Mn,0.08,0.016,55.0,ppm,4.9
PBP01_powder_3,powder,Nb,0.0,0.0,21.0,ppm,1.4
PBP01_powder_3,powder,Ni,0.432,0.018,7.0,ppm,1.2
PBP01_powder_3,powder,O,0.0,0.0,48.703,%,0.076
PBP01_powder_3,powder,P,0.202,0.009,0.065,%,0.003
PBP01_powder_3,powder,Pb,0.063,0.009,138.0,ppm,4.3
PBP01_powder_3,powder,Rb,0.0,0.0,308.0,ppm,2.0
PBP01_powder_3,powder,S,0.353,0.01,494.0,ppm,14.5
PBP01_powder_3,powder,Si,49.605,0.116,24.686,%,0.056
PBP01_powder_3,powder,Sr,0.0,0.0,162.0,ppm,1.5
PBP01_powder_3,powder,Ti,0.0,0.0,238.0,ppm,22.7
PBP01_powder_3,powder,U,0.0,0.0,10.0,ppm,3.3
PBP01_powder_3,powder,Y,0.0,0.0,8.0,ppm,1.7
PBP01_powder_3,powder,Zn,0.0,0.0,23.0,ppm,1.1
PBP01_powder_3,powder,Zr,0.0,0.0,29.0,ppm,1.6
PBP02_pellet_A,pellet,Al,24.998,0.095,20.527,%,0.066
PBP02_pellet_A,pellet,Cr,0.084,0.012,67.0,ppm,8.1
PBP02_pellet_A,pellet,Cu,0.176,0.017,57.0,ppm,1.7
PBP02_pellet_A,pellet,Fe,13.184,0.034,0.665,%,0.002
PBP02_pellet_A,pellet,Ga,0.314,0.018,172.0,ppm,2.2
PBP02_pellet_A,pellet,K,52.289,0.065,4.389,%,0.066
PBP02_pellet_A,pellet,Mg,0.199,0.035,0.467,%,0.079
PBP02_pellet_A,pellet,Mn,0.112,0.015,81.0,ppm,5.9
PBP02_pellet_A,pellet,Nb,0.036,0.009,39.0,ppm,1.9
PBP02_pellet_A,pellet,Ni,0.586,0.017,28.0,ppm,1.6
PBP02_pellet_A,pellet,O,0.0,0.0,48.47,%,0.068
PBP02_pellet_A,pellet,P,0.207,0.008,0.07,%,0.003
PBP02_pellet_A,pellet,Pb,0.146,0.009,0.175,%,0.001
PBP02_pellet_A,pellet,Rb,0.0,0.0,491.0,ppm,2.5
PBP02_pellet_A,pellet,S,0.447,0.011,0.066,%,0.002
PBP02_pellet_A,pellet,Si,48.144,0.097,24.984,%,0.05
PBP02_pellet_A,pellet,Sr,0.0,0.0,260.0,ppm,1.9
PBP02_pellet_A,pellet,Ti,0.0,0.0,255.0,ppm,29.4
PBP02_pellet_A,pellet,Y,0.0,0.0,19.0,ppm,2.2
PBP02_pellet_A,pellet,Zn,0.056,0.017,34.0,ppm,1.2
PBP02_pellet_A,pellet,Zr,0.0,0.0,47.0,ppm,2.1
PBP02_pellet_B,pellet,Ag,0.0,0.0,9.0,ppm,2.6
PBP02_pellet_B,pellet,Al,26.746,0.098,20.776,%,0.064
PBP02_pellet_B,pellet,Cu,0.156,0.017,65.0,ppm,1.6
PBP02_pellet_B,pellet,Fe,12.965,0.033,0.624,%,0.002
PBP02_pellet_B,pellet,Ga,0.302,0.018,166.0,ppm,2.1
PBP02_pellet_B,pellet,K,52.474,0.065,4.17,%,0.065
PBP02_pellet_B,pellet,Mg,0.237,0.036,0.524,%,0.077
PBP02_pellet_B,pellet,Mn,0.108,0.015,79.0,ppm,5.4
PBP02_pellet_B,pellet,Nb,0.0,0.0,35.0,ppm,1.8
PBP02_pellet_B,pellet,Ni,0.508,0.017,13.0,ppm,1.4
PBP02_pellet_B,pellet,O,0.0,0.0,48.539,%,0.066
PBP02_pellet_B,pellet,P,0.211,0.008,0.068,%,0.002
PBP02_pellet_B,pellet,Pb,0.164,0.01,0.171,%,0.001
PBP02_pellet_B,pellet,Rb,0.0,0.0,476.0,ppm,2.4
PBP02_pellet_B,pellet,S,0.467,0.011,0.065,%,0.002
PBP02_pellet_B,pellet,Si,50.417,0.099,24.871,%,0.048
PBP02_pellet_B,pellet,Sr,0.0,0.0,258.0,ppm,1.8
PBP02_pellet_B,pellet,Ti,0.0,0.0,386.0,ppm,30.8
PBP02_pellet_B,pellet,Y,0.0,0.0,18.0,ppm,2.2
PBP02_pellet_B,pellet,Zn,0.08,0.017,35.0,ppm,1.2
PBP02_pellet_B,pellet,Zr,0.0,0.0,46.0,ppm,2.1
PBP02_pellet_C,pellet,Al,28.021,0.1,20.975,%,0.063
PBP02_pellet_C,pellet,Cu,0.196,0.017,63.0,ppm,1.7
PBP02_pellet_C,pellet,Fe,13.135,0.034,0.63,%,0.002
PBP02_pellet_C,pellet,Ga,0.311,0.018,155.0,ppm,2.2
PBP02_pellet_C,pellet,K,53.286,0.066,4.244,%,0.064
PBP02_pellet_C,pellet,Mg,0.166,0.036,0.356,%,0.075
PBP02_pellet_C,pellet,Mn,0.119,0.015,80.0,ppm,5.5
PBP02_pellet_C,pellet,Mo,0.004,0.018,11.0,ppm,1.9
PBP02_pellet_C,pellet,Nb,0.024,0.0,41.0,ppm,1.8
PBP02_pellet_C,pellet,Ni,0.548,0.017,12.0,ppm,1.4
PBP02_pellet_C,pellet,O,0.0,0.0,48.514,%,0.065
PBP02_pellet_C,pellet,P,0.216,0.008,0.067,%,0.002
PBP02_pellet_C,pellet,Pb,0.185,0.01,0.178,%,0.001
PBP02_pellet_C,pellet,Rb,0.0,0.0,475.0,ppm,2.4
PBP02_pellet_C,pellet,S,0.501,0.01,0.068,%,0.001
PBP02_pellet_C,pellet,Si,51.872,0.1,24.779,%,0.047
PBP02_pellet_C,pellet,Sr,0.0,0.0,258.0,ppm,1.8
PBP02_pellet_C,pellet,Ti,0.0,0.0,283.0,ppm,28.0
PBP02_pellet_C,pellet,Y,0.0,0.0,18.0,ppm,2.2
PBP02_pellet_C,pellet,Zn,0.108,0.017,33.0,ppm,1.2
PBP02_pellet_C,pellet,Zr,0.023,0.0,48.0,ppm,2.0
PBP02_powder_1,powder,Al,19.517,0.102,20.686,%,0.09
PBP02_powder_1,powder,As,0.0,0.0,39.0,ppm,3.2
PBP02_powder_1,powder,Cu,0.144,0.019,53.0,ppm,1.9
PBP02_powder_1,powder,Fe,11.748,0.037,0.644,%,0.003
PBP02_powder_1,powder,Ga,0.294,0.02,166.0,ppm,2.4
PBP02_powder_1,powder,K,38.574,0.067,4.354,%,0.074
PBP02_powder_1,powder,Mg,0.108,0.037,0.327,%,0.109
PBP02_powder_1,powder,Mn,0.107,0.015,68.0,ppm,6.0
PBP02_powder_1,powder,Mo,0.003,0.016,12.0,ppm,1.9
PBP02_powder_1,powder,Nb,0.0,0.0,26.0,ppm,1.8
PBP02_powder_1,powder,Ni,0.413,0.018,11.0,ppm,1.4
PBP02_powder_1,powder,O,0.0,0.0,48.568,%,0.089
PBP02_powder_1,powder,P,0.141,0.008,0.063,%,0.004
PBP02_powder_1,powder,Pb,0.095,0.009,0.092,%,0.001
PBP02_powder_1,powder,Rb,0.0,0.0,377.0,ppm,2.6
PBP02_powder_1,powder,S,0.27,0.009,0.052,%,0.002
PBP02_powder_1,powder,Si,37.249,0.101,25.082,%,0.066
PBP02_powder_1,powder,Sn,0.0,0.0,22.0,ppm,4.6
PBP02_powder_1,powder,Sr,0.0,0.0,203.0,ppm,2.0
PBP02_powder_1,powder,Ti,0.0,0.0,281.0,ppm,30.2
PBP02_powder_1,powder,Y,0.0,0.0,10.0,ppm,2.2
PBP02_powder_1,powder,Zn,0.0,0.0,24.0,ppm,1.3
PBP02_powder_1,powder,Zr,0.0,0.0,34.0,ppm,2.1
PBP02_powder_2,powder,Al,19.52,0.1,20.847,%,0.089
PBP02_powder_2,powder,Ba,0.0,0.0,170.0,ppm,20.9
PBP02_powder_2,powder,Cu,0.135,0.018,54.0,ppm,1.8
PBP02_powder_2,powder,Fe,11.661,0.037,0.627,%,0.003
PBP02_powder_2,powder,Ga,0.264,0.02,146.0,ppm,2.3
PBP02_powder_2,powder,Ir,0.0,0.0,25.0,ppm,5.5
PBP02_powder_2,powder,K,37.664,0.065,4.299,%,0.072
PBP02_powder_2,powder,Mg,0.149,0.039,0.454,%,0.114
PBP02_powder_2,powder,Mn,0.091,0.015,57.0,ppm,5.7
PBP02_powder_2,powder,Nb,0.0,0.0,21.0,ppm,1.7
PBP02_powder_2,powder,Ni,0.423,0.018,7.0,ppm,1.4
PBP02_powder_2,powder,O,0.0,0.0,48.55,%,0.09
PBP02_powder_2,powder,P,0.157,0.008,0.07,%,0.003
PBP02_powder_2,powder,Pb,0.094,0.009,0.087,%,0.001
PBP02_powder_2,powder,Rb,0.0,0.0,342.0,ppm,2.4
PBP02_powder_2,powder,S,0.27,0.011,0.062,%,0.002
PBP02_powder_2,powder,Si,36.594,0.099,24.878,%,0.066
PBP02_powder_2,powder,Sn,0.0,0.0,15.0,ppm,4.2
PBP02_powder_2,powder,Sr,0.0,0.0,179.0,ppm,1.8
PBP02_powder_2,powder,Ti,0.0,0.0,229.0,ppm,27.4
PBP02_powder_2,powder,U,0.0,0.0,13.0,ppm,3.9
PBP02_powder_2,powder,Y,0.0,0.0,8.0,ppm,2.1
PBP02_powder_2,powder,Zn,0.072,0.019,25.0,ppm,1.2
PBP02_powder_2,powder,Zr,0.022,,31.0,ppm,1.9
PBP02_powder_3,powder,Al,20.059,0.101,20.847,%,0.085
PBP02_powder_3,powder,Cu,0.152,0.018,54.0,ppm,1.8
PBP02_powder_3,powder,Fe,11.818,0.037,0.634,%,0.003
PBP02_powder_3,powder,Ga,0.303,0.02,157.0,ppm,2.4
PBP02_powder_3,powder,Ir,0.0,0.0,20.0,ppm,5.7
PBP02_powder_3,powder,K,39.155,0.066,4.358,%,0.073
PBP02_powder_3,powder,Mn,0.09,0.015,67.0,ppm,5.8
PBP02_powder_3,powder,Nb,0.0,0.0,28.0,ppm,1.8
PBP02_powder_3,powder,Ni,0.435,0.018,8.0,ppm,1.4
PBP02_powder_3,powder,O,0.0,0.0,48.625,%,0.07
PBP02_powder_3,powder,P,0.158,0.008,0.069,%,0.004
PBP02_powder_3,powder,Pb,0.091,0.009,0.093,%,0.001
PBP02_powder_3,powder,Rb,0.0,0.0,372.0,ppm,2.5
PBP02_powder_3,powder,S,0.272,0.011,0.052,%,0.002
PBP02_powder_3,powder,Si,37.92,0.1,25.194,%,0.059
PBP02_powder_3,powder,Sr,0.0,0.0,200.0,ppm,1.9
PBP02_powder_3,powder,Ta,0.0,0.0,20.0,ppm,4.6
PBP02_powder_3,powder,Ti,0.0,0.0,236.0,ppm,28.8
PBP02_powder_3,powder,Y,0.0,0.0,11.0,ppm,2.2
PBP02_powder_3,powder,Zn,0.056,0.019,25.0,ppm,1.2
PBP02_powder_3,powder,Zr,0.0,0.0,31.0,ppm,2.1
PBP03_pellet_A,pellet,Al,27.076,0.098,20.699,%,0.063
PBP03_pellet_A,pellet,Bi,0.0,0.0,31.0,ppm,4.5
PBP03_pellet_A,pellet,Cu,0.154,0.017,54.0,ppm,1.6
PBP03_pellet_A,pellet,Fe,13.168,0.034,0.628,%,0.002
PBP03_pellet_A,pellet,Ga,0.326,0.018,160.0,ppm,2.3
PBP03_pellet_A,pellet,K,53.774,0.066,4.319,%,0.064
PBP03_pellet_A,pellet,Mg,0.202,0.037,0.442,%,0.077
PBP03_pellet_A,pellet,Mn,0.148,0.014,74.0,ppm,5.6
PBP03_pellet_A,pellet,Nb,0.031,0.009,37.0,ppm,1.8
PBP03_pellet_A,pellet,Ni,0.526,0.016,14.0,ppm,1.5
PBP03_pellet_A,pellet,O,0.0,0.0,48.446,%,0.066
PBP03_pellet_A,pellet,P,0.21,0.008,0.067,%,0.002
PBP03_pellet_A,pellet,Pb,0.279,0.011,0.314,%,0.001
PBP03_pellet_A,pellet,Rb,0.0,0.0,496.0,ppm,2.5
PBP03_pellet_A,pellet,S,0.561,0.013,0.077,%,0.002
PBP03_pellet_A,pellet,Si,51.26,0.099,24.856,%,0.048
PBP03_pellet_A,pellet,Sr,0.0,0.0,257.0,ppm,1.8
PBP03_pellet_A,pellet,Ti,0.0,0.0,246.0,ppm,27.6
PBP03_pellet_A,pellet,Y,0.0,0.0,16.0,ppm,2.3
PBP03_pellet_A,pellet,Zn,0.084,0.016,33.0,ppm,1.2
PBP03_pellet_A,pellet,Zr,0.0,0.0,51.0,ppm,2.1
PBP03_pellet_B,pellet,Al,27.867,0.1,20.873,%,0.063
PBP03_pellet_B,pellet,As,0.0,,23.0,ppm,4.2
PBP03_pellet_B,pellet,Ba,0.0,,254.0,ppm,26.4
PBP03_pellet_B,pellet,Bi,0.0,,28.0,ppm,4.3
PBP03_pellet_B,pellet,Cu,0.185,0.017,53.0,ppm,1.5
PBP03_pellet_B,pellet,Fe,12.973,0.034,0.6,%,0.002
PBP03_pellet_B,pellet,Ga,0.36,0.018,162.0,ppm,2.2
PBP03_pellet_B,pellet,K,53.303,0.066,4.107,%,0.063
PBP03_pellet_B,pellet,La,0.0,,228.0,ppm,36.2
PBP03_pellet_B,pellet,Mg,0.208,0.035,0.444,%,0.072
PBP03_pellet_B,pellet,Mn,0.109,0.015,61.0,ppm,5.4
PBP03_pellet_B,pellet,Mo,0.002,0.021,6.0,ppm,1.9
PBP03_pellet_B,pellet,Ni,0.531,0.017,15.0,ppm,1.4
PBP03_pellet_B,pellet,O,,,48.51,%,0.064
PBP03_pellet_B,pellet,P,0.219,0.008,0.068,%,0.002
PBP03_pellet_B,pellet,Pb,0.318,0.011,0.302,%,0.001
PBP03_pellet_B,pellet,Rb,0.0,,474.0,ppm,2.4
PBP03_pellet_B,pellet,S,0.662,0.012,0.089,%,0.002
PBP03_pellet_B,pellet,Sb,0.0,,39.0,ppm,5.5
PBP03_pellet_B,pellet,Si,52.029,0.101,24.795,%,0.047
PBP03_pellet_B,pellet,Sn,0.024,,26.0,ppm,5.1
PBP03_pellet_B,pellet,Sr,0.0,,252.0,ppm,1.8
PBP03_pellet_B,pellet,Ti,0.0,,361.0,ppm,27.4
PBP03_pellet_B,pellet,Y,0.0,,16.0,ppm,2.2
PBP03_pellet_B,pellet,Zn,0.114,0.017,36.0,ppm,1.2
PBP03_pellet_B,pellet,Zr,0.023,,51.0,ppm,2.0
PBP03_pellet_C,pellet,Al,28.649,0.101,20.998,%,0.062
PBP03_pellet_C,pellet,As,0.0,,26.0,ppm,4.2
PBP03_pellet_C,pellet,Ba,0.0,,177.0,ppm,25.4
PBP03_pellet_C,pellet,Bi,0.0,,29.0,ppm,4.3
PBP03_pellet_C,pellet,Cu,0.143,0.017,51.0,ppm,1.5
PBP03_pellet_C,pellet,Fe,13.351,0.034,0.601,%,0.002
PBP03_pellet_C,pellet,Ga,0.322,0.018,156.0,ppm,2.2
PBP03_pellet_C,pellet,K,53.913,0.066,4.12,%,0.061
PBP03_pellet_C,pellet,Mg,0.194,0.035,0.406,%,0.072
PBP03_pellet_C,pellet,Mn,0.101,0.015,79.0,ppm,5.2
PBP03_pellet_C,pellet,Nb,0.032,0.009,35.0,ppm,1.7
PBP03_pellet_C,pellet,Ni,0.53,0.016,12.0,ppm,1.3
PBP03_pellet_C,pellet,O,,,48.509,%,0.063
PBP03_pellet_C,pellet,P,0.227,0.008,0.069,%,0.002
PBP03_pellet_C,pellet,Pb,0.313,0.011,0.306,%,0.001
PBP03_pellet_C,pellet,Pd,0.025,,9.0,ppm,2.4
PBP03_pellet_C,pellet,Rb,0.0,,465.0,ppm,2.3
PBP03_pellet_C,pellet,S,0.541,0.013,0.071,%,0.002
PBP03_pellet_C,pellet,Si,52.913,0.101,24.749,%,0.046
PBP03_pellet_C,pellet,Sn,0.0,,31.0,ppm,4.9
PBP03_pellet_C,pellet,Sr,0.0,,245.0,ppm,1.7
PBP03_pellet_C,pellet,Te,0.0,,52.0,ppm,10.2
PBP03_pellet_C,pellet,Ti,0.0,,217.0,ppm,26.1
PBP03_pellet_C,pellet,U,0.0,,19.0,ppm,3.8
PBP03_pellet_C,pellet,Y,0.0,,11.0,ppm,2.2
PBP03_pellet_C,pellet,Zn,0.098,0.018,28.0,ppm,1.1
PBP03_pellet_C,pellet,Zr,0.023,,49.0,ppm,2.0
PBP03_powder_1,powder,Al,18.426,0.096,20.872,%,0.088
PBP03_powder_1,powder,Cu,0.158,0.018,56.0,ppm,1.9
PBP03_powder_1,powder,Fe,11.423,0.036,0.646,%,0.003
PBP03_powder_1,powder,Ga,0.321,0.02,164.0,ppm,2.6
PBP03_powder_1,powder,K,35.854,0.063,4.438,%,0.078
PBP03_powder_1,powder,Mn,0.068,0.015,54.0,ppm,6.2
PBP03_powder_1,powder,Nb,0.0,0.0,31.0,ppm,2.1
PBP03_powder_1,powder,Ni,0.446,0.018,10.0,ppm,1.6
PBP03_powder_1,powder,O,0.0,0.0,48.565,%,0.074
PBP03_powder_1,powder,P,0.151,0.008,0.072,%,0.004
PBP03_powder_1,powder,Pb,0.101,0.008,0.117,%,0.001
PBP03_powder_1,powder,Rb,0.0,0.0,432.0,ppm,2.8
PBP03_powder_1,powder,S,0.21,0.01,433.0,ppm,21.2
PBP03_powder_1,powder,Sb,0.0,0.0,27.0,ppm,6.0
PBP03_powder_1,powder,Si,34.669,0.095,25.107,%,0.062
PBP03_powder_1,powder,Sn,0.0,0.0,28.0,ppm,5.4
PBP03_powder_1,powder,Sr,0.0,0.0,237.0,ppm,2.1
PBP03_powder_1,powder,Ti,0.0,0.0,245.0,ppm,31.8
PBP03_powder_1,powder,Y,0.023,,14.0,ppm,2.5
PBP03_powder_1,powder,Zn,0.075,0.019,31.0,ppm,1.3
PBP03_powder_1,powder,Zr,0.0,0.0,43.0,ppm,2.4
PBP03_powder_2,powder,Ag,0.151,0.046,14.0,ppm,2.8
PBP03_powder_2,powder,Al,17.951,0.096,20.718,%,0.092
PBP03_powder_2,powder,Ba,0.0,0.0,242.0,ppm,28.3
PBP03_powder_2,powder,Bi,0.0,0.0,27.0,ppm,4.4
PBP03_powder_2,powder,Cu,0.152,0.018,57.0,ppm,1.9
PBP03_powder_2,powder,Fe,11.239,0.036,0.654,%,0.003
PBP03_powder_2,powder,Ga,0.286,0.02,170.0,ppm,2.5
PBP03_powder_2,powder,K,34.739,0.063,4.326,%,0.078
PBP03_powder_2,powder,Mg,0.15,0.034,0.493,%,0.109
PBP03_powder_2,powder,Mn,0.098,0.015,51.0,ppm,6.4
PBP03_powder_2,powder,Nb,0.024,,32.0,ppm,2.1
PBP03_powder_2,powder,Ni,0.412,0.018,12.0,ppm,1.6
PBP03_powder_2,powder,O,0.0,0.0,48.501,%,0.091
PBP03_powder_2,powder,P,0.159,0.008,0.076,%,0.004
PBP03_powder_2,powder,Pb,0.098,0.009,0.12,%,0.001
PBP03_powder_2,powder,Rb,0.0,0.0,436.0,ppm,2.8
PBP03_powder_2,powder,S,0.233,0.01,483.0,ppm,21.4
PBP03_powder_2,powder,Si,34.005,0.095,24.89,%,0.068
PBP03_powder_2,powder,Sn,0.0,0.0,32.0,ppm,5.6
PBP03_powder_2,powder,Sr,0.0,0.0,238.0,ppm,2.1
PBP03_powder_2,powder,Te,0.0,0.0,75.0,ppm,11.5
PBP03_powder_2,powder,Ti,0.0,0.0,206.0,ppm,32.6
PBP03_powder_2,powder,U,0.0,0.0,24.0,ppm,4.6
PBP03_powder_2,powder,Y,0.0,0.0,13.0,ppm,2.5
PBP03_powder_2,powder,Zn,0.086,0.019,30.0,ppm,1.3
PBP03_powder_2,powder,Zr,0.024,,40.0,ppm,2.4
PBP03_powder_3,powder,Al,18.324,0.096,20.756,%,0.091
PBP03_powder_3,powder,Cu,0.169,0.018,51.0,ppm,1.8
PBP03_powder_3,powder,Fe,11.17,0.036,0.61,%,0.003
PBP03_powder_3,powder,Ga,0.342,0.02,158.0,ppm,2.4
PBP03_powder_3,powder,K,35.204,0.063,4.265,%,0.075
PBP03_powder_3,powder,Mg,0.192,0.036,0.617,%,0.113
PBP03_powder_3,powder,Mn,0.088,0.015,73.0,ppm,6.0
PBP03_powder_3,powder,Nb,0.0,0.0,33.0,ppm,2.0
PBP03_powder_3,powder,Ni,0.429,0.018,8.0,ppm,1.5
PBP03_powder_3,powder,O,0.0,0.0,48.535,%,0.091
PBP03_powder_3,powder,P,0.131,0.008,0.062,%,0.004
PBP03_powder_3,powder,Pb,0.079,0.008,0.11,%,0.001
PBP03_powder_3,powder,Rb,0.0,0.0,405.0,ppm,2.7
PBP03_powder_3,powder,S,0.24,0.01,487.0,ppm,20.3
PBP03_powder_3,powder,Si,34.585,0.096,24.864,%,0.068
PBP03_powder_3,powder,Sn,0.0,0.0,25.0,ppm,5.2
PBP03_powder_3,powder,Sr,0.0,0.0,219.0,ppm,2.0
PBP03_powder_3,powder,Ti,0.0,0.0,258.0,ppm,30.9
PBP03_powder_3,powder,Y,0.0,0.0,12.0,ppm,2.3
PBP03_powder_3,powder,Zn,0.109,0.018,24.0,ppm,1.3
PBP03_powder_3,powder,Zr,0.0,0.0,35.0,ppm,2.2
PBP04_pellet_A,pellet,Al,28.65,0.101,21.076,%,0.063
PBP04_pellet_A,pellet,Bi,0.0,,26.0,ppm,2.7
PBP04_pellet_A,pellet,Cs,0.0,,84.0,ppm,19.4
PBP04_pellet_A,pellet,Cu,0.187,0.017,54.0,ppm,1.5
PBP04_pellet_A,pellet,Fe,13.332,0.034,0.627,%,0.002
PBP04_pellet_A,pellet,Ga,0.348,0.018,161.0,ppm,1.9
PBP04_pellet_A,pellet,I,0.0,,56.0,ppm,12.0
PBP04_pellet_A,pellet,K,53.17,0.065,4.178,%,0.065
PBP04_pellet_A,pellet,Mg,0.151,0.036,0.319,%,0.074
PBP04_pellet_A,pellet,Mn,0.142,0.015,77.0,ppm,5.5
PBP04_pellet_A,pellet,Nb,0.024,,41.0,ppm,1.7
PBP04_pellet_A,pellet,Ni,0.534,0.017,11.0,ppm,1.3
PBP04_pellet_A,pellet,O,,,48.617,%,0.065
PBP04_pellet_A,pellet,P,0.211,0.008,0.065,%,0.002
PBP04_pellet_A,pellet,Pb,0.051,0.009,392.0,ppm,4.9
PBP04_pellet_A,pellet,Rb,0.0,,486.0,ppm,2.3
PBP04_pellet_A,pellet,S,0.474,0.01,0.063,%,0.001
PBP04_pellet_A,pellet,Si,52.765,0.1,24.849,%,0.047
PBP04_pellet_A,pellet,Sn,0.023,,29.0,ppm,4.9
PBP04_pellet_A,pellet,Sr,0.0,,259.0,ppm,1.8
PBP04_pellet_A,pellet,Te,0.0,,43.0,ppm,10.5
PBP04_pellet_A,pellet,Th,0.0,,30.0,ppm,3.1
PBP04_pellet_A,pellet,Ti,0.0,,211.0,ppm,28.3
PBP04_pellet_A,pellet,Y,0.0,,18.0,ppm,2.0
PBP04_pellet_A,pellet,Zn,0.083,0.016,28.0,ppm,1.1
PBP04_pellet_A,pellet,Zr,0.024,,52.0,ppm,2.0
PBP04_pellet_B,pellet,Al,23.979,0.092,16.746,%,0.056
PBP04_pellet_B,pellet,Ba,0.0,,177.0,ppm,21.5
PBP04_pellet_B,pellet,Bi,0.0,,20.0,ppm,2.0
PBP04_pellet_B,pellet,Cu,0.125,0.017,39.0,ppm,1.3
PBP04_pellet_B,pellet,Fe,10.641,0.031,0.45,%,0.002
PBP04_pellet_B,pellet,Ga,0.255,0.018,116.0,ppm,1.5
PBP04_pellet_B,pellet,K,43.067,0.059,3.164,%,0.058
PBP04_pellet_B,pellet,Mg,0.198,0.036,0.395,%,0.069
PBP04_pellet_B,pellet,Mn,0.133,0.014,61.0,ppm,4.8
PBP04_pellet_B,pellet,Mo,0.0,,6.0,ppm,1.6
PBP04_pellet_B,pellet,Nb,0.022,,27.0,ppm,1.5
PBP04_pellet_B,pellet,Ni,0.518,0.016,9.0,ppm,1.1
PBP04_pellet_B,pellet,O,,,49.64,%,0.06
PBP04_pellet_B,pellet,P,0.198,0.007,0.058,%,0.002
PBP04_pellet_B,pellet,Pb,0.044,0.008,38.0,ppm,3.2
PBP04_pellet_B,pellet,Rb,0.0,,328.0,ppm,1.9
PBP04_pellet_B,pellet,S,0.422,0.008,0.054,%,0.001
PBP04_pellet_B,pellet,Si,71.303,0.116,29.36,%,0.047
PBP04_pellet_B,pellet,Sn,0.0,,29.0,ppm,4.1
PBP04_pellet_B,pellet,Sr,0.0,,180.0,ppm,1.5
PBP04_pellet_B,pellet,Ti,0.0,,212.0,ppm,24.8
PBP04_pellet_B,pellet,Y,0.0,,13.0,ppm,1.7
PBP04_pellet_B,pellet,Zn,0.082,0.016,22.0,ppm,1.0
PBP04_pellet_B,pellet,Zr,0.0,,45.0,ppm,1.7
PBP04_pellet_C,pellet,Al,24.062,0.093,16.597,%,0.055
PBP04_pellet_C,pellet,As,0.0,,4.0,ppm,1.1
PBP04_pellet_C,pellet,Ba,0.0,,169.0,ppm,24.0
PBP04_pellet_C,pellet,Bi,0.0,,23.0,ppm,2.1
PBP04_pellet_C,pellet,Cs,0.0,,120.0,ppm,17.6
PBP04_pellet_C,pellet,Cu,0.158,0.017,41.0,ppm,1.4
PBP04_pellet_C,pellet,Fe,10.728,0.031,0.472,%,0.002
PBP04_pellet_C,pellet,Ga,0.252,0.018,121.0,ppm,1.6
PBP04_pellet_C,pellet,K,43.325,0.059,3.242,%,0.06
PBP04_pellet_C,pellet,Mg,0.139,0.036,0.274,%,0.069
PBP04_pellet_C,pellet,Mn,0.109,0.014,73.0,ppm,5.2
PBP04_pellet_C,pellet,Nb,0.022,,25.0,ppm,1.6
PBP04_pellet_C,pellet,Ni,0.55,0.017,12.0,ppm,1.3
PBP04_pellet_C,pellet,O,,,49.636,%,0.06
PBP04_pellet_C,pellet,P,0.186,0.007,0.054,%,0.002
PBP04_pellet_C,pellet,Pb,0.0,,29.0,ppm,3.4
PBP04_pellet_C,pellet,Rb,0.0,,352.0,ppm,2.0
PBP04_pellet_C,pellet,S,0.491,0.009,0.062,%,0.001
PBP04_pellet_C,pellet,Si,72.758,0.116,29.512,%,0.047
PBP04_pellet_C,pellet,Sn,0.0,,22.0,ppm,4.5
PBP04_pellet_C,pellet,Sr,0.0,,190.0,ppm,1.6
PBP04_pellet_C,pellet,Ti,0.0,,218.0,ppm,26.2
PBP04_pellet_C,pellet,Y,0.0,,14.0,ppm,1.8
PBP04_pellet_C,pellet,Zn,0.078,0.016,26.0,ppm,1.0
PBP04_pellet_C,pellet,Zr,0.0,,53.0,ppm,1.8
PBP04_powder_1,powder,Al,29.194,0.125,21.507,%,0.076
PBP04_powder_1,powder,Bi,0.0,0.0,18.0,ppm,2.1
PBP04_powder_1,powder,Cu,0.158,0.018,46.0,ppm,1.5
PBP04_powder_1,powder,Fe,13.135,0.04,0.555,%,0.002
PBP04_powder_1,powder,Ga,0.32,0.02,137.0,ppm,1.8
PBP04_powder_1,powder,K,49.951,0.076,3.857,%,0.063
PBP04_powder_1,powder,Mg,0.118,0.045,0.249,%,0.093
PBP04_powder_1,powder,Mn,0.13,0.016,64.0,ppm,5.0
PBP04_powder_1,powder,Nb,0.0,0.0,24.0,ppm,1.4
PBP04_powder_1,powder,Ni,0.433,0.018,8.0,ppm,1.2
PBP04_powder_1,powder,O,0.0,0.0,48.789,%,0.076
PBP04_powder_1,powder,P,0.232,0.009,0.072,%,0.003
PBP04_powder_1,powder,Rb,0.0,0.0,330.0,ppm,2.0
PBP04_powder_1,powder,S,0.488,0.011,0.066,%,0.002
PBP04_powder_1,powder,Si,51.977,0.122,24.779,%,0.057
PBP04_powder_1,powder,Sn,0.0,0.0,14.0,ppm,3.6
PBP04_powder_1,powder,Sr,0.0,0.0,176.0,ppm,1.5
PBP04_powder_1,powder,Ta,0.0,0.0,12.0,ppm,3.8
PBP04_powder_1,powder,Ti,0.0,0.0,358.0,ppm,25.3
PBP04_powder_1,powder,U,0.0,0.0,16.0,ppm,3.2
PBP04_powder_1,powder,Zn,0.109,0.019,25.0,ppm,1.0
PBP04_powder_1,powder,Zr,0.0,0.0,29.0,ppm,1.6
PBP04_powder_2,powder,Al,29.289,0.122,21.571,%,0.074
PBP04_powder_2,powder,Bi,0.0,0.0,17.0,ppm,1.9
PBP04_powder_2,powder,Cu,0.156,0.018,42.0,ppm,1.4
PBP04_powder_2,powder,Fe,12.695,0.039,0.519,%,0.002
PBP04_powder_2,powder,Ga,0.292,0.02,122.0,ppm,1.7
PBP04_powder_2,powder,K,48.536,0.074,3.848,%,0.058
PBP04_powder_2,powder,Mg,0.137,0.043,0.29,%,0.089
PBP04_powder_2,powder,Mn,0.115,0.016,62.0,ppm,4.7
PBP04_powder_2,powder,Nb,0.0,0.0,17.0,ppm,1.2
PBP04_powder_2,powder,Ni,0.425,0.018,6.0,ppm,1.0
PBP04_powder_2,powder,O,0.0,0.0,48.796,%,0.073
PBP04_powder_2,powder,P,0.204,0.009,0.064,%,0.003
PBP04_powder_2,powder,Pb,0.0,0.0,31.0,ppm,3.1
PBP04_powder_2,powder,Rb,0.0,0.0,265.0,ppm,1.8
PBP04_powder_2,powder,S,0.482,0.011,0.065,%,0.002
PBP04_powder_2,powder,Si,51.86,0.118,24.747,%,0.054
PBP04_powder_2,powder,Sr,0.0,0.0,139.0,ppm,1.3
PBP04_powder_2,powder,Th,0.0,0.0,13.0,ppm,2.4
PBP04_powder_2,powder,Ti,0.0,0.0,240.0,ppm,20.9
PBP04_powder_2,powder,Zn,0.065,0.018,24.0,ppm,0.9
PBP04_powder_2,powder,Zr,0.0,0.0,22.0,ppm,1.4
PBP04_powder_3,powder,Al,26.105,0.117,21.562,%,0.08
PBP04_powder_3,powder,Bi,0.0,0.0,18.0,ppm,1.9
PBP04_powder_3,powder,Cu,0.117,0.017,39.0,ppm,1.3
PBP04_powder_3,powder,Fe,11.5,0.037,0.484,%,0.002
PBP04_powder_3,powder,Ga,0.332,0.019,118.0,ppm,1.6
PBP04_powder_3,powder,K,43.15,0.071,3.636,%,0.058
PBP04_powder_3,powder,Mg,0.129,0.043,0.305,%,0.098
PBP04_powder_3,powder,Mn,0.08,0.015,53.0,ppm,4.6
PBP04_powder_3,powder,Nb,0.0,0.0,20.0,ppm,1.2
PBP04_powder_3,powder,Ni,0.397,0.017,6.0,ppm,1.0
PBP04_powder_3,powder,O,0.0,0.0,48.893,%,0.079
PBP04_powder_3,powder,P,0.175,0.008,0.061,%,0.003
PBP04_powder_3,powder,Pb,0.0,0.0,21.0,ppm,3.0
PBP04_powder_3,powder,Pd,0.0,0.0,7.0,ppm,1.6
PBP04_powder_3,powder,Rb,0.0,0.0,283.0,ppm,1.8
PBP04_powder_3,powder,S,0.31,0.01,468.0,ppm,15.0
PBP04_powder_3,powder,Si,46.512,0.113,24.908,%,0.059
PBP04_powder_3,powder,Sn,0.0,0.0,16.0,ppm,3.2
PBP04_powder_3,powder,Sr,0.0,0.0,157.0,ppm,1.3
PBP04_powder_3,powder,Ti,0.0,0.0,242.0,ppm,21.4
PBP04_powder_3,powder,Y,0.0,0.0,6.0,ppm,1.5
PBP04_powder_3,powder,Zn,0.089,0.017,19.0,ppm,0.9
PBP04_powder_3,powder,Zr,0.0,0.0,26.0,ppm,1.4
XPAH20,pellet,Ba,,,0.336,%,0.006
XPAH20,pellet,Ca,1419.256,0.428,36.68,%,0.114
XPAH20,pellet,Cr,0.205,0.019,372.0,ppm,17.9
XPAH20,pellet,Cu,0.388,0.021,27.0,ppm,2.1
XPAH20,pellet,Fe,8.741,0.036,0.838,%,0.004
XPAH20,pellet,La,,,285.0,ppm,60.1
XPAH20,pellet,Mg,0.469,0.11,1.309,%,0.287
XPAH20,pellet,Mn,0.345,0.016,366.0,ppm,13.2
XPAH20,pellet,Ni,2.409,0.062,150.0,ppm,3.8
XPAH20,pellet,O,,,39.191,%,0.118
XPAH20,pellet,P,1.178,0.02,0.308,%,0.005
XPAH20,pellet,Pb,0.291,0.03,0.429,%,0.002
XPAH20,pellet,Rb,,,16.0,ppm,2.2
XPAH20,pellet,S,4.449,0.037,0.534,%,0.005
XPAH20,pellet,Si,44.017,0.126,18.42,%,0.068
XPAH20,pellet,Sn,,,46.0,ppm,8.1
XPAH20,pellet,Sr,,,305.0,ppm,2.7
XPAH20,pellet,Ti,,,1.353,%,0.013
XPAH20,pellet,Zn,5.403,0.03,0.44,%,0.002
XPAH20,pellet,Zr,1.407,0.05,39.0,ppm,2.8
XPAH20,powder,Al,0.29,0.105,0.373,%,0.125
XPAH20,powder,Ba,,,0.44,%,0.016
XPAH20,powder,Ca,1725.84,0.727,52.883,%,0.324
XPAH20,powder,Cr,0.141,0.023,476.0,ppm,55.1
XPAH20,powder,Fe,8.557,0.053,1.204,%,0.014
XPAH20,powder,Mg,0.471,0.179,1.63,%,0.57
XPAH20,powder,Mn,0.414,0.024,0.064,%,0.005
XPAH20,powder,Mo,0.012,0.109,35.0,ppm,8.3
XPAH20,powder,Ni,3.783,0.107,235.0,ppm,13.7
XPAH20,powder,O,,,32.775,%,0.202
XPAH20,powder,Pb,,,0.671,%,0.007
XPAH20,powder,S,8.735,0.065,1.091,%,0.011
XPAH20,powder,Si,9.526,0.105,5.086,%,0.058
XPAH20,powder,Sr,,,448.0,ppm,8.9
XPAH20,powder,Ti,,,2.919,%,0.05
XPAH20,powder,Zn,6.64,0.048,0.736,%,0.006
XPAH20,powder,Zr,1.092,0.084,85.0,ppm,9.2
XPAH26,pellet,Al,0.967,0.04,0.87,%,0.041
XPAH26,pellet,As,,,5.0,ppm,1.4
XPAH26,pellet,Ba,0.022,,309.0,ppm,29.5
XPAH26,pellet,Bi,,,116.0,ppm,4.0
XPAH26,pellet,Br,,,275.0,ppm,7.2
XPAH26,pellet,Ca,351.654,0.176,6.199,%,0.158
XPAH26,pellet,Cl,39.274,0.066,2.562,%,0.065
XPAH26,pellet,Co,0.984,0.025,307.0,ppm,11.4
XPAH26,pellet,Cr,0.393,0.015,207.0,ppm,9.9
XPAH26,pellet,Cu,0.844,0.02,408.0,ppm,10.9
XPAH26,pellet,Fe,19.433,0.043,0.855,%,0.022
XPAH26,pellet,Ga,0.138,0.018,33.0,ppm,2.4
XPAH26,pellet,Ir,,,61.0,ppm,4.5
XPAH26,pellet,Mg,0.626,0.065,1.565,%,0.162
XPAH26,pellet,Mn,0.561,0.016,294.0,ppm,10.3
XPAH26,pellet,Mo,0.312,0.061,0.076,%,0.002
XPAH26,pellet,Na,1.858,0.291,16.566,%,2.094
XPAH26,pellet,Nb,0.285,0.021,9.0,ppm,1.8
XPAH26,pellet,Ni,0.892,0.022,45.0,ppm,2.3
XPAH26,pellet,O,,,41.6,%,1.047
XPAH26,pellet,Pb,,,117.0,ppm,5.1
XPAH26,pellet,Rb,,,21.0,ppm,1.8
XPAH26,pellet,S,7.784,0.032,0.821,%,0.021
XPAH26,pellet,Sb,0.018,,32.0,ppm,6.0
XPAH26,pellet,Si,70.523,0.127,25.394,%,0.64
XPAH26,pellet,Sn,,,92.0,ppm,6.0
XPAH26,pellet,Sr,,,156.0,ppm,4.3
XPAH26,pellet,Ti,,,0.311,%,0.009
XPAH26,pellet,Y,,,13.0,ppm,1.9
XPAH26,pellet,Zn,71.003,0.076,2.925,%,0.074
XPAH26,pellet,Zr,0.305,0.016,64.0,ppm,2.6
XPAH26,powder,Al,1.169,0.048,1.448,%,0.07
XPAH26,powder,Bi,,,158.0,ppm,7.0
XPAH26,powder,Br,,,379.0,ppm,11.0
XPAH26,powder,Ca,439.868,0.283,11.161,%,0.306
XPAH26,powder,Cl,40.35,0.096,3.455,%,0.094
XPAH26,powder,Co,0.876,0.039,476.0,ppm,24.1
XPAH26,powder,Cr,0.086,0.019,91.0,ppm,13.1
XPAH26,powder,Cu,1.116,0.029,0.075,%,0.002
XPAH26,powder,Fe,29.814,0.075,2.372,%,0.065
XPAH26,powder,K,20.868,0.07,1.746,%,0.069
XPAH26,powder,Mg,0.799,0.065,2.686,%,0.223
XPAH26,powder,Mn,0.711,0.022,0.058,%,0.002
XPAH26,powder,Mo,0.222,0.1,0.069,%,0.002
XPAH26,powder,Na,0.834,0.211,10.973,%,2.411
XPAH26,powder,Ni,0.894,0.033,82.0,ppm,4.7
XPAH26,powder,O,,,39.16,%,1.065
XPAH26,powder,Pb,,,105.0,ppm,8.3
XPAH26,powder,Rb,,,28.0,ppm,3.4
XPAH26,powder,S,11.03,0.057,1.489,%,0.041
XPAH26,powder,Sb,,,52.0,ppm,8.6
XPAH26,powder,Si,39.155,0.13,19.753,%,0.54
XPAH26,powder,Sn,,,88.0,ppm,8.5
XPAH26,powder,Sr,,,216.0,ppm,6.7
XPAH26,powder,Ti,,,0.652,%,0.02
XPAH26,powder,Y,,,13.0,ppm,3.3
XPAH26,powder,Zn,76.79,0.116,4.725,%,0.129
XPAH26,powder,Zr,0.229,0.021,87.0,ppm,4.3
XPAH28,pellet,Al,2.93,0.046,2.765,%,0.042
XPAH28,pellet,Ba,,,0.153,%,0.005
XPAH28,pellet,Br,,,203.0,ppm,2.3
XPAH28,pellet,Ca,233.922,0.14,5.043,%,0.027
XPAH28,pellet,Cr,,,91.0,ppm,10.3
XPAH28,pellet,Cs,,,112.0,ppm,38.4
XPAH28,pellet,Cu,3.29,0.023,0.211,%,0.001
XPAH28,pellet,Fe,31.92,0.051,1.833,%,0.005
XPAH28,pellet,K,28.276,0.052,2.372,%,0.052
XPAH28,pellet,Mg,5.652,0.093,11.796,%,0.169
XPAH28,pellet,Mn,0.991,0.017,0.062,%,0.001
XPAH28,pellet,Nb,0.224,0.014,18.0,ppm,2.6
XPAH28,pellet,Ni,0.651,0.018,29.0,ppm,2.1
XPAH28,pellet,O,,,45.354,%,0.095
XPAH28,pellet,Pb,1.248,0.022,2.323,%,0.006
XPAH28,pellet,Rb,,,89.0,ppm,2.5
XPAH28,pellet,S,1.948,0.027,0.232,%,0.003
XPAH28,pellet,Sb,,,61.0,ppm,9.3
XPAH28,pellet,Si,68.52,0.121,27.079,%,0.065
XPAH28,pellet,Sn,0.022,,114.0,ppm,8.6
XPAH28,pellet,Sr,,,264.0,ppm,2.5
XPAH28,pellet,Ti,,,0.395,%,0.006
XPAH28,pellet,V,6.084,0.03,102.0,ppm,27.3
XPAH28,pellet,Zn,4.996,0.025,0.256,%,0.001
XPAH28,pellet,Zr,0.23,0.013,182.0,ppm,3.1
XPAH28,powder,Al,2.343,0.053,2.944,%,0.063
XPAH28,powder,Ba,,,0.178,%,0.007
XPAH28,powder,Br,,,319.0,ppm,4.6
XPAH28,powder,Ca,356.492,0.246,9.615,%,0.055
XPAH28,powder,Cr,0.12,0.02,110.0,ppm,18.3
XPAH28,powder,Cu,3.721,0.035,0.422,%,0.002
XPAH28,powder,Fe,34.774,0.077,2.829,%,0.011
XPAH28,powder,In,,,87.0,ppm,12.6
XPAH28,powder,K,22.407,0.069,2.346,%,0.068
XPAH28,powder,Mg,5.415,0.099,14.488,%,0.221
XPAH28,powder,Mn,1.069,0.023,0.108,%,0.002
XPAH28,powder,Nb,,,24.0,ppm,4.4
XPAH28,powder,Ni,0.675,0.028,47.0,ppm,3.9
XPAH28,powder,O,,,42.249,%,0.122
XPAH28,powder,Os,1.292,0.039,138.0,ppm,24.0
XPAH28,powder,Pb,0.638,0.032,2.943,%,0.01
XPAH28,powder,Pd,,,36.0,ppm,6.0
XPAH28,powder,Rb,,,116.0,ppm,4.7
XPAH28,powder,S,2.211,0.035,0.311,%,0.005
XPAH28,powder,Sb,,,82.0,ppm,14.0
XPAH28,powder,Si,38.483,0.124,20.263,%,0.077
XPAH28,powder,Sn,,,125.0,ppm,13.0
XPAH28,powder,Sr,,,364.0,ppm,4.7
XPAH28,powder,Ti,,,0.65,%,0.012
XPAH28,powder,Zn,6.951,0.039,0.484,%,0.002
XPAH28,powder,Zr,,,207.0,ppm,5.6
XPAH29,pellet,Al,5.845,0.058,5.14,%,0.047
XPAH29,pellet,As,,,10.0,ppm,1.9
XPAH29,pellet,Ba,,,0.052,%,0.004
XPAH29,pellet,Ca,106.11,0.098,2.454,%,0.02
XPAH29,pellet,Cr,,,75.0,ppm,11.1
XPAH29,pellet,Cu,0.146,0.016,62.0,ppm,2.0
XPAH29,pellet,Fe,86.666,0.082,5.458,%,0.01
XPAH29,pellet,Ga,0.056,0.016,36.0,ppm,1.6
XPAH29,pellet,K,61.744,0.075,5.253,%,0.064
XPAH29,pellet,Mg,0.334,0.045,0.832,%,0.109
XPAH29,pellet,Mn,1.567,0.018,0.111,%,0.001
XPAH29,pellet,Nb,,,23.0,ppm,2.4
XPAH29,pellet,Ni,0.536,0.016,46.0,ppm,2.5
XPAH29,pellet,O,,,47.284,%,0.071
XPAH29,pellet,P,0.221,0.011,0.068,%,0.003
XPAH29,pellet,Pb,0.062,0.01,152.0,ppm,5.6
XPAH29,pellet,Rb,,,180.0,ppm,2.4
XPAH29,pellet,S,0.584,0.012,0.079,%,0.002
XPAH29,pellet,Si,83.017,0.134,32.531,%,0.057
XPAH29,pellet,Sn,,,42.0,ppm,7.0
XPAH29,pellet,Sr,,,369.0,ppm,2.5
XPAH29,pellet,Te,,,95.0,ppm,15.0
XPAH29,pellet,Ti,,,0.557,%,0.006
XPAH29,pellet,V,6.331,0.031,149.0,ppm,28.2
XPAH29,pellet,Y,0.019,,56.0,ppm,2.6
XPAH29,pellet,Zn,0.367,0.016,236.0,ppm,2.8
XPAH29,pellet,Zr,,,279.0,ppm,3.0
XPAH29,powder,Al,7.357,0.091,9.036,%,0.104
XPAH29,powder,As,,,39.0,ppm,6.2
XPAH29,powder,Ca,150.105,0.169,4.54,%,0.066
XPAH29,powder,Cu,0.156,0.02,114.0,ppm,7.9
XPAH29,powder,Fe,121.006,0.14,10.405,%,0.043
XPAH29,powder,Ga,0.088,0.021,64.0,ppm,5.3
XPAH29,powder,K,73.099,0.119,8.07,%,0.169
XPAH29,powder,Mg,0.424,0.075,1.452,%,0.25
XPAH29,powder,Mn,2.252,0.027,0.22,%,0.005
XPAH29,powder,Nb,0.22,0.019,42.0,ppm,6.9
XPAH29,powder,Ni,0.455,0.022,67.0,ppm,9.3
XPAH29,powder,O,,,42.958,%,0.15
XPAH29,powder,P,0.236,0.02,0.086,%,0.007
XPAH29,powder,Pb,,,170.0,ppm,19.5
XPAH29,powder,Rb,,,291.0,ppm,8.1
XPAH29,powder,S,1.36,0.022,0.218,%,0.004
XPAH29,powder,Si,37.133,0.134,21.609,%,0.095
XPAH29,powder,Sr,,,0.054,%,0.001
XPAH29,powder,Ti,,,1.192,%,0.023
XPAH29,powder,Y,,,88.0,ppm,8.1
XPAH29,powder,Zn,0.534,0.021,466.0,ppm,11.2
XPAH29,powder,Zr,0.268,0.023,256.0,ppm,9.2
XPAH55,pellet,Al,5.107,0.056,4.516,%,0.047
XPAH55,pellet,As,,,6.0,ppm,1.7
XPAH55,pellet,Ba,,,0.063,%,0.004
XPAH55,pellet,Bi,,,15.0,ppm,3.0
XPAH55,pellet,Ca,142.212,0.112,3.235,%,0.022
XPAH55,pellet,Cr,,,88.0,ppm,11.4
XPAH55,pellet,Cu,0.175,0.015,41.0,ppm,1.9
XPAH55,pellet,Fe,80.608,0.08,5.531,%,0.011
XPAH55,pellet,Ga,0.06,0.015,29.0,ppm,1.6
XPAH55,pellet,K,58.021,0.073,4.772,%,0.062
XPAH55,pellet,Mg,0.333,0.048,0.832,%,0.115
XPAH55,pellet,Mn,1.359,0.017,0.097,%,0.001
XPAH55,pellet,Nb,0.13,0.012,17.0,ppm,2.3
XPAH55,pellet,Ni,0.588,0.016,33.0,ppm,2.2
XPAH55,pellet,O,,,47.258,%,0.072
XPAH55,pellet,P,0.293,0.013,0.09,%,0.004
XPAH55,pellet,Pb,,,108.0,ppm,5.1
XPAH55,pellet,Rb,,,136.0,ppm,2.3
XPAH55,pellet,S,0.396,0.011,0.053,%,0.001
XPAH55,pellet,Si,84.359,0.136,32.769,%,0.059
XPAH55,pellet,Sn,,,38.0,ppm,6.9
XPAH55,pellet,Sr,,,484.0,ppm,2.7
XPAH55,pellet,Ti,,,0.592,%,0.007
XPAH55,pellet,V,5.955,0.031,195.0,ppm,28.4
XPAH55,pellet,Y,,,42.0,ppm,2.5
XPAH55,pellet,Zn,0.253,0.016,153.0,ppm,2.3
XPAH55,pellet,Zr,0.107,0.017,0.053,%,0.0
XPAH55,powder,Al,4.895,0.064,6.455,%,0.079
XPAH55,powder,Ba,,,0.067,%,0.005
XPAH55,powder,Ca,183.888,0.182,6.031,%,0.042
XPAH55,powder,Cu,0.148,0.019,56.0,ppm,3.5
XPAH55,powder,Fe,95.318,0.123,9.492,%,0.025
XPAH55,powder,Ga,0.102,0.02,46.0,ppm,2.9
XPAH55,powder,K,66.281,0.111,7.174,%,0.091
XPAH55,powder,Mg,0.385,0.046,1.416,%,0.163
XPAH55,powder,Mn,1.475,0.024,0.158,%,0.003
XPAH55,powder,Nb,0.212,0.016,40.0,ppm,3.7
XPAH55,powder,Ni,0.455,0.021,46.0,ppm,4.3
XPAH55,powder,O,,,43.395,%,0.098
XPAH55,powder,P,0.386,0.021,0.153,%,0.008
XPAH55,powder,Pb,,,173.0,ppm,9.1
XPAH55,powder,Rb,,,186.0,ppm,4.0
XPAH55,powder,S,0.599,0.016,0.104,%,0.003
XPAH55,powder,Si,40.32,0.125,24.039,%,0.076
XPAH55,powder,Sr,,,0.063,%,0.0
XPAH55,powder,Ti,,,1.277,%,0.014
XPAH55,powder,V,5.157,0.041,273.0,ppm,55.7
XPAH55,powder,Y,,,88.0,ppm,4.3
XPAH55,powder,Zn,0.269,0.02,225.0,ppm,4.6
XPAH55,powder,Zr,0.282,0.026,0.062,%,0.001
XPAH58,pellet,Al,0.354,0.058,0.372,%,0.059
XPAH58,pellet,Ba,,,0.153,%,0.005
XPAH58,pellet,Ca,1218.476,0.376,34.166,%,0.049
XPAH58,pellet,Cr,,,142.0,ppm,15.9
XPAH58,pellet,Cs,,,188.0,ppm,35.3
XPAH58,pellet,Cu,0.358,0.021,235.0,ppm,3.9
XPAH58,pellet,Fe,11.274,0.038,1.155,%,0.004
XPAH58,pellet,Ga,0.065,0.016,12.0,ppm,1.7
XPAH58,pellet,K,13.827,0.051,1.006,%,0.033
XPAH58,pellet,Mn,0.332,0.016,455.0,ppm,13.8
XPAH58,pellet,Nb,0.708,0.029,11.0,ppm,2.9
XPAH58,pellet,Ni,1.779,0.054,73.0,ppm,3.2
XPAH58,pellet,O,,,40.438,%,0.042
XPAH58,pellet,P,2.832,0.042,0.806,%,0.012
XPAH58,pellet,Pb,,,64.0,ppm,6.0
XPAH58,pellet,Rb,,,35.0,ppm,2.6
XPAH58,pellet,S,3.679,0.03,0.482,%,0.004
XPAH58,pellet,Si,47.849,0.125,20.738,%,0.046
XPAH58,pellet,Sr,,,315.0,ppm,2.9
XPAH58,pellet,Te,0.017,,68.0,ppm,19.0
XPAH58,pellet,Ti,,,0.418,%,0.009
XPAH58,pellet,Y,0.018,,27.0,ppm,3.0
XPAH58,pellet,Zn,1.248,0.02,0.093,%,0.001
XPAH58,pellet,Zr,0.789,0.052,107.0,ppm,3.4
XPAH58,powder,Al,0.533,0.069,0.797,%,0.098
XPAH58,powder,Ba,,,0.215,%,0.009
XPAH58,powder,Ca,1422.75,0.607,53.223,%,0.079
XPAH58,powder,Cu,0.345,0.03,423.0,ppm,8.7
XPAH58,powder,Fe,13.336,0.06,2.263,%,0.01
XPAH58,powder,K,13.492,0.078,1.103,%,0.039
XPAH58,powder,Mn,0.386,0.022,0.086,%,0.003
XPAH58,powder,Nb,0.728,0.049,24.0,ppm,5.4
XPAH58,powder,Ni,2.7,0.09,142.0,ppm,7.6
XPAH58,powder,O,,,33.312,%,0.052
XPAH58,powder,P,4.7,0.071,1.487,%,0.021
XPAH58,powder,Pb,,,105.0,ppm,11.9
XPAH58,powder,Rb,,,52.0,ppm,5.1
XPAH58,powder,S,5.327,0.051,0.812,%,0.007
XPAH58,powder,Sb,0.025,,69.0,ppm,17.5
XPAH58,powder,Si,8.837,0.081,5.539,%,0.047
XPAH58,powder,Sr,0.025,,0.057,%,0.001
XPAH58,powder,Ti,,,0.836,%,0.019
XPAH58,powder,Y,0.021,,48.0,ppm,6.1
XPAH58,powder,Zn,1.393,0.028,0.172,%,0.001
XPAH58,powder,Zr,0.98,0.095,112.0,ppm,6.5
