sample_id,method,line_symbol,energy_keV,cts_per_s,error
GPS03,powder,Pb_La1,10.55,105.518,5.423
GPS03,powder,Pb_Lb1,12.613,77.109,3.963
GPS03,powder,Pb_Lb2,12.621,36.295,1.865
GPS03,powder,Pb_Lb3,12.793,9.917,0.51
GPS03,powder,Pb_Lb4,12.306,7.483,0.385
JPL40,powder,Pb_La1,10.55,75.788,5.385
JPL40,powder,Pb_Lb1,12.613,55.5,3.943
JPL40,powder,Pb_Lb2,12.621,26.123,1.856
JPL40,powder,Pb_Lb3,12.793,7.139,0.507
JPL40,powder,Pb_Lb4,12.306,5.384,0.383
JPL40,pellet,Pb_La1,10.55,75.043,2.361
JPL40,pellet,Pb_Lb1,12.613,55.048,1.732
JPL40,pellet,Pb_Lb2,12.621,25.911,0.815
JPL40,pellet,Pb_Lb3,12.793,7.082,0.223
JPL40,pellet,Pb_Lb4,12.306,5.34,0.168
GPS03,pellet,Pb_La1,10.55,73.599,2.411
GPS03,pellet,Pb_Lb1,12.613,53.951,1.767
GPS03,pellet,Pb_Lb2,12.621,25.394,0.832
GPS03,pellet,Pb_Lb3,12.793,6.94,0.227
GPS03,pellet,Pb_Lb4,12.306,5.234,0.171
1590,powder,Pb_La1,10.55,98.933,2.339
1590,powder,Pb_La2,10.449,10.893,0.257
1590,powder,Pb_Lb1,12.613,72.377,1.711
1590,powder,Pb_Lb2,12.621,34.067,0.805
1590,powder,Pb_Lb3,12.793,9.309,0.22
1590,powder,Pb_Lb4,12.306,7.023,0.166
1590,powder,Pb_Lg1,14.764,18.495,0.437
1590,powder,Pb_Ll,9.184,4.154,0.098
sample_id,method,line_symbol,energy_keV,cts_per_s,error
GPS09,powder,Pb_La1,10.55,102.816,5.552
GPS09,powder,Pb_La2,10.449,11.32,0.611
GPS09,powder,Pb_Lb1,12.613,75.242,4.063
GPS09,powder,Pb_Lb2,12.621,35.416,1.912
GPS09,powder,Pb_Lb3,12.793,9.678,0.523
GPS09,powder,Pb_Lb4,12.306,7.301,0.394
GPS09,powder,Pb_Lg1,14.764,19.234,1.039
GPS09,powder,Pb_Ll,9.184,4.315,0.233
sample_id,method,line_symbol,energy_keV,cts_per_s,error
GPS05,powder,Pb_La1,10.55,51.305,5.089
GPS05,powder,Pb_La2,10.449,5.644,0.56
GPS05,powder,Pb_Lb1,12.613,37.987,3.768
GPS05,powder,Pb_Lb2,12.621,17.08,1.774
GPS05,powder,Pb_Lb3,12.793,4.89,0.485
GPS05,powder,Pb_Lb4,12.306,3.681,0.365
GPS05,powder,Pb_Lg1,14.764,9.785,0.971
GPS05,powder,Pb_Ll,9.184,2.121,0.21
sample_id,method,line_symbol,energy_keV,cts_per_s,error
1620,pellet,Pb_La1,10.55,65.864,2.456
1620,pellet,Pb_La2,10.449,7.25,0.27
1620,pellet,Pb_Lb1,12.613,48.37,1.804
1620,pellet,Pb_Lb2,12.621,22.767,0.849
1620,pellet,Pb_Lb3,12.793,6.223,0.232
1620,pellet,Pb_Lb4,12.306,4.691,0.175
1620,pellet,Pb_Lg1,14.764,12.389,0.462
1620,pellet,Pb_Ll,9.184,2.751,0.103
sample_id,method,line_symbol,energy_keV,cts_per_s,error
1620,powder,Pb_La1,10.55,45.775,5.683
1620,powder,Pb_La2,10.449,5.04,0.626
1620,powder,Pb_Lb1,12.613,33.511,4.161
1620,powder,Pb_Lb2,12.621,15.773,1.958
1620,powder,Pb_Lb3,12.793,4.31,0.535
1620,powder,Pb_Lb4,12.306,3.251,0.404
1620,powder,Pb_Lg1,14.764,8.575,1.065
1620,powder,Pb_Ll,9.184,1.919,0.238
GPS09,pellet,Pb_La1,10.55,90.205,2.45
GPS09,pellet,Pb_La2,10.449,9.929,0.27
GPS09,pellet,Pb_Lb1,12.613,66.231,1.799
GPS09,pellet,Pb_Lb2,12.621,31.175,0.847
GPS09,pellet,Pb_Lb3,12.793,8.521,0.231
GPS09,pellet,Pb_Lb4,12.306,6.424,0.174
GPS09,pellet,Pb_Lg1,14.764,16.957,0.461
GPS09,pellet,Pb_Ll,9.184,3.766,0.102
,,,,,
JPL09,powder,Pb_La1,10.55,112.431,5.937
JPL09,powder,Pb_La2,10.449,12.379,0.654
JPL09,powder,Pb_Lb1,12.613,82.266,4.344
JPL09,powder,Pb_Lb2,12.621,38.722,2.045
JPL09,powder,Pb_Lb3,12.793,10.581,0.559
JPL09,powder,Pb_Lb4,12.306,7.982,0.422
JPL09,powder,Pb_Lg1,14.764,21.023,1.11
JPL09,powder,Pb_Ll,9.184,4.72,0.249
,,,,,
JPL11,pellet,Pb_La1,10.55,89.189,2.474
JPL11,pellet,Pb_La2,10.449,9.818,0.272
JPL11,pellet,Pb_Lb1,12.613,65.441,1.815
JPL11,pellet,Pb_Lb2,12.621,30.803,0.854
JPL11,pellet,Pb_Lb3,12.793,8.419,0.234
JPL11,pellet,Pb_Lb4,12.306,6.348,0.176
JPL11,pellet,Pb_Lg1,14.764,16.75,0.465
JPL11,pellet,Pb_Ll,9.184,3.745,0.104
,,,,,
JPL11,powder,Pb_La1,10.55,97.953,5.411
JPL11,powder,Pb_La2,10.449,10.784,0.596
JPL11,powder,Pb_Lb1,12.613,71.716,3.961
JPL11,powder,Pb_Lb2,12.621,33.756,1.865
JPL11,powder,Pb_Lb3,12.793,9.225,0.51
JPL11,powder,Pb_Lb4,12.306,6.958,0.384
JPL11,powder,Pb_Lg1,14.764,18.337,1.013
JPL11,powder,Pb_Ll,9.184,4.127,0.228
,,,,,
JPL15,pellet,Pb_La1,10.55,92.349,2.365
JPL15,pellet,Pb_La2,10.449,10.164,0.26
JPL15,pellet,Pb_Lb1,12.613,67.956,1.74
JPL15,pellet,Pb_Lb2,12.621,31.987,0.819
JPL15,pellet,Pb_Lb3,12.793,8.744,0.224
JPL15,pellet,Pb_Lb4,12.306,6.59,0.169
JPL15,pellet,Pb_Lg1,14.764,17.424,0.446
JPL15,pellet,Pb_Ll,9.184,3.855,0.099
JPL09,pellet,Pb_La1,10.55,69.698,2.454
JPL09,pellet,Pb_La2,10.449,7.672,0.27
JPL09,pellet,Pb_Lb1,12.613,51.202,1.803
JPL09,pellet,Pb_Lb2,12.621,24.101,0.849
JPL09,pellet,Pb_Lb3,12.793,6.587,0.232
JPL09,pellet,Pb_Lb4,12.306,4.966,0.175
JPL09,pellet,Pb_Lg1,14.764,13.118,0.462
JPL09,pellet,Pb_Ll,9.184,2.91,0.102
,,,,,
JPL25,pellet,Pb_La1,10.55,61.098,2.232
JPL25,pellet,Pb_La2,10.449,6.726,0.246
JPL25,pellet,Pb_Lb1,12.613,44.878,1.639
JPL25,pellet,Pb_Lb2,12.621,21.124,0.772
JPL25,pellet,Pb_Lb3,12.793,5.774,0.211
JPL25,pellet,Pb_Lb4,12.306,4.353,0.159
JPL25,pellet,Pb_Lg1,14.764,11.5,0.42
JPL25,pellet,Pb_Ll,9.184,2.55,0.093
,,,,,
JPL18,pellet,Pb_La1,10.55,60.703,2.396
JPL18,pellet,Pb_La2,10.449,6.681,0.264
JPL18,pellet,Pb_Lb1,12.613,44.62,1.761
JPL18,pellet,Pb_Lb2,12.621,21.002,0.829
JPL18,pellet,Pb_Lb3,12.793,5.741,0.227
JPL18,pellet,Pb_Lb4,12.306,4.327,0.171
JPL18,pellet,Pb_Lg1,14.764,11.438,0.451
JPL18,pellet,Pb_Ll,9.184,2.541,0.1
,,,,,
JPL06,pellet,Pb_La1,10.55,52.197,2.278
JPL06,pellet,Pb_La2,10.449,5.745,0.251
JPL06,pellet,Pb_Lb1,12.613,38.387,1.675
JPL06,pellet,Pb_Lb2,12.621,18.068,0.789
JPL06,pellet,Pb_Lb3,12.793,4.939,0.216
JPL06,pellet,Pb_Lb4,12.306,3.723,0.162
JPL06,pellet,Pb_Lg1,14.764,9.844,0.43
JPL06,pellet,Pb_Ll,9.184,2.176,0.095
,,,,,
JPL07,pellet,Pb_La1,10.55,10.529,2.556
JPL07,pellet,Pb_La2,10.449,1.166,0.281
JPL07,pellet,Pb_Lb1,12.613,81.169,1.877
JPL07,pellet,Pb_Lb2,12.621,38.206,0.883
JPL07,pellet,Pb_Lb3,12.793,10.442,0.241
JPL07,pellet,Pb_Lb4,12.306,7.873,0.182
JPL07,pellet,Pb_Lg1,14.764,20.779,0.48
JPL07,pellet,Pb_Ll,9.184,4.631,0.107
JPL29,powder,Pb_La1,10.55,65.792,5.397
JPL29,powder,Pb_La2,10.449,7.243,0.594
JPL29,powder,Pb_Lb1,12.613,48.192,3.953
JPL29,powder,Pb_Lb2,12.621,22.683,1.861
JPL29,powder,Pb_Lb3,12.793,6.199,0.508
JPL29,powder,Pb_Lb4,12.306,4.675,0.384
JPL29,powder,Pb_Lg1,14.764,12.333,1.012
JPL29,powder,Pb_Ll,9.184,2.756,0.226
,,,,,
JPL33,powder,Pb_La1,10.55,64.548,5.642
JPL33,powder,Pb_La2,10.449,7.108,0.621
JPL33,powder,Pb_Lb1,12.613,47.144,4.121
JPL33,powder,Pb_Lb2,12.621,22.19,1.94
JPL33,powder,Pb_Lb3,12.793,6.063,0.53
JPL33,powder,Pb_Lb4,12.306,4.575,0.4
JPL33,powder,Pb_Lg1,14.764,12.044,1.053
JPL33,powder,Pb_Ll,9.184,2.723,0.238
,,,,,
JPL28,powder,Pb_La1,10.55,73.478,3.013
JPL28,powder,Pb_La2,10.449,8.09,0.332
JPL28,powder,Pb_Lb1,12.613,53.812,2.207
JPL28,powder,Pb_Lb2,12.621,25.329,1.039
JPL28,powder,Pb_Lb3,12.793,6.922,0.284
JPL28,powder,Pb_Lb4,12.306,5.221,0.214
JPL28,powder,Pb_Lg1,14.764,13.768,0.565
JPL28,powder,Pb_Ll,9.184,3.08,0.126
,,,,,
JPL28,pellet,Pb_La1,10.55,76.522,3.323
JPL28,pellet,Pb_La2,10.449,8.423,0.256
JPL28,pellet,Pb_Lb1,12.613,56.174,1.705
JPL28,pellet,Pb_Lb2,12.621,26.441,0.803
JPL28,pellet,Pb_Lb3,12.793,7.227,0.219
JPL28,pellet,Pb_Lb4,12.306,5.449,0.165
JPL28,pellet,Pb_Lg1,14.764,14.385,0.437
JPL28,pellet,Pb_Ll,9.184,3.197,0.097
,,,,,
JPL29,pellet,Pb_La1,10.55,76.928,2.276
JPL29,pellet,Pb_La2,10.449,8.468,0.251
JPL29,pellet,Pb_Lb1,12.613,56.451,1.67
JPL29,pellet,Pb_Lb2,12.621,26.571,0.786
JPL29,pellet,Pb_Lb3,12.793,7.262,0.215
JPL29,pellet,Pb_Lb4,12.306,5.476,0.162
JPL29,pellet,Pb_Lg1,14.764,14.452,0.428
JPL29,pellet,Pb_Ll,9.184,3.214,0.095
JPL33,pellet,Pb_La1,10.55,58.693,2.377
JPL33,pellet,Pb_La2,10.449,6.461,0.262
JPL33,pellet,Pb_Lb1,12.613,43.012,1.742
JPL33,pellet,Pb_Lb2,12.621,20.245,0.82
JPL33,pellet,Pb_Lb3,12.793,5.533,0.224
JPL33,pellet,Pb_Lb4,12.306,4.173,0.169
JPL33,pellet,Pb_Lg1,14.764,11.006,0.446
JPL33,pellet,Pb_Ll,9.184,2.464,0.1
,,,,,
JPL40,powder,Pb_La1,10.55,75.788,5.385
JPL40,powder,Pb_La2,10.449,8.344,0.593
JPL40,powder,Pb_Lb1,12.613,55.5,3.943
JPL40,powder,Pb_Lb2,12.621,26.123,1.856
JPL40,powder,Pb_Lb3,12.793,7.139,0.507
JPL40,powder,Pb_Lb4,12.306,5.384,0.383
JPL40,powder,Pb_Lg1,14.764,14.201,1.009
JPL40,powder,Pb_Ll,9.184,3.18,0.226
,,,,,
JPL43,pellet,Pb_La1,10.55,57.019,2.347
JPL43,pellet,Pb_La2,10.449,6.276,0.258
JPL43,pellet,Pb_Lb1,12.613,41.865,1.723
JPL43,pellet,Pb_Lb2,12.621,19.705,0.811
JPL43,pellet,Pb_Lb3,12.793,5.386,0.222
JPL43,pellet,Pb_Lb4,12.306,4.061,0.167
JPL43,pellet,Pb_Lg1,14.764,10.724,0.441
JPL43,pellet,Pb_Ll,9.184,2.382,0.098
,,,,,
JPL40,pellet,Pb_La1,10.55,75.043,2.361
JPL40,pellet,Pb_La2,10.449,8.261,0.26
JPL40,pellet,Pb_Lb1,12.613,55.048,1.732
JPL40,pellet,Pb_Lb2,12.621,25.911,0.815
JPL40,pellet,Pb_Lb3,12.793,7.082,0.223
JPL40,pellet,Pb_Lb4,12.306,5.34,0.168
JPL40,pellet,Pb_Lg1,14.764,14.092,0.443
JPL40,pellet,Pb_Ll,9.184,3.14,0.099
,,,,,
JPL43,powder,Pb_La1,10.55,70.043,5.001
JPL43,powder,Pb_La2,10.449,7.271,0.551
JPL43,powder,Pb_Lb1,12.613,51.323,3.665
JPL43,powder,Pb_Lb2,12.621,24.157,1.725
JPL43,powder,Pb_Lb3,12.793,6.602,0.471
JPL43,powder,Pb_Lb4,12.306,4.979,0.356
JPL43,powder,Pb_Lg1,14.764,13.135,0.938
JPL43,powder,Pb_Ll,9.184,2.934,0.21
JPL50,pellet,Pb_La1,10.55,71.205,2.886
JPL50,pellet,Pb_La2,10.449,7.448,0.252
JPL50,pellet,Pb_Lb1,12.613,52.345,1.679
JPL50,pellet,Pb_Lb2,12.621,24.638,0.79
JPL50,pellet,Pb_Lb3,12.793,6.734,0.216
JPL50,pellet,Pb_Lb4,12.306,5.077,0.163
JPL50,pellet,Pb_Lg1,14.764,13.407,0.43
JPL50,pellet,Pb_Ll,9.184,2.978,0.095
,,,,,
JPL50,powder,Pb_La1,10.55,64.914,5.32
JPL50,powder,Pb_La2,10.449,7.146,0.586
JPL50,powder,Pb_Lb1,12.613,47.571,3.898
JPL50,powder,Pb_Lb2,12.621,22.391,1.835
JPL50,powder,Pb_Lb3,12.793,6.119,0.501
JPL50,powder,Pb_Lb4,12.306,4.615,0.378
JPL50,powder,Pb_Lg1,14.764,12.178,0.998
JPL50,powder,Pb_Ll,9.184,2.722,0.223
,,,,,
JPL48,pellet,Pb_La1,10.55,56.429,2.335
JPL48,pellet,Pb_La2,10.449,6.212,0.257
JPL48,pellet,Pb_Lb1,12.613,41.395,1.713
JPL48,pellet,Pb_Lb2,12.621,19.484,0.806
JPL48,pellet,Pb_Lb3,12.793,5.325,0.22
JPL48,pellet,Pb_Lb4,12.306,4.015,0.166
JPL48,pellet,Pb_Lg1,14.764,10.599,0.439
JPL48,pellet,Pb_Ll,9.184,2.359,0.098
,,,,,
JPL48,powder,Pb_La1,10.55,50.409,5.102
JPL48,powder,Pb_La2,10.449,5.546,0.561
JPL48,powder,Pb_Lb1,12.613,37.343,3.779
JPL48,powder,Pb_Lb2,12.621,17.577,1.779
JPL48,powder,Pb_Lb3,12.793,4.807,0.486
JPL48,powder,Pb_Lb4,12.306,3.618,0.366
JPL48,powder,Pb_Lg1,14.764,9.619,0.973
JPL48,powder,Pb_Ll,9.184,2.082,0.211
JPL51,powder,Pb_La1,10.55,99.443,5.818
JPL51,powder,Pb_La2,10.449,10.939,0.64
JPL51,powder,Pb_Lb1,12.613,73.746,4.314
JPL51,powder,Pb_Lb2,12.621,34.714,2.031
JPL51,powder,Pb_Lb3,12.793,9.493,0.555
JPL51,powder,Pb_Lb4,12.306,7.145,0.418
JPL51,powder,Pb_Lg1,14.764,18.997,1.111
JPL51,powder,Pb_Ll,9.184,4.103,0.24
,,,,,
JPL51,pellet,Pb_La1,10.55,99.289,3.042
JPL51,pellet,Pb_La2,10.449,10.928,0.335
JPL51,pellet,Pb_Lb1,12.613,72.933,2.235
JPL51,pellet,Pb_Lb2,12.621,34.329,1.052
JPL51,pellet,Pb_Lb3,12.793,9.363,0.287
JPL51,pellet,Pb_Lb4,12.306,7.073,0.217
JPL51,pellet,Pb_Lg1,14.764,18.679,0.572
JPL51,pellet,Pb_Ll,9.184,4.146,0.127
,,,,,
JPL58,powder,Pb_La1,10.55,121.828,3.424
JPL58,powder,Pb_La2,10.449,13.411,0.377
JPL58,powder,Pb_Lb1,12.613,89.356,2.511
JPL58,powder,Pb_Lb2,12.621,42.06,1.182
JPL58,powder,Pb_Lb3,12.793,11.495,0.323
JPL58,powder,Pb_Lb4,12.306,8.668,0.244
JPL58,powder,Pb_Lg1,14.764,22.871,0.643
JPL58,powder,Pb_Ll,9.184,5.117,0.144
,,,,,
JPL52,powder,Pb_La1,10.55,60.992,5.171
JPL52,powder,Pb_La2,10.449,6.715,0.569
JPL52,powder,Pb_Lb1,12.613,44.621,3.783
JPL52,powder,Pb_Lb2,12.621,21.003,1.781
JPL52,powder,Pb_Lb3,12.793,5.739,0.487
JPL52,powder,Pb_Lb4,12.306,4.33,0.367
JPL52,powder,Pb_Lg1,14.764,11.408,0.967
JPL52,powder,Pb_Ll,9.184,2.562,0.217
,,,,,
JPL52,pellet,Pb_La1,10.55,47.94,2.264
JPL52,pellet,Pb_La2,10.449,5.277,0.249
JPL52,pellet,Pb_Lb1,12.613,35.206,1.662
JPL52,pellet,Pb_Lb2,12.621,16.571,0.782
JPL52,pellet,Pb_Lb3,12.793,4.529,0.214
JPL52,pellet,Pb_Lb4,12.306,3.415,0.161
JPL52,pellet,Pb_Lg1,14.764,9.02,0.426
JPL52,pellet,Pb_Ll,9.184,2.003,0.095
JPL63,powder,Pb_La1,10.55,116.908,6.069
JPL63,powder,Pb_La2,10.449,12.871,0.668
JPL63,powder,Pb_Lb1,12.613,85.61,4.444
JPL63,powder,Pb_Lb2,12.621,40.296,2.092
JPL63,powder,Pb_Lb3,12.793,11.012,0.572
JPL63,powder,Pb_Lb4,12.306,8.306,0.431
JPL63,powder,Pb_Lg1,14.764,21.89,1.136
JPL63,powder,Pb_Ll,9.184,4.913,0.255
,,,,,
JPL61,pellet,Pb_La1,10.55,98.012,2.738
JPL61,pellet,Pb_La2,10.449,10.789,0.301
JPL61,pellet,Pb_Lb1,12.613,71.921,2.009
JPL61,pellet,Pb_Lb2,12.621,33.853,0.946
JPL61,pellet,Pb_Lb3,12.793,9.252,0.258
JPL61,pellet,Pb_Lb4,12.306,6.976,0.195
JPL61,pellet,Pb_Lg1,14.764,18.409,0.514
JPL61,pellet,Pb_Ll,9.184,4.097,0.114
,,,,,
JPL61,powder,Pb_La1,10.55,123.566,5.835
JPL61,powder,Pb_La2,10.449,13.603,0.642
JPL61,powder,Pb_Lb1,12.613,90.63,4.28
JPL61,powder,Pb_Lb2,12.621,42.659,2.014
JPL61,powder,Pb_Lb3,12.793,11.659,0.551
JPL61,powder,Pb_Lb4,12.306,8.791,0.415
JPL61,powder,Pb_Lg1,14.764,23.193,1.095
JPL61,powder,Pb_Ll,9.184,5.172,0.244
,,,,,
JPL59,pellet,Pb_La1,10.55,101.427,2.562
JPL59,pellet,Pb_La2,10.449,11.164,0.282
JPL59,pellet,Pb_Lb1,12.613,74.524,1.882
JPL59,pellet,Pb_Lb2,12.621,35.079,0.886
JPL59,pellet,Pb_Lb3,12.793,9.588,0.242
JPL59,pellet,Pb_Lb4,12.306,7.228,0.183
JPL59,pellet,Pb_Lg1,14.764,19.086,0.482
JPL59,pellet,Pb_Ll,9.184,4.242,0.107
,,,,,
JPL58,pellet,Pb_La1,10.55,185.964,2.697
JPL58,pellet,Pb_La2,10.449,20.47,0.297
JPL58,pellet,Pb_Lb1,12.613,136.558,1.981
JPL58,pellet,Pb_Lb2,12.621,64.279,0.932
JPL58,pellet,Pb_Lb3,12.793,17.568,0.255
JPL58,pellet,Pb_Lb4,12.306,13.245,0.192
JPL58,pellet,Pb_Lg1,14.764,34.922,0.507
JPL58,pellet,Pb_Ll,9.184,7.848,0.114
JPL73,pellet,Pb_La1,10.55,1126.774,4.915
JPL73,pellet,Pb_La2,10.449,124.055,0.541
JPL73,pellet,Pb_Lb1,12.613,823.754,3.594
JPL73,pellet,Pb_Lb2,12.621,387.861,1.692
JPL73,pellet,Pb_Lb3,12.793,105.94,0.462
JPL73,pellet,Pb_Lb4,12.306,79.945,0.349
JPL73,pellet,Pb_Lg1,14.764,207.805,0.907
JPL73,pellet,Pb_Ll,9.184,48.605,0.212
,,,,,
JPL79,powder,Pb_La1,10.55,727.538,9.874
JPL79,powder,Pb_La2,10.449,80.097,1.087
JPL79,powder,Pb_Lb1,12.613,532.693,7.28
JPL79,powder,Pb_Lb2,12.621,250.778,3.403
JPL79,powder,Pb_Lb3,12.793,68.518,0.93
JPL79,powder,Pb_Lb4,12.306,51.685,0.701
JPL79,powder,Pb_Lg1,14.764,135.35,1.837
JPL79,powder,Pb_Ll,9.184,31.238,0.424
,,,,,
JPL77,powder,Pb_La1,10.55,358.018,7.511
JPL77,powder,Pb_La2,10.449,39.412,0.827
JPL77,powder,Pb_Lb1,12.613,262.54,5.508
JPL77,powder,Pb_Lb2,12.621,123.585,2.593
JPL77,powder,Pb_Lb3,12.793,33.773,0.708
JPL77,powder,Pb_Lb4,12.306,25.468,0.534
JPL77,powder,Pb_Lg1,14.764,67.025,1.406
JPL77,powder,Pb_Ll,9.184,15.204,0.319
,,,,,
JPL68,pellet,Pb_La1,10.55,99.529,2.465
JPL68,pellet,Pb_La2,10.449,10.955,0.271
JPL68,pellet,Pb_Lb1,12.613,73.113,1.811
JPL68,pellet,Pb_Lb2,12.621,34.414,0.852
JPL68,pellet,Pb_Lb3,12.793,9.406,0.233
JPL68,pellet,Pb_Lb4,12.306,7.091,0.176
JPL68,pellet,Pb_Lg1,14.764,18.723,0.464
JPL68,pellet,Pb_Ll,9.184,4.172,0.103
,,,,,
JPL63,pellet,Pb_La1,10.55,107.244,2.548
JPL63,pellet,Pb_La2,10.449,11.805,0.28
JPL63,pellet,Pb_Lb1,12.613,78.69,1.869
JPL63,pellet,Pb_Lb2,12.621,37.039,0.88
JPL63,pellet,Pb_Lb3,12.793,10.123,0.24
JPL63,pellet,Pb_Lb4,12.306,7.633,0.181
JPL63,pellet,Pb_Lg1,14.764,20.135,0.478
JPL63,pellet,Pb_Ll,9.184,4.49,0.107
JPL86,pellet,Pb_La1,10.55,183.501,2.863
JPL86,pellet,Pb_La2,10.449,20.198,0.315
JPL86,pellet,Pb_Lb1,12.613,134.844,2.104
JPL86,pellet,Pb_Lb2,12.621,63.473,0.99
JPL86,pellet,Pb_Lb3,12.793,17.349,0.271
JPL86,pellet,Pb_Lb4,12.306,13.078,0.204
JPL86,pellet,Pb_Lg1,14.764,34.493,0.538
JPL86,pellet,Pb_Ll,9.184,7.722,0.12
JPL86,powder,Pb_La1,10.55,176.873,6.402
JPL86,powder,Pb_La2,10.449,19.472,0.705
JPL86,powder,Pb_Lb1,12.613,129.560,4.689
JPL86,powder,Pb_Lb2,12.621,60.985,2.207
JPL86,powder,Pb_Lb3,12.793,16.666,0.603
JPL86,powder,Pb_Lb4,12.306,12.570,0.455
,,,,,
,,,,,
,,,,,
JPL79,pellet,Pb_La1,10.55,650.564,3.928
JPL79,pellet,Pb_La2,10.449,71.612,0.432
JPL79,pellet,Pb_Lb1,12.613,477.32,2.882
JPL79,pellet,Pb_Lb2,12.621,224.709,1.357
JPL79,pellet,Pb_Lb3,12.793,61.403,0.371
JPL79,pellet,Pb_Lb4,12.306,46.302,0.28
JPL79,pellet,Pb_Lg1,14.764,121.448,0.733
JPL79,pellet,Pb_Ll,9.184,27.821,0.168
,,,,,
JPL77,pellet,Pb_La1,10.55,398.881,3.36
JPL77,pellet,Pb_La2,10.449,43.906,0.37
JPL77,pellet,Pb_Lb1,12.613,292.862,2.467
JPL77,pellet,Pb_Lb2,12.621,137.863,1.161
JPL77,pellet,Pb_Lb3,12.793,37.676,0.317
JPL77,pellet,Pb_Lb4,12.306,20.406,0.239
JPL77,pellet,Pb_Lg1,14.764,74.712,0.629
JPL77,pellet,Pb_Ll,9.184,16.963,0.143
,,,,,
JPL76,pellet,Pb_La1,10.55,463.044,3.627
JPL76,pellet,Pb_La2,10.449,50.972,0.399
JPL76,pellet,Pb_Lb1,12.613,339.626,2.661
JPL76,pellet,Pb_Lb2,12.621,159.88,1.252
JPL76,pellet,Pb_Lb3,12.793,43.689,0.342
JPL76,pellet,Pb_Lb4,12.306,32.946,0.258
JPL76,pellet,Pb_Lg1,14.764,86.536,0.678
JPL76,pellet,Pb_Ll,9.184,19.88,0.156
JPL95,powder,Pb_La1,10.55,63.232,5.618
JPL95,powder,Pb_La2,10.449,6.963,0.619
JPL95,powder,Pb_Lb1,12.613,46.181,4.103
JPL95,powder,Pb_Lb2,12.621,21.737,1.931
JPL95,powder,Pb_Lb3,12.793,5.939,0.528
JPL95,powder,Pb_Lb4,12.306,4.482,0.398
JPL95,powder,Pb_Lg1,14.764,11.797,1.048
JPL95,powder,Pb_Ll,9.184,2.667,0.237
,,,,,
JPL94,pellet,Pb_La1,10.55,84.494,2.457
JPL94,pellet,Pb_La2,10.449,9.304,0.271
JPL94,pellet,Pb_Lb1,12.613,61.938,1.801
JPL94,pellet,Pb_Lb2,12.621,29.154,0.848
JPL94,pellet,Pb_Lb3,12.793,7.968,0.232
JPL94,pellet,Pb_Lb4,12.306,6.009,0.175
JPL94,pellet,Pb_Lg1,14.764,15.844,0.461
JPL94,pellet,Pb_Ll,9.184,3.551,0.103
,,,,,
JPL94,powder,Pb_La1,10.55,76.208,5.729
JPL94,powder,Pb_La2,10.449,8.391,0.631
JPL94,powder,Pb_Lb1,12.613,55.733,4.19
JPL94,powder,Pb_Lb2,12.621,26.233,1.972
JPL94,powder,Pb_Lb3,12.793,7.168,0.539
JPL94,powder,Pb_Lb4,12.306,5.408,0.407
JPL94,powder,Pb_Lg1,14.764,14.245,1.071
JPL94,powder,Pb_Ll,9.184,3.21,0.241
,,,,,
JPL89,pellet,Pb_La1,10.55,106.989,2.551
JPL89,pellet,Pb_La2,10.449,11.777,0.281
JPL89,pellet,Pb_Lb1,12.613,78.562,1.873
JPL89,pellet,Pb_Lb2,12.621,36.979,0.882
JPL89,pellet,Pb_Lb3,12.793,10.107,0.241
JPL89,pellet,Pb_Lb4,12.306,7.62,0.182
JPL89,pellet,Pb_Lg1,14.764,20.111,0.48
JPL89,pellet,Pb_Ll,9.184,4.478,0.107
,,,,,
JPL89,powder,Pb_La1,10.55,99.286,5.585
JPL89,powder,Pb_La2,10.449,10.932,0.615
JPL89,powder,Pb_Lb1,12.613,72.599,4.084
JPL89,powder,Pb_Lb2,12.621,34.172,1.922
JPL89,powder,Pb_Lb3,12.793,9.338,0.525
JPL89,powder,Pb_Lb4,12.306,7.045,0.396
JPL89,powder,Pb_Lg1,14.764,18.546,1.043
JPL89,powder,Pb_Ll,9.184,4.193,0.236
1590,powder,Pb_La1,10.55,98.933,2.339
1590,powder,Pb_La2,10.449,10.893,0.257
1590,powder,Pb_Lb1,12.613,72.377,1.711
1590,powder,Pb_Lb2,12.621,34.067,0.805
1590,powder,Pb_Lb3,12.793,9.309,0.22
1590,powder,Pb_Lb4,12.306,7.023,0.166
1590,powder,Pb_Lg1,14.764,18.495,0.437
1590,powder,Pb_Ll,9.184,4.154,0.098
,,,,,
XPAH26,pellet,Pb_La1,10.55,65.208,2.308
XPAH26,pellet,Pb_La2,10.449,7.182,0.254
XPAH26,pellet,Pb_Lb1,12.613,47.407,1.678
XPAH26,pellet,Pb_Lb2,12.621,22.313,0.79
XPAH26,pellet,Pb_Lb3,12.793,6.095,0.216
XPAH26,pellet,Pb_Lb4,12.306,4.603,0.163
XPAH26,pellet,Pb_Lg1,14.764,12.032,0.426
XPAH26,pellet,Pb_Ll,9.184,3.539,0.125
,,,,,
XPAH26,powder,Pb_La1,10.55,38.164,2.808
XPAH26,powder,Pb_La2,10.449,4.204,0.308
XPAH26,powder,Pb_Lb1,12.613,27.712,2.039
XPAH26,powder,Pb_Lb2,12.621,13.043,0.96
XPAH26,powder,Pb_Lb3,12.793,3.563,0.262
XPAH26,powder,Pb_Lb4,12.306,2.691,0.198
XPAH26,powder,Pb_Lg1,14.764,7.039,0.518
XPAH26,powder,Pb_Ll,9.184,2.078,0.153
,,,,,
XPAH20,pellet,Pb_La1,10.55,1434.603,5.323
XPAH20,pellet,Pb_La2,10.449,157.904,0.586
XPAH20,pellet,Pb_Lb1,12.613,1053.508,3.909
XPAH20,pellet,Pb_Lb2,12.621,496.047,1.841
XPAH20,pellet,Pb_Lb3,12.793,135.531,0.503
XPAH20,pellet,Pb_Lb4,12.306,102.185,0.379
XPAH20,pellet,Pb_Lg1,14.764,266.621,0.989
XPAH20,pellet,Pb_Ll,9.184,60.704,0.225
,,,,,
XPAH20,powder,Pb_La1,10.55,1592.735,13.643
XPAH20,powder,Pb_La2,10.449,175.349,1.502
XPAH20,powder,Pb_Lb1,12.613,1165.231,9.981
XPAH20,powder,Pb_Lb2,12.621,548.707,4.7
XPAH20,powder,Pb_Lb3,12.793,149.866,1.284
XPAH20,powder,Pb_Lb4,12.306,113.072,0.969
XPAH20,powder,Pb_Lg1,14.764,293.061,2.51
XPAH20,powder,Pb_Ll,9.184,68.117,0.583
,,,,,
JPL95,pellet,Pb_La1,10.55,82.307,2.42
JPL95,pellet,Pb_La2,10.449,9.061,0.268
JPL95,pellet,Pb_Lb1,12.613,60.34,1.774
JPL95,pellet,Pb_Lb2,12.621,28.402,0.835
JPL95,pellet,Pb_Lb3,12.793,7.762,0.228
JPL95,pellet,Pb_Lb4,12.306,5.854,0.172
JPL95,pellet,Pb_Lg1,14.764,15.436,0.454
JPL95,pellet,Pb_Ll,9.184,3.447,0.101
XPAH55,powder,Pb_La1,10.55,51.549,2.722
XPAH55,powder,Pb_La2,10.449,5.675,0.3
XPAH55,powder,Pb_Lb1,12.613,37.786,1.995
XPAH55,powder,Pb_Lb2,12.621,17.786,0.939
XPAH55,powder,Pb_Lb3,12.793,4.861,0.257
XPAH55,powder,Pb_Lb4,12.306,3.666,0.194
XPAH55,powder,Pb_Lg1,14.764,9.673,0.511
XPAH55,powder,Pb_Ll,9.184,2.154,0.114
,,,,,
XPAH28,pellet,Pb_La1,10.55,11113.75,13.912
XPAH28,pellet,Pb_La2,10.449,1225.682,1.534
XPAH28,pellet,Pb_Lb1,12.613,7811.862,9.779
XPAH28,pellet,Pb_Lb2,12.621,3689.243,4.618
XPAH28,pellet,Pb_Lb3,12.793,1001.433,1.254
XPAH28,pellet,Pb_Lb4,12.306,762.269,0.954
XPAH28,pellet,Pb_Lg1,14.764,1708.348,2.139
XPAH28,pellet,Pb_Ll,9.184,484.378,0.606
,,,,,
XPAH28,powder,Pb_La1,10.55,3312.368,18.564
XPAH28,powder,Pb_La2,10.449,1027.265,2.048
XPAH28,powder,Pb_Lb1,12.613,6516.097,12.99
XPAH28,powder,Pb_Lb2,12.621,3077.236,6.134
XPAH28,powder,Pb_Lb3,12.793,835.164,1.665
XPAH28,powder,Pb_Lb4,12.306,636.321,1.269
XPAH28,powder,Pb_Lg1,14.764,1422.838,2.836
XPAH28,powder,Pb_Ll,9.184,411.721,0.821
,,,,,
XPAH29,pellet,Pb_La1,10.55,64.945,2.383
XPAH29,pellet,Pb_La2,10.449,7.149,0.262
XPAH29,pellet,Pb_Lb1,12.613,47.704,1.75
XPAH29,pellet,Pb_Lb2,12.621,22.454,0.824
XPAH29,pellet,Pb_Lb3,12.793,6.137,0.225
XPAH29,pellet,Pb_Lb4,12.306,4.627,0.17
XPAH29,pellet,Pb_Lg1,14.764,12.22,0.448
XPAH29,pellet,Pb_Ll,9.184,2.709,0.099
,,,,,
XPAH29,powder,Pb_La1,10.55,48.12,5.508
XPAH29,powder,Pb_La2,10.449,5.297,0.606
XPAH29,powder,Pb_Lb1,12.613,35.27,4.037
XPAH29,powder,Pb_Lb2,12.621,16.601,1.9
XPAH29,powder,Pb_Lb3,12.793,4.537,0.519
XPAH29,powder,Pb_Lb4,12.306,3.422,0.392
XPAH29,powder,Pb_Lg1,14.764,9.031,1.034
XPAH29,powder,Pb_Ll,9.184,2.013,0.23
1639,pellet,Pb_La1,10.55,107.232,2.542
1639,pellet,Pb_La2,10.449,11.802,0.28
1639,pellet,Pb_Lb1,12.613,78.887,1.87
1639,pellet,Pb_Lb2,12.621,37.132,0.88
1639,pellet,Pb_Lb3,12.793,10.15,0.241
1639,pellet,Pb_Lb4,12.306,7.65,0.181
1639,pellet,Pb_Lg1,14.764,20.212,0.479
1639,pellet,Pb_Ll,9.184,4.476,0.106
,,,,,
1606,pellet,Pb_La1,10.55,39.905,2.163
1606,pellet,Pb_La2,10.449,4.392,0.238
1606,pellet,Pb_Lb1,12.613,29.318,1.589
1606,pellet,Pb_Lb2,12.621,13.8,0.748
1606,pellet,Pb_Lb3,12.793,3.772,0.204
1606,pellet,Pb_Lb4,12.306,2.844,0.154
1606,pellet,Pb_Lg1,14.764,7.478,0.405
1606,pellet,Pb_Ll,9.184,1.803,0.098
,,,,,
XPAH58,pellet,Pb_La1,10.55,19.87,1.87
XPAH58,pellet,Pb_La2,10.449,2.187,0.206
XPAH58,pellet,Pb_Lb1,12.613,14.664,1.38
XPAH58,pellet,Pb_Lb2,12.621,6.902,0.649
XPAH58,pellet,Pb_Lb3,12.793,1.887,0.178
XPAH58,pellet,Pb_Lb4,12.306,1.421,0.134
XPAH58,pellet,Pb_Lg1,14.764,3.773,0.355
XPAH58,pellet,Pb_Ll,9.184,0.828,0.078
,,,,,
XPAH58,powder,Pb_La1,10.55,20.856,2.356
XPAH58,powder,Pb_La2,10.449,2.295,0.259
XPAH58,powder,Pb_Lb1,12.613,15.371,1.736
XPAH58,powder,Pb_Lb2,12.621,7.235,0.817
XPAH58,powder,Pb_Lb3,12.793,1.978,0.223
XPAH58,powder,Pb_Lb4,12.306,1.49,0.168
XPAH58,powder,Pb_Lg1,14.764,3.952,0.446
XPAH58,powder,Pb_Ll,9.184,0.871,0.098
,,,,,
XPAH55,pellet,Pb_La1,10.55,46.628,2.205
XPAH55,pellet,Pb_La2,10.449,5.132,0.243
XPAH55,pellet,Pb_Lb1,12.613,34.248,1.62
XPAH55,pellet,Pb_Lb2,12.621,16.12,0.762
XPAH55,pellet,Pb_Lb3,12.793,4.406,0.208
XPAH55,pellet,Pb_Lb4,12.306,3.322,0.157
XPAH55,pellet,Pb_Lg1,14.764,8.774,0.415
XPAH55,pellet,Pb_Ll,9.184,1.944,0.092
Sample,Type,Element_Line,Energy_keV,Intensity_cnts,Err_int
PBP04_C,pellet,Pb_La1,10.55,20.193,2.359
PBP04_C,pellet,Pb_La2,10.449,2.221,0.259
PBP04_C,pellet,Pb_Lb1,12.613,15.011,1.753
PBP04_C,pellet,Pb_Lb2,12.621,7.066,0.825
PBP04_C,pellet,Pb_Lb3,12.793,1.933,0.226
PBP04_C,pellet,Pb_Lb4,12.306,1.454,0.17
PBP04_C,pellet,Pb_Lg1,14.764,3.869,0.452
PBP04_C,pellet,Pb_Ll,9.184,0.831,0.097
PBP04_B,pellet,Pb_La1,10.55,27.493,2.327
PBP04_B,pellet,Pb_La2,10.449,3.023,0.256
PBP04_B,pellet,Pb_Lb1,12.613,20.535,1.738
PBP04_B,pellet,Pb_Lb2,12.621,9.666,0.818
PBP04_B,pellet,Pb_Lb3,12.793,2.645,0.224
PBP04_B,pellet,Pb_Lb4,12.306,1.988,0.168
PBP04_B,pellet,Pb_Lg1,14.764,5.309,0.449
PBP04_B,pellet,Pb_Ll,9.184,1.125,0.095
PBP04_A,pellet,Pb_La1,10.55,22.361,2.425
PBP04_A,pellet,Pb_La2,10.449,2.46,0.267
PBP04_A,pellet,Pb_Lb1,12.613,16.587,1.799
PBP04_A,pellet,Pb_Lb2,12.621,7.808,0.847
PBP04_A,pellet,Pb_Lb3,11.348,0.436,0.047
PBP04_A,pellet,Pb_Lb4,12.306,1.607,0.174
PBP04_A,pellet,Pb_Lg1,14.764,4.27,0.463
PBP04_A,pellet,Pb_Ll,9.184,0.923,0.1
PBP03_C,pellet,Pb_La1,10.55,2058.211,6.715
PBP03_C,pellet,Pb_La2,10.449,226.471,0.739
PBP03_C,pellet,Pb_Lb1,12.613,1514.287,4.94
PBP03_C,pellet,Pb_Lb2,12.621,713.272,2.327
PBP03_C,pellet,Pb_Lb3,12.793,194.802,0.636
PBP03_C,pellet,Pb_Lb4,12.306,146.875,0.479
PBP03_C,pellet,Pb_Lg1,14.764,377.524,1.232
PBP03_C,pellet,Pb_Ll,9.184,85.265,0.278
PBP03_B,pellet,Pb_La1,10.55,2001.846,6.627
PBP03_B,pellet,Pb_La2,10.449,220.237,0.729
PBP03_B,pellet,Pb_Lb1,12.613,1477.232,4.89
PBP03_B,pellet,Pb_Lb2,12.621,695.723,2.303
PBP03_B,pellet,Pb_Lb3,12.793,190.075,0.629
PBP03_B,pellet,Pb_Lb4,12.306,143.228,0.474
PBP03_B,pellet,Pb_Lg1,14.764,370.962,1.228
PBP03_B,pellet,Pb_Ll,9.184,82.734,0.274
Sample,Type,Element_Line,Energy_keV,Intensity_cnts,Err_int
PBP03_A,pellet,Pb_La1,10.55,2007.083,6.55
PBP03_A,pellet,Pb_La2,10.449,220.909,0.721
PBP03_A,pellet,Pb_Lb1,12.613,1469.182,4.794
PBP03_A,pellet,Pb_Lb2,12.621,692.189,2.259
PBP03_A,pellet,Pb_Lb3,12.793,188.921,0.617
PBP03_A,pellet,Pb_Lb4,12.306,142.603,0.465
PBP03_A,pellet,Pb_Lg1,14.764,361.553,1.18
PBP03_A,pellet,Pb_Ll,9.184,83.566,0.273
,,,,,
PBP02_C,pellet,Pb_La1,10.55,1133.865,5.205
PBP02_C,pellet,Pb_La2,10.449,124.755,0.573
PBP02_C,pellet,Pb_Lb1,12.613,835.992,3.838
PBP02_C,pellet,Pb_Lb2,12.621,393.687,1.807
PBP02_C,pellet,Pb_Lb3,12.793,107.562,0.494
PBP02_C,pellet,Pb_Lb4,12.306,81.063,0.372
PBP02_C,pellet,Pb_Lg1,14.764,210.496,0.966
PBP02_C,pellet,Pb_Ll,9.184,46.96,0.216
,,,,,
PBP02_B,pellet,Pb_La1,10.55,1080.461,5.19
PBP02_B,pellet,Pb_La2,10.449,118.856,0.571
PBP02_B,pellet,Pb_Lb1,12.613,799.373,3.84
PBP02_B,pellet,Pb_Lb2,12.621,376.399,1.808
PBP02_B,pellet,Pb_Lb3,12.793,102.877,0.494
PBP02_B,pellet,Pb_Lb4,12.306,77.477,0.372
PBP02_B,pellet,Pb_Lg1,14.764,202.675,0.974
PBP02_B,pellet,Pb_Ll,9.184,44.604,0.214
,,,,,
PBP02_A,pellet,Pb_La1,10.55,1062.05,5.181
PBP02_A,pellet,Pb_La2,10.449,116.835,0.57
PBP02_A,pellet,Pb_Lb1,12.613,785.212,3.83
PBP02_A,pellet,Pb_Lb2,12.621,369.737,1.804
PBP02_A,pellet,Pb_Lb3,12.793,101.05,0.493
PBP02_A,pellet,Pb_Lb4,12.306,76.111,0.371
PBP02_A,pellet,Pb_Lg1,14.764,198.863,0.97
PBP02_A,pellet,Pb_Ll,9.184,43.874,0.214
,,,,,
PBP01_C,pellet,Pb_La1,10.55,248.048,3.226
PBP01_C,pellet,Pb_La2,10.449,27.282,0.355
PBP01_C,pellet,Pb_Lb1,12.613,184.19,2.396
PBP01_C,pellet,Pb_Lb2,12.621,86.705,1.128
PBP01_C,pellet,Pb_Lb3,12.793,23.711,0.308
PBP01_C,pellet,Pb_Lb4,12.306,17.844,0.232
PBP01_C,pellet,Pb_Lg1,14.764,47.307,0.615
PBP01_C,pellet,Pb_Ll,9.184,10.22,0.133
Sample,Type,Element_Line,Energy_keV,Intensity_cnts,Err_int
PBP01_B,pellet,Pb_La1,10.55,239.671,3.212
PBP01_B,pellet,Pb_La2,10.449,26.363,0.353
PBP01_B,pellet,Pb_Lb1,12.613,177.77,2.383
PBP01_B,pellet,Pb_Lb2,12.621,83.684,1.122
PBP01_B,pellet,Pb_Lb3,12.793,22.883,0.307
PBP01_B,pellet,Pb_Lb4,12.306,17.224,0.231
PBP01_B,pellet,Pb_Lg1,14.764,45.612,0.611
PBP01_B,pellet,Pb_Ll,9.184,9.888,0.133
,,,,,
PBP01_A,pellet,Pb_La1,10.55,256.261,3.183
PBP01_A,pellet,Pb_La2,10.449,28.19,0.35
PBP01_A,pellet,Pb_Lb1,12.613,189.861,2.358
PBP01_A,pellet,Pb_Lb2,12.621,89.377,1.11
PBP01_A,pellet,Pb_Lb3,12.793,24.438,0.303
PBP01_A,pellet,Pb_Lb4,12.306,18.398,0.228
PBP01_A,pellet,Pb_Lg1,14.764,48.629,0.604
PBP01_A,pellet,Pb_Ll,9.184,10.587,0.131
,,,,,
PBP04_3,powder,Pb_La1,10.55,16.849,2.389
PBP04_3,powder,Pb_La2,10.449,1.853,0.263
PBP04_3,powder,Pb_Lb1,12.613,12.544,1.778
PBP04_3,powder,Pb_Lb2,12.621,5.905,0.837
PBP04_3,powder,Pb_Lb3,12.793,1.615,0.229
PBP04_3,powder,Pb_Lb4,12.306,1.215,0.172
PBP04_3,powder,Pb_Lg1,14.764,3.238,0.459
PBP04_3,powder,Pb_Ll,9.184,0.692,0.098
,,,,,
PBP04_2,powder,Pb_La1,10.55,23.371,2.342
PBP04_2,powder,Pb_La2,10.449,2.57,0.258
PBP04_2,powder,Pb_Lb1,12.613,17.395,1.743
PBP04_2,powder,Pb_Lb2,12.621,8.188,0.82
PBP04_2,powder,Pb_Lb3,12.793,2.24,0.224
PBP04_2,powder,Pb_Lb4,12.306,1.685,0.169
PBP04_2,powder,Pb_Lg1,14.764,4.489,0.45
PBP04_2,powder,Pb_Ll,9.184,0.961,0.096
,,,,,
PBP04_1,powder,Pb_La1,,,
PBP04_1,powder,Pb_La2,,,
PBP04_1,powder,Pb_Lb1,,,
PBP04_1,powder,Pb_Lb2,,,
PBP04_1,powder,Pb_Lb3,,,
PBP04_1,powder,Pb_Lb4,,,
PBP04_1,powder,Pb_Lg1,,,
PBP04_1,powder,Pb_Ll,,,
Sample,Type,Element_Line,Energy_keV,Intensity_cnts,Err_int
PBP03_3,powder,Pb_La1,10.55,654.224,4.992
PBP03_3,powder,Pb_La2,10.449,71.963,0.549
PBP03_3,powder,Pb_Lb1,12.613,484.751,3.699
PBP03_3,powder,Pb_Lb2,12.621,228.228,1.741
PBP03_3,powder,Pb_Lb3,12.793,62.394,0.476
PBP03_3,powder,Pb_Lb4,12.306,46.973,0.358
PBP03_3,powder,Pb_Lg1,14.764,123.606,0.943
PBP03_3,powder,Pb_Ll,9.184,26.984,0.206
,,,,,
PBP03_2,powder,Pb_La1,10.55,678.617,4.984
PBP03_2,powder,Pb_La2,10.449,74.65,0.548
PBP03_2,powder,Pb_Lb1,12.613,502.398,3.69
PBP03_2,powder,Pb_Lb2,12.621,236.542,1.737
PBP03_2,powder,Pb_Lb3,12.793,64.662,0.475
PBP03_2,powder,Pb_Lb4,12.306,48.688,0.358
PBP03_2,powder,Pb_Lg1,14.764,127.9,0.939
PBP03_2,powder,Pb_Ll,9.184,28.013,0.206
,,,,,
PBP03_1,powder,Pb_La1,10.55,665.617,5.052
PBP03_1,powder,Pb_La2,10.449,72.99,0.556
PBP03_1,powder,Pb_Lb1,12.613,492.38,3.749
PBP03_1,powder,Pb_Lb2,12.621,231.822,1.765
PBP03_1,powder,Pb_Lb3,12.793,63.383,0.483
PBP03_1,powder,Pb_Lb4,12.306,47.704,0.363
PBP03_1,powder,Pb_Lg1,14.764,125.669,0.957
PBP03_1,powder,Pb_Ll,9.184,27.337,0.208
,,,,,
PBP02_3,powder,Pb_La1,10.55,553.264,4.848
PBP02_3,powder,Pb_La2,10.449,60.857,0.533
PBP02_3,powder,Pb_Lb1,12.613,409.305,3.592
PBP02_3,powder,Pb_Lb2,12.621,192.983,1.691
PBP02_3,powder,Pb_Lb3,12.793,52.762,0.462
PBP02_3,powder,Pb_Lb4,12.306,39.718,0.348
PBP02_3,powder,Pb_Lg1,14.764,104.696,0.917
PBP02_3,powder,Pb_Ll,9.184,22.819,0.2
,,,,,
PBP02_2,powder,Pb_La1,10.55,519.175,4.709
PBP02_2,powder,Pb_La2,10.449,57.106,0.518
PBP02_2,powder,Pb_Lb1,12.613,384.871,3.491
PBP02_2,powder,Pb_Lb2,12.621,181.193,1.644
PBP02_2,powder,Pb_Lb3,12.793,49.542,0.449
PBP02_2,powder,Pb_Lb4,12.306,37.29,0.338
PBP02_2,powder,Pb_Lg1,14.764,98.396,0.893
PBP02_2,powder,Pb_Ll,9.184,21.4,0.194
sample_id,method,line,energy_keV,int_cts_s,err_int
PBP02_1,powder,Pb Lα1,10.55,534.873,4.813
PBP02_1,powder,Pb Lα2,10.449,58.83,0.529
PBP02_1,powder,Pb Lβ1,12.613,396.97,3.572
PBP02_1,powder,Pb Lβ2,12.621,186.892,1.682
PBP02_1,powder,Pb Lβ3,12.793,51.102,0.46
PBP02_1,powder,Pb Lβ4,12.306,38.458,0.346
PBP02_1,powder,Pb Lγ1,14.764,101.539,0.914
PBP02_1,powder,Pb Ll,9.184,22.031,0.198
PBP01_3,powder,Pb Lα1,10.55,97.488,3.059
PBP01_3,powder,Pb Lα2,10.449,10.722,0.336
PBP01_3,powder,Pb Lβ1,12.613,72.482,2.275
PBP01_3,powder,Pb Lβ2,12.621,34.119,1.071
PBP01_3,powder,Pb Lβ3,12.793,9.332,0.293
PBP01_3,powder,Pb Lβ4,12.306,7.021,0.22
PBP01_3,powder,Pb Lγ1,14.764,18.678,0.586
PBP01_3,powder,Pb Ll,9.184,4.012,0.126
PBP01_2,powder,Pb Lα1,10.55,134.755,3.108
PBP01_2,powder,Pb Lα2,10.449,14.82,0.342
PBP01_2,powder,Pb Lβ1,12.613,100.245,2.312
PBP01_2,powder,Pb Lβ2,12.621,47.187,1.088
PBP01_2,powder,Pb Lβ3,12.793,12.907,0.298
PBP01_2,powder,Pb Lβ4,12.306,9.709,0.224
PBP01_2,powder,Pb Lγ1,14.764,25.831,0.596
PBP01_2,powder,Pb Ll,9.184,5.542,0.128
PBP01_1,powder,Pb Lα1,10.55,117.592,3.094
PBP01_1,powder,Pb Lα2,10.449,12.932,0.34
PBP01_1,powder,Pb Lβ1,12.613,87.53,2.303
PBP01_1,powder,Pb Lβ2,12.621,41.202,1.084
PBP01_1,powder,Pb Lβ3,12.793,11.27,0.297
PBP01_1,powder,Pb Lβ4,12.306,8.477,0.223
PBP01_1,powder,Pb Lγ1,14.764,22.566,0.594
PBP01_1,powder,Pb Ll,9.184,4.832,0.127
1642,pellet,Pb Lα1,10.55,685.954,3.965
1642,pellet,Pb Lα2,10.449,75.508,0.436
1642,pellet,Pb Lβ1,12.613,503.136,2.908
1642,pellet,Pb Lβ2,12.621,236.868,1.369
1642,pellet,Pb Lβ3,12.793,64.722,0.374
1642,pellet,Pb Lβ4,12.306,48.809,0.282
1642,pellet,Pb Lγ1,14.764,127.848,0.739
1642,pellet,Pb Ll,9.184,29.137,0.168
sample_id,method,line_symbol,energy_keV,cts_per_s,error
JPL15,powder,Pb_La1,10.55,50.699,2.871
JPL15,powder,Pb_La2,10.449,5.582,0.316
JPL15,powder,Pb_Lb1,12.613,37.144,2.103
JPL15,powder,Pb_Lb2,12.621,17.483,0.99
JPL15,powder,Pb_Lb3,12.793,4.778,0.271
JPL15,powder,Pb_Lb4,12.306,3.604,0.204
JPL15,powder,Pb_Lg1,14.764,9.509,0.538
JPL15,powder,Pb_Ll,9.184,2.123,0.12
sample_id,method,line_symbol,energy_keV,cts_per_s,error
JPL18,powder,Pb_La1,10.55,78.879,3.203
JPL18,powder,Pb_La2,10.449,8.685,0.353
JPL18,powder,Pb_Lb1,12.613,57.714,2.344
JPL18,powder,Pb_Lb2,12.621,27.165,1.103
JPL18,powder,Pb_Lb3,12.793,7.423,0.301
JPL18,powder,Pb_Lb4,12.306,5.6,0.227
JPL18,powder,Pb_Lg1,14.764,14.76,0.599
JPL18,powder,Pb_Ll,9.184,3.317,0.135
,,,,,
JPL59,powder,Pb_La1,10.55,124.172,3.491
JPL59,powder,Pb_La2,10.449,13.67,0.384
JPL59,powder,Pb_Lb1,12.613,91.008,2.559
JPL59,powder,Pb_Lb2,12.621,42.837,1.204
JPL59,powder,Pb_Lb3,12.793,11.707,0.329
JPL59,powder,Pb_Lb4,12.306,8.829,0.248
JPL59,powder,Pb_Lg1,14.764,23.278,0.654
JPL59,powder,Pb_Ll,9.184,5.21,0.146
,,,,,
JPL25,powder,Pb_La1,10.55,50.699,2.871
JPL25,powder,Pb_La2,10.449,5.582,0.316
JPL25,powder,Pb_Lb1,12.613,37.144,2.103
JPL25,powder,Pb_Lb2,12.621,17.483,0.99
JPL25,powder,Pb_Lb3,12.793,4.778,0.271
JPL25,powder,Pb_Lb4,12.306,3.604,0.204
JPL25,powder,Pb_Lg1,14.764,9.509,0.538
JPL25,powder,Pb_Ll,9.184,2.123,0.12
sample_id,method,line_symbol,energy_keV,cts_per_s,error
JPL68,powder,Pb_La1,10.55,92.176,3.393
JPL68,powder,Pb_La2,10.449,10.148,0.374
JPL68,powder,Pb_Lb1,12.613,67.476,2.484
JPL68,powder,Pb_Lb2,12.621,31.761,1.169
JPL68,powder,Pb_Lb3,12.793,8.679,0.319
JPL68,powder,Pb_Lb4,12.306,6.547,0.241
JPL68,powder,Pb_Lg1,14.764,17.255,0.635
JPL68,powder,Pb_Ll,9.184,3.887,0.143
,,,,,
1606,powder,Pb_La1,10.55,32.486,2.508
1606,powder,Pb_La2,10.449,3.573,0.276
1606,powder,Pb_Lb1,12.613,24.127,1.863
1606,powder,Pb_Lb2,12.621,11.357,0.877
1606,powder,Pb_Lb3,12.793,3.106,0.24
1606,powder,Pb_Lb4,12.306,2.337,0.18
1606,powder,Pb_Lg1,14.764,6.224,0.481
1606,powder,Pb_Ll,9.184,1.356,0.105
,,,,,
1639,powder,Pb_La1,10.55,121.678,3.551
1639,powder,Pb_La2,10.449,13.394,0.391
1639,powder,Pb_Lb1,12.613,89.28,2.606
1639,powder,Pb_Lb2,12.621,42.024,1.227
1639,powder,Pb_Lb3,12.793,11.485,0.335
1639,powder,Pb_Lb4,12.306,8.66,0.253
1639,powder,Pb_Lg1,14.764,22.844,0.667
1639,powder,Pb_Ll,9.184,5.097,0.149
,,,,,
1601,powder,Pb_La1,10.55,45.032,2.888
1601,powder,Pb_La2,10.449,4.957,0.318
1601,powder,Pb_Lb1,12.613,33.079,2.122
1601,powder,Pb_Lb2,12.621,15.57,0.999
1601,powder,Pb_Lb3,12.793,4.256,0.273
1601,powder,Pb_Lb4,12.306,3.208,0.206
1601,powder,Pb_Lg1,14.764,8.483,0.544
1601,powder,Pb_Ll,9.184,1.883,0.121
,,,,,
JPL73,powder,Pb_La1,10.55,1339.956,7.498
JPL73,powder,Pb_La2,10.449,147.546,0.826
JPL73,powder,Pb_Lb1,12.613,978.166,5.473
JPL73,powder,Pb_Lb2,12.621,460.576,2.577
JPL73,powder,Pb_Lb3,12.793,125.788,0.704
JPL73,powder,Pb_Lb4,12.306,94.945,0.531
JPL73,powder,Pb_Lg1,14.764,246.359,1.378
JPL73,powder,Pb_Ll,9.184,57.847,0.324
JPL76,powder,Pb-La1,10.55,451.6,4.794
JPL76,powder,Pb-La2,10.449,49.717,0.528
JPL76,powder,Pb-Lb1,12.613,330.799,3.512
JPL76,powder,Pb-Lb2,12.621,155.721,1.653
JPL76,powder,Pb-Lb3,12.793,42.551,0.452
JPL76,powder,Pb-Lb4,12.306,32.094,0.341
JPL76,powder,Pb-Leta,11.348,8.75,0.093
JPL76,powder,Pb-Lg1,14.764,84.302,0.895
JPL76,powder,Pb-Ll,9.184,19.403,0.206
JPL07,powder,Pb_La1,10.55,106.062,3.321
JPL07,powder,Pb_La2,10.449,11.676,0.366
JPL07,powder,Pb_Lb1,12.613,77.758,2.434
JPL07,powder,Pb_Lb2,12.621,36.601,1.146
JPL07,powder,Pb_Lb3,12.793,10.003,0.313
JPL07,powder,Pb_Lb4,12.306,7.543,0.236
JPL07,powder,Pb_Lg1,14.764,19.904,0.623
JPL07,powder,Pb_Ll,9.184,4.457,0.14
JPL06,powder,Pb_La1,10.55,54.738,2.951
JPL06,powder,Pb_La2,10.449,6.026,0.325
JPL06,powder,Pb_Lb1,12.613,40.183,2.166
JPL06,powder,Pb_Lb2,12.621,18.91,1.02
JPL06,powder,Pb_Lb3,12.793,5.17,0.279
JPL06,powder,Pb_Lb4,12.306,3.897,0.21
JPL06,powder,Pb_Lg1,14.764,10.3,0.555
JPL06,powder,Pb_Ll,9.184,2.287,0.123