site,longitude,latitude,elev_dem,distance_m
COLUMNA_1_CICRA,-70.124933,-12.565267,246.0,-2166.8
COLUMNA_1_CICRA,-70.124703,-12.565267,244.0,-2141.8
COLUMNA_1_CICRA,-70.124472,-12.565267,242.0,-2116.8
COLUMNA_1_CICRA,-70.124241,-12.565267,241.0,-2091.8
COLUMNA_1_CICRA,-70.12401,-12.565267,244.0,-2066.8
COLUMNA_1_CICRA,-70.12378,-12.565267,244.0,-2041.8
COLUMNA_1_CICRA,-70.123549,-12.565267,243.0,-2016.8
COLUMNA_1_CICRA,-70.123318,-12.565267,241.0,-1991.8
COLUMNA_1_CICRA,-70.123087,-12.565267,240.0,-1966.8
COLUMNA_1_CICRA,-70.122857,-12.565267,243.0,-1941.8
COLUMNA_1_CICRA,-70.122626,-12.565267,243.0,-1916.8
COLUMNA_1_CICRA,-70.122395,-12.565267,243.0,-1891.8
COLUMNA_1_CICRA,-70.122164,-12.565267,243.0,-1866.8
COLUMNA_1_CICRA,-70.121934,-12.565267,241.0,-1841.8
COLUMNA_1_CICRA,-70.121703,-12.565267,242.0,-1816.8
COLUMNA_1_CICRA,-70.121472,-12.565267,245.0,-1791.8
COLUMNA_1_CICRA,-70.121241,-12.565267,248.0,-1766.8
COLUMNA_1_CICRA,-70.121011,-12.565267,248.0,-1741.8
COLUMNA_1_CICRA,-70.12078,-12.565267,248.0,-1716.8
COLUMNA_1_CICRA,-70.120549,-12.565267,247.0,-1691.8
COLUMNA_1_CICRA,-70.120318,-12.565267,246.0,-1666.8
COLUMNA_1_CICRA,-70.120088,-12.565267,245.0,-1641.8
COLUMNA_1_CICRA,-70.119857,-12.565267,246.0,-1616.8
COLUMNA_1_CICRA,-70.119626,-12.565267,246.0,-1591.8
COLUMNA_1_CICRA,-70.119395,-12.565267,246.0,-1566.8
COLUMNA_1_CICRA,-70.119165,-12.565267,245.0,-1541.8
COLUMNA_1_CICRA,-70.118934,-12.565267,244.0,-1516.8
COLUMNA_1_CICRA,-70.118703,-12.565267,244.0,-1491.8
COLUMNA_1_CICRA,-70.118472,-12.565267,244.0,-1466.8
COLUMNA_1_CICRA,-70.118242,-12.565267,243.0,-1441.8
COLUMNA_1_CICRA,-70.118011,-12.565267,243.0,-1416.8
COLUMNA_1_CICRA,-70.11778,-12.565267,244.0,-1391.8
COLUMNA_1_CICRA,-70.117549,-12.565267,245.0,-1366.8
COLUMNA_1_CICRA,-70.117319,-12.565267,244.0,-1341.8
COLUMNA_1_CICRA,-70.117088,-12.565267,244.0,-1316.8
COLUMNA_1_CICRA,-70.116857,-12.565267,240.0,-1291.8
COLUMNA_1_CICRA,-70.116626,-12.565267,238.0,-1266.8
COLUMNA_1_CICRA,-70.116396,-12.565267,237.0,-1241.8
COLUMNA_1_CICRA,-70.116165,-12.565267,238.0,-1216.8
COLUMNA_1_CICRA,-70.115934,-12.565267,241.0,-1191.8
COLUMNA_1_CICRA,-70.115703,-12.565267,241.0,-1166.8
COLUMNA_1_CICRA,-70.115472,-12.565267,245.0,-1141.8
COLUMNA_1_CICRA,-70.115242,-12.565267,244.0,-1116.8
COLUMNA_1_CICRA,-70.115011,-12.565267,241.0,-1091.8
COLUMNA_1_CICRA,-70.11478,-12.565267,239.0,-1066.8
COLUMNA_1_CICRA,-70.114549,-12.565267,236.0,-1041.8
COLUMNA_1_CICRA,-70.114319,-12.565267,236.0,-1016.8
COLUMNA_1_CICRA,-70.114088,-12.565267,236.0,-991.8
COLUMNA_1_CICRA,-70.113857,-12.565267,236.0,-966.8
COLUMNA_1_CICRA,-70.113626,-12.565267,235.0,-941.8
COLUMNA_1_CICRA,-70.113396,-12.565267,237.0,-916.8
COLUMNA_1_CICRA,-70.113165,-12.565267,239.0,-891.8
COLUMNA_1_CICRA,-70.112934,-12.565267,239.0,-866.8
COLUMNA_1_CICRA,-70.112703,-12.565267,241.0,-841.8
COLUMNA_1_CICRA,-70.112473,-12.565267,241.0,-816.8
COLUMNA_1_CICRA,-70.112242,-12.565267,239.0,-791.8
COLUMNA_1_CICRA,-70.112011,-12.565267,238.0,-766.8
COLUMNA_1_CICRA,-70.11178,-12.565267,237.0,-741.8
COLUMNA_1_CICRA,-70.11155,-12.565267,237.0,-716.8
COLUMNA_1_CICRA,-70.111319,-12.565267,236.0,-691.8
COLUMNA_1_CICRA,-70.111088,-12.565267,236.0,-666.8
COLUMNA_1_CICRA,-70.110857,-12.565267,236.0,-641.8
COLUMNA_1_CICRA,-70.110627,-12.565267,238.0,-616.8
COLUMNA_1_CICRA,-70.110396,-12.565267,240.0,-591.8
COLUMNA_1_CICRA,-70.110165,-12.565267,240.0,-566.8
COLUMNA_1_CICRA,-70.109934,-12.565267,240.0,-541.8
COLUMNA_1_CICRA,-70.109704,-12.565267,239.0,-516.8
COLUMNA_1_CICRA,-70.109473,-12.565267,237.0,-491.8
COLUMNA_1_CICRA,-70.109242,-12.565267,233.0,-466.8
COLUMNA_1_CICRA,-70.109011,-12.565267,216.0,-441.8
COLUMNA_1_CICRA,-70.108781,-12.565267,216.0,-416.8
COLUMNA_1_CICRA,-70.10855,-12.565267,216.0,-391.8
COLUMNA_1_CICRA,-70.108319,-12.565267,216.0,-366.8
COLUMNA_1_CICRA,-70.108088,-12.565267,216.0,-341.8
COLUMNA_1_CICRA,-70.107858,-12.565267,216.0,-316.8
COLUMNA_1_CICRA,-70.107627,-12.565267,216.0,-291.8
COLUMNA_1_CICRA,-70.107396,-12.565267,216.0,-266.8
COLUMNA_1_CICRA,-70.107165,-12.565267,216.0,-241.8
COLUMNA_1_CICRA,-70.106935,-12.565267,216.0,-216.8
COLUMNA_1_CICRA,-70.106704,-12.565267,216.0,-191.8
COLUMNA_1_CICRA,-70.106473,-12.565267,216.0,-166.8
COLUMNA_1_CICRA,-70.106242,-12.565267,216.0,-141.8
COLUMNA_1_CICRA,-70.106012,-12.565267,216.0,-116.8
COLUMNA_1_CICRA,-70.105781,-12.565267,216.0,-91.8
COLUMNA_1_CICRA,-70.10555,-12.565267,216.0,-66.8
COLUMNA_1_CICRA,-70.105319,-12.565267,216.0,-41.8
COLUMNA_1_CICRA,-70.105089,-12.565267,216.0,-16.8
COLUMNA_1_CICRA,-70.104858,-12.565267,225.0,8.2
COLUMNA_1_CICRA,-70.104627,-12.565267,225.0,33.2
COLUMNA_1_CICRA,-70.104396,-12.565267,227.0,58.2
COLUMNA_1_CICRA,-70.104166,-12.565267,233.0,83.2
COLUMNA_1_CICRA,-70.103935,-12.565267,242.0,108.2
COLUMNA_1_CICRA,-70.103704,-12.565267,252.0,133.2
COLUMNA_1_CICRA,-70.103473,-12.565267,252.0,158.2
COLUMNA_1_CICRA,-70.103243,-12.565267,262.0,183.2
COLUMNA_1_CICRA,-70.103012,-12.565267,275.0,208.2
COLUMNA_1_CICRA,-70.102781,-12.565267,283.0,233.2
COLUMNA_1_CICRA,-70.10255,-12.565267,286.0,258.2
COLUMNA_1_CICRA,-70.10232,-12.565267,286.0,283.2
COLUMNA_1_CICRA,-70.102089,-12.565267,286.0,308.2
COLUMNA_1_CICRA,-70.101858,-12.565267,287.0,333.2
COLUMNA_1_CICRA,-70.101627,-12.565267,288.0,358.2
COLUMNA_1_CICRA,-70.101397,-12.565267,289.0,383.2
COLUMNA_1_CICRA,-70.101166,-12.565267,288.0,408.2
COLUMNA_1_CICRA,-70.100935,-12.565267,286.0,433.2
COLUMNA_1_CICRA,-70.100704,-12.565267,286.0,458.2
COLUMNA_1_CICRA,-70.100474,-12.565267,286.0,483.2
COLUMNA_1_CICRA,-70.100243,-12.565267,285.0,508.2
COLUMNA_1_CICRA,-70.100012,-12.565267,282.0,533.2
COLUMNA_1_CICRA,-70.099781,-12.565267,279.0,558.2
COLUMNA_1_CICRA,-70.099551,-12.565267,279.0,583.2
COLUMNA_1_CICRA,-70.09932,-12.565267,279.0,608.2
COLUMNA_1_CICRA,-70.099089,-12.565267,279.0,633.2
COLUMNA_1_CICRA,-70.098858,-12.565267,280.0,658.2
COLUMNA_1_CICRA,-70.098628,-12.565267,279.0,683.2
COLUMNA_1_CICRA,-70.098397,-12.565267,278.0,708.2
COLUMNA_1_CICRA,-70.098166,-12.565267,277.0,733.2
COLUMNA_1_CICRA,-70.097935,-12.565267,277.0,758.2
COLUMNA_1_CICRA,-70.097705,-12.565267,277.0,783.2
COLUMNA_1_CICRA,-70.097474,-12.565267,277.0,808.2
COLUMNA_1_CICRA,-70.097243,-12.565267,276.0,833.2
COLUMNA_1_CICRA,-70.097012,-12.565267,278.0,858.2
COLUMNA_1_CICRA,-70.096782,-12.565267,281.0,883.2
COLUMNA_1_CICRA,-70.096551,-12.565267,281.0,908.2
COLUMNA_1_CICRA,-70.09632,-12.565267,282.0,933.2
COLUMNA_1_CICRA,-70.096089,-12.565267,281.0,958.2
COLUMNA_1_CICRA,-70.095859,-12.565267,281.0,983.2
COLUMNA_1_CICRA,-70.095628,-12.565267,281.0,1008.2
COLUMNA_1_CICRA,-70.095397,-12.565267,280.0,1033.2
COLUMNA_1_CICRA,-70.095166,-12.565267,280.0,1058.2
COLUMNA_1_CICRA,-70.094936,-12.565267,279.0,1083.2
COLUMNA_1_CICRA,-70.094705,-12.565267,279.0,1108.2
COLUMNA_1_CICRA,-70.094474,-12.565267,281.0,1133.2
COLUMNA_1_CICRA,-70.094243,-12.565267,282.0,1158.2
COLUMNA_1_CICRA,-70.094013,-12.565267,284.0,1183.2
COLUMNA_1_CICRA,-70.093782,-12.565267,284.0,1208.2
COLUMNA_1_CICRA,-70.093551,-12.565267,284.0,1233.2
COLUMNA_1_CICRA,-70.09332,-12.565267,283.0,1258.2
COLUMNA_1_CICRA,-70.09309,-12.565267,282.0,1283.2
COLUMNA_1_CICRA,-70.092859,-12.565267,282.0,1308.2
COLUMNA_1_CICRA,-70.092628,-12.565267,282.0,1333.2
COLUMNA_1_CICRA,-70.092397,-12.565267,282.0,1358.2
COLUMNA_1_CICRA,-70.092167,-12.565267,280.0,1383.2
COLUMNA_1_CICRA,-70.091936,-12.565267,278.0,1408.2
COLUMNA_1_CICRA,-70.091705,-12.565267,272.0,1433.2
COLUMNA_1_CICRA,-70.091474,-12.565267,266.0,1458.2
COLUMNA_1_CICRA,-70.091244,-12.565267,258.0,1483.2
COLUMNA_1_CICRA,-70.091013,-12.565267,258.0,1508.2
COLUMNA_1_CICRA,-70.090782,-12.565267,252.0,1533.2
COLUMNA_1_CICRA,-70.090551,-12.565267,247.0,1558.2
COLUMNA_1_CICRA,-70.090321,-12.565267,244.0,1583.2
COLUMNA_1_CICRA,-70.09009,-12.565267,244.0,1608.2
COLUMNA_1_CICRA,-70.089859,-12.565267,243.0,1633.2
COLUMNA_1_CICRA,-70.089628,-12.565267,243.0,1658.2
COLUMNA_1_CICRA,-70.089398,-12.565267,242.0,1683.2
COLUMNA_1_CICRA,-70.089167,-12.565267,242.0,1708.2
COLUMNA_1_CICRA,-70.088936,-12.565267,242.0,1733.2
COLUMNA_1_CICRA,-70.088705,-12.565267,241.0,1758.2
COLUMNA_1_CICRA,-70.088475,-12.565267,241.0,1783.2
COLUMNA_1_CICRA,-70.088244,-12.565267,241.0,1808.2
COLUMNA_1_CICRA,-70.088013,-12.565267,243.0,1833.2
COLUMNA_1_CICRA,-70.087782,-12.565267,245.0,1858.2
COLUMNA_1_CICRA,-70.087552,-12.565267,245.0,1883.2
COLUMNA_1_CICRA,-70.087321,-12.565267,242.0,1908.2
COLUMNA_1_CICRA,-70.08709,-12.565267,242.0,1933.2
COLUMNA_1_CICRA,-70.086859,-12.565267,242.0,1958.2
COLUMNA_1_CICRA,-70.086628,-12.565267,243.0,1983.2
COLUMNA_1_CICRA,-70.086398,-12.565267,243.0,2008.2
COLUMNA_1_CICRA,-70.086167,-12.565267,244.0,2033.2
COLUMNA_1_CICRA,-70.085936,-12.565267,246.0,2058.2
COLUMNA_1_CICRA,-70.085705,-12.565267,246.0,2083.2
COLUMNA_1_CICRA,-70.085475,-12.565267,246.0,2108.2
COLUMNA_1_CICRA,-70.085244,-12.565267,243.0,2133.2
COLUMNA_1_CICRA,-70.085013,-12.565267,240.0,2158.2
COLUMNA_4_CICRA,-70.121855,-12.569049,242.0,-2166.8
COLUMNA_4_CICRA,-70.121624,-12.569049,243.0,-2141.8
COLUMNA_4_CICRA,-70.121393,-12.569049,244.0,-2116.8
COLUMNA_4_CICRA,-70.121163,-12.569049,244.0,-2091.8
COLUMNA_4_CICRA,-70.120932,-12.569049,243.0,-2066.8
COLUMNA_4_CICRA,-70.120701,-12.569049,243.0,-2041.8
COLUMNA_4_CICRA,-70.12047,-12.569049,244.0,-2016.8
COLUMNA_4_CICRA,-70.12024,-12.569049,246.0,-1991.8
COLUMNA_4_CICRA,-70.120009,-12.569049,246.0,-1966.8
COLUMNA_4_CICRA,-70.119778,-12.569049,246.0,-1941.8
COLUMNA_4_CICRA,-70.119547,-12.569049,246.0,-1916.8
COLUMNA_4_CICRA,-70.119317,-12.569049,246.0,-1891.8
COLUMNA_4_CICRA,-70.119086,-12.569049,244.0,-1866.8
COLUMNA_4_CICRA,-70.118855,-12.569049,243.0,-1841.8
COLUMNA_4_CICRA,-70.118624,-12.569049,242.0,-1816.8
COLUMNA_4_CICRA,-70.118394,-12.569049,243.0,-1791.8
COLUMNA_4_CICRA,-70.118163,-12.569049,244.0,-1766.8
COLUMNA_4_CICRA,-70.117932,-12.569049,244.0,-1741.8
COLUMNA_4_CICRA,-70.117701,-12.569049,244.0,-1716.8
COLUMNA_4_CICRA,-70.117471,-12.569049,244.0,-1691.8
COLUMNA_4_CICRA,-70.11724,-12.569049,243.0,-1666.8
COLUMNA_4_CICRA,-70.117009,-12.569049,244.0,-1641.8
COLUMNA_4_CICRA,-70.116778,-12.569049,245.0,-1616.8
COLUMNA_4_CICRA,-70.116547,-12.569049,245.0,-1591.8
COLUMNA_4_CICRA,-70.116317,-12.569049,245.0,-1566.8
COLUMNA_4_CICRA,-70.116086,-12.569049,244.0,-1541.8
COLUMNA_4_CICRA,-70.115855,-12.569049,243.0,-1516.8
COLUMNA_4_CICRA,-70.115624,-12.569049,242.0,-1491.8
COLUMNA_4_CICRA,-70.115394,-12.569049,242.0,-1466.8
COLUMNA_4_CICRA,-70.115163,-12.569049,242.0,-1441.8
COLUMNA_4_CICRA,-70.114932,-12.569049,241.0,-1416.8
COLUMNA_4_CICRA,-70.114701,-12.569049,240.0,-1391.8
COLUMNA_4_CICRA,-70.114471,-12.569049,239.0,-1366.8
COLUMNA_4_CICRA,-70.11424,-12.569049,238.0,-1341.8
COLUMNA_4_CICRA,-70.114009,-12.569049,236.0,-1316.8
COLUMNA_4_CICRA,-70.113778,-12.569049,236.0,-1291.8
COLUMNA_4_CICRA,-70.113548,-12.569049,233.0,-1266.8
COLUMNA_4_CICRA,-70.113317,-12.569049,230.0,-1241.8
COLUMNA_4_CICRA,-70.113086,-12.569049,229.0,-1216.8
COLUMNA_4_CICRA,-70.112855,-12.569049,229.0,-1191.8
COLUMNA_4_CICRA,-70.112625,-12.569049,216.0,-1166.8
COLUMNA_4_CICRA,-70.112394,-12.569049,216.0,-1141.8
COLUMNA_4_CICRA,-70.112163,-12.569049,216.0,-1116.8
COLUMNA_4_CICRA,-70.111932,-12.569049,216.0,-1091.8
COLUMNA_4_CICRA,-70.111702,-12.569049,216.0,-1066.8
COLUMNA_4_CICRA,-70.111471,-12.569049,216.0,-1041.8
COLUMNA_4_CICRA,-70.11124,-12.569049,216.0,-1016.8
COLUMNA_4_CICRA,-70.111009,-12.569049,216.0,-991.8
COLUMNA_4_CICRA,-70.110779,-12.569049,216.0,-966.8
COLUMNA_4_CICRA,-70.110548,-12.569049,216.0,-941.8
COLUMNA_4_CICRA,-70.110317,-12.569049,216.0,-916.8
COLUMNA_4_CICRA,-70.110086,-12.569049,216.0,-891.8
COLUMNA_4_CICRA,-70.109856,-12.569049,216.0,-866.8
COLUMNA_4_CICRA,-70.109625,-12.569049,216.0,-841.8
COLUMNA_4_CICRA,-70.109394,-12.569049,224.0,-816.8
COLUMNA_4_CICRA,-70.109163,-12.569049,229.0,-791.8
COLUMNA_4_CICRA,-70.108933,-12.569049,234.0,-766.8
COLUMNA_4_CICRA,-70.108702,-12.569049,238.0,-741.8
COLUMNA_4_CICRA,-70.108471,-12.569049,241.0,-716.8
COLUMNA_4_CICRA,-70.10824,-12.569049,241.0,-691.8
COLUMNA_4_CICRA,-70.10801,-12.569049,240.0,-666.8
COLUMNA_4_CICRA,-70.107779,-12.569049,237.0,-641.8
COLUMNA_4_CICRA,-70.107548,-12.569049,235.0,-616.8
COLUMNA_4_CICRA,-70.107317,-12.569049,236.0,-591.8
COLUMNA_4_CICRA,-70.107087,-12.569049,236.0,-566.8
COLUMNA_4_CICRA,-70.106856,-12.569049,236.0,-541.8
COLUMNA_4_CICRA,-70.106625,-12.569049,237.0,-516.8
COLUMNA_4_CICRA,-70.106394,-12.569049,239.0,-491.8
COLUMNA_4_CICRA,-70.106164,-12.569049,240.0,-466.8
COLUMNA_4_CICRA,-70.105933,-12.569049,242.0,-441.8
COLUMNA_4_CICRA,-70.105702,-12.569049,242.0,-416.8
COLUMNA_4_CICRA,-70.105471,-12.569049,242.0,-391.8
COLUMNA_4_CICRA,-70.10524,-12.569049,241.0,-366.8
COLUMNA_4_CICRA,-70.10501,-12.569049,239.0,-341.8
COLUMNA_4_CICRA,-70.104779,-12.569049,236.0,-316.8
COLUMNA_4_CICRA,-70.104548,-12.569049,236.0,-291.8
COLUMNA_4_CICRA,-70.104317,-12.569049,236.0,-266.8
COLUMNA_4_CICRA,-70.104087,-12.569049,236.0,-241.8
COLUMNA_4_CICRA,-70.103856,-12.569049,216.0,-216.8
COLUMNA_4_CICRA,-70.103625,-12.569049,216.0,-191.8
COLUMNA_4_CICRA,-70.103394,-12.569049,216.0,-166.8
COLUMNA_4_CICRA,-70.103164,-12.569049,216.0,-141.8
COLUMNA_4_CICRA,-70.102933,-12.569049,216.0,-116.8
COLUMNA_4_CICRA,-70.102702,-12.569049,216.0,-91.8
COLUMNA_4_CICRA,-70.102471,-12.569049,216.0,-66.8
COLUMNA_4_CICRA,-70.102241,-12.569049,223.0,-41.8
COLUMNA_4_CICRA,-70.10201,-12.569049,227.0,-16.8
COLUMNA_4_CICRA,-70.101779,-12.569049,241.0,8.2
COLUMNA_4_CICRA,-70.101548,-12.569049,241.0,33.2
COLUMNA_4_CICRA,-70.101318,-12.569049,258.0,58.2
COLUMNA_4_CICRA,-70.101087,-12.569049,267.0,83.2
COLUMNA_4_CICRA,-70.100856,-12.569049,271.0,108.2
COLUMNA_4_CICRA,-70.100625,-12.569049,272.0,133.2
COLUMNA_4_CICRA,-70.100395,-12.569049,271.0,158.2
COLUMNA_4_CICRA,-70.100164,-12.569049,271.0,183.2
COLUMNA_4_CICRA,-70.099933,-12.569049,270.0,208.2
COLUMNA_4_CICRA,-70.099702,-12.569049,271.0,233.2
COLUMNA_4_CICRA,-70.099472,-12.569049,271.0,258.2
COLUMNA_4_CICRA,-70.099241,-12.569049,271.0,283.2
COLUMNA_4_CICRA,-70.09901,-12.569049,273.0,308.2
COLUMNA_4_CICRA,-70.098779,-12.569049,273.0,333.2
COLUMNA_4_CICRA,-70.098549,-12.569049,275.0,358.2
COLUMNA_4_CICRA,-70.098318,-12.569049,276.0,383.2
COLUMNA_4_CICRA,-70.098087,-12.569049,275.0,408.2
COLUMNA_4_CICRA,-70.097856,-12.569049,274.0,433.2
COLUMNA_4_CICRA,-70.097626,-12.569049,272.0,458.2
COLUMNA_4_CICRA,-70.097395,-12.569049,272.0,483.2
COLUMNA_4_CICRA,-70.097164,-12.569049,267.0,508.2
COLUMNA_4_CICRA,-70.096933,-12.569049,263.0,533.2
COLUMNA_4_CICRA,-70.096703,-12.569049,261.0,558.2
COLUMNA_4_CICRA,-70.096472,-12.569049,261.0,583.2
COLUMNA_4_CICRA,-70.096241,-12.569049,264.0,608.2
COLUMNA_4_CICRA,-70.09601,-12.569049,264.0,633.2
COLUMNA_4_CICRA,-70.09578,-12.569049,269.0,658.2
COLUMNA_4_CICRA,-70.095549,-12.569049,275.0,683.2
COLUMNA_4_CICRA,-70.095318,-12.569049,277.0,708.2
COLUMNA_4_CICRA,-70.095087,-12.569049,277.0,733.2
COLUMNA_4_CICRA,-70.094856,-12.569049,274.0,758.2
COLUMNA_4_CICRA,-70.094626,-12.569049,274.0,783.2
COLUMNA_4_CICRA,-70.094395,-12.569049,272.0,808.2
COLUMNA_4_CICRA,-70.094164,-12.569049,269.0,833.2
COLUMNA_4_CICRA,-70.093933,-12.569049,263.0,858.2
COLUMNA_4_CICRA,-70.093703,-12.569049,258.0,883.2
COLUMNA_4_CICRA,-70.093472,-12.569049,252.0,908.2
COLUMNA_4_CICRA,-70.093241,-12.569049,252.0,933.2
COLUMNA_4_CICRA,-70.09301,-12.569049,244.0,958.2
COLUMNA_4_CICRA,-70.09278,-12.569049,243.0,983.2
COLUMNA_4_CICRA,-70.092549,-12.569049,243.0,1008.2
COLUMNA_4_CICRA,-70.092318,-12.569049,242.0,1033.2
COLUMNA_4_CICRA,-70.092087,-12.569049,242.0,1058.2
COLUMNA_4_CICRA,-70.091857,-12.569049,242.0,1083.2
COLUMNA_4_CICRA,-70.091626,-12.569049,242.0,1108.2
COLUMNA_4_CICRA,-70.091395,-12.569049,241.0,1133.2
COLUMNA_4_CICRA,-70.091164,-12.569049,242.0,1158.2
COLUMNA_4_CICRA,-70.090934,-12.569049,242.0,1183.2
COLUMNA_4_CICRA,-70.090703,-12.569049,242.0,1208.2
COLUMNA_4_CICRA,-70.090472,-12.569049,239.0,1233.2
COLUMNA_4_CICRA,-70.090241,-12.569049,238.0,1258.2
COLUMNA_4_CICRA,-70.090011,-12.569049,239.0,1283.2
COLUMNA_4_CICRA,-70.08978,-12.569049,242.0,1308.2
COLUMNA_4_CICRA,-70.089549,-12.569049,247.0,1333.2
COLUMNA_4_CICRA,-70.089318,-12.569049,247.0,1358.2
COLUMNA_4_CICRA,-70.089088,-12.569049,251.0,1383.2
COLUMNA_4_CICRA,-70.088857,-12.569049,250.0,1408.2
COLUMNA_4_CICRA,-70.088626,-12.569049,249.0,1433.2
COLUMNA_4_CICRA,-70.088395,-12.569049,248.0,1458.2
COLUMNA_4_CICRA,-70.088165,-12.569049,248.0,1483.2
COLUMNA_4_CICRA,-70.087934,-12.569049,248.0,1508.2
COLUMNA_4_CICRA,-70.087703,-12.569049,247.0,1533.2
COLUMNA_4_CICRA,-70.087472,-12.569049,244.0,1558.2
COLUMNA_4_CICRA,-70.087242,-12.569049,241.0,1583.2
COLUMNA_4_CICRA,-70.087011,-12.569049,239.0,1608.2
COLUMNA_4_CICRA,-70.08678,-12.569049,238.0,1633.2
COLUMNA_4_CICRA,-70.086549,-12.569049,238.0,1658.2
COLUMNA_4_CICRA,-70.086319,-12.569049,235.0,1683.2
COLUMNA_4_CICRA,-70.086088,-12.569049,234.0,1708.2
COLUMNA_4_CICRA,-70.085857,-12.569049,236.0,1733.2
COLUMNA_4_CICRA,-70.085626,-12.569049,239.0,1758.2
COLUMNA_4_CICRA,-70.085396,-12.569049,243.0,1783.2
COLUMNA_4_CICRA,-70.085165,-12.569049,243.0,1808.2
COLUMNA_4_CICRA,-70.084934,-12.569049,246.0,1833.2
COLUMNA_4_CICRA,-70.084703,-12.569049,244.0,1858.2
COLUMNA_4_CICRA,-70.084472,-12.569049,239.0,1883.2
COLUMNA_4_CICRA,-70.084242,-12.569049,236.0,1908.2
COLUMNA_4_CICRA,-70.084011,-12.569049,239.0,1933.2
COLUMNA_4_CICRA,-70.08378,-12.569049,239.0,1958.2
COLUMNA_4_CICRA,-70.083549,-12.569049,243.0,1983.2
COLUMNA_4_CICRA,-70.083319,-12.569049,245.0,2008.2
COLUMNA_4_CICRA,-70.083088,-12.569049,245.0,2033.2
COLUMNA_4_CICRA,-70.082857,-12.569049,245.0,2058.2
COLUMNA_4_CICRA,-70.082626,-12.569049,245.0,2083.2
COLUMNA_4_CICRA,-70.082396,-12.569049,245.0,2108.2
COLUMNA_4_CICRA,-70.082165,-12.569049,246.0,2133.2
COLUMNA_4_CICRA,-70.081934,-12.569049,246.0,2158.2
COLUMNA_5_LOS_AMIGOS,-70.110633,-12.557217,246.0,-2166.9
COLUMNA_5_LOS_AMIGOS,-70.110403,-12.557217,246.0,-2141.9
COLUMNA_5_LOS_AMIGOS,-70.110172,-12.557217,246.0,-2116.9
COLUMNA_5_LOS_AMIGOS,-70.109941,-12.557217,246.0,-2091.9
COLUMNA_5_LOS_AMIGOS,-70.10971,-12.557217,244.0,-2066.9
COLUMNA_5_LOS_AMIGOS,-70.10948,-12.557217,249.0,-2041.9
COLUMNA_5_LOS_AMIGOS,-70.109249,-12.557217,260.0,-2016.9
COLUMNA_5_LOS_AMIGOS,-70.109018,-12.557217,275.0,-1991.9
COLUMNA_5_LOS_AMIGOS,-70.108787,-12.557217,275.0,-1966.9
COLUMNA_5_LOS_AMIGOS,-70.108557,-12.557217,288.0,-1941.9
COLUMNA_5_LOS_AMIGOS,-70.108326,-12.557217,291.0,-1916.9
COLUMNA_5_LOS_AMIGOS,-70.108095,-12.557217,293.0,-1891.9
COLUMNA_5_LOS_AMIGOS,-70.107864,-12.557217,292.0,-1866.9
COLUMNA_5_LOS_AMIGOS,-70.107634,-12.557217,288.0,-1841.9
COLUMNA_5_LOS_AMIGOS,-70.107403,-12.557217,288.0,-1816.9
COLUMNA_5_LOS_AMIGOS,-70.107172,-12.557217,286.0,-1791.9
COLUMNA_5_LOS_AMIGOS,-70.106941,-12.557217,284.0,-1766.9
COLUMNA_5_LOS_AMIGOS,-70.106711,-12.557217,283.0,-1741.9
COLUMNA_5_LOS_AMIGOS,-70.10648,-12.557217,285.0,-1716.9
COLUMNA_5_LOS_AMIGOS,-70.106249,-12.557217,289.0,-1691.9
COLUMNA_5_LOS_AMIGOS,-70.106018,-12.557217,289.0,-1666.9
COLUMNA_5_LOS_AMIGOS,-70.105788,-12.557217,290.0,-1641.9
COLUMNA_5_LOS_AMIGOS,-70.105557,-12.557217,290.0,-1616.9
COLUMNA_5_LOS_AMIGOS,-70.105326,-12.557217,290.0,-1591.9
COLUMNA_5_LOS_AMIGOS,-70.105095,-12.557217,292.0,-1566.9
COLUMNA_5_LOS_AMIGOS,-70.104865,-12.557217,292.0,-1541.9
COLUMNA_5_LOS_AMIGOS,-70.104634,-12.557217,293.0,-1516.9
COLUMNA_5_LOS_AMIGOS,-70.104403,-12.557217,293.0,-1491.9
COLUMNA_5_LOS_AMIGOS,-70.104172,-12.557217,292.0,-1466.9
COLUMNA_5_LOS_AMIGOS,-70.103942,-12.557217,291.0,-1441.9
COLUMNA_5_LOS_AMIGOS,-70.103711,-12.557217,291.0,-1416.9
COLUMNA_5_LOS_AMIGOS,-70.10348,-12.557217,291.0,-1391.9
COLUMNA_5_LOS_AMIGOS,-70.103249,-12.557217,291.0,-1366.9
COLUMNA_5_LOS_AMIGOS,-70.103019,-12.557217,290.0,-1341.9
COLUMNA_5_LOS_AMIGOS,-70.102788,-12.557217,289.0,-1316.9
COLUMNA_5_LOS_AMIGOS,-70.102557,-12.557217,289.0,-1291.9
COLUMNA_5_LOS_AMIGOS,-70.102327,-12.557217,290.0,-1266.9
COLUMNA_5_LOS_AMIGOS,-70.102096,-12.557217,290.0,-1241.9
COLUMNA_5_LOS_AMIGOS,-70.101865,-12.557217,291.0,-1216.9
COLUMNA_5_LOS_AMIGOS,-70.101634,-12.557217,293.0,-1191.9
COLUMNA_5_LOS_AMIGOS,-70.101404,-12.557217,296.0,-1166.9
COLUMNA_5_LOS_AMIGOS,-70.101173,-12.557217,297.0,-1141.9
COLUMNA_5_LOS_AMIGOS,-70.100942,-12.557217,294.0,-1116.9
COLUMNA_5_LOS_AMIGOS,-70.100711,-12.557217,294.0,-1091.9
COLUMNA_5_LOS_AMIGOS,-70.100481,-12.557217,289.0,-1066.9
COLUMNA_5_LOS_AMIGOS,-70.10025,-12.557217,284.0,-1041.9
COLUMNA_5_LOS_AMIGOS,-70.100019,-12.557217,281.0,-1016.9
COLUMNA_5_LOS_AMIGOS,-70.099788,-12.557217,282.0,-991.9
COLUMNA_5_LOS_AMIGOS,-70.099558,-12.557217,286.0,-966.9
COLUMNA_5_LOS_AMIGOS,-70.099327,-12.557217,286.0,-941.9
COLUMNA_5_LOS_AMIGOS,-70.099096,-12.557217,290.0,-916.9
COLUMNA_5_LOS_AMIGOS,-70.098865,-12.557217,291.0,-891.9
COLUMNA_5_LOS_AMIGOS,-70.098635,-12.557217,291.0,-866.9
COLUMNA_5_LOS_AMIGOS,-70.098404,-12.557217,291.0,-841.9
COLUMNA_5_LOS_AMIGOS,-70.098173,-12.557217,291.0,-816.9
COLUMNA_5_LOS_AMIGOS,-70.097942,-12.557217,291.0,-791.9
COLUMNA_5_LOS_AMIGOS,-70.097712,-12.557217,289.0,-766.9
COLUMNA_5_LOS_AMIGOS,-70.097481,-12.557217,287.0,-741.9
COLUMNA_5_LOS_AMIGOS,-70.09725,-12.557217,284.0,-716.9
COLUMNA_5_LOS_AMIGOS,-70.097019,-12.557217,278.0,-691.9
COLUMNA_5_LOS_AMIGOS,-70.096789,-12.557217,274.0,-666.9
COLUMNA_5_LOS_AMIGOS,-70.096558,-12.557217,274.0,-641.9
COLUMNA_5_LOS_AMIGOS,-70.096327,-12.557217,265.0,-616.9
COLUMNA_5_LOS_AMIGOS,-70.096096,-12.557217,254.0,-591.9
COLUMNA_5_LOS_AMIGOS,-70.095866,-12.557217,247.0,-566.9
COLUMNA_5_LOS_AMIGOS,-70.095635,-12.557217,245.0,-541.9
COLUMNA_5_LOS_AMIGOS,-70.095404,-12.557217,246.0,-516.9
COLUMNA_5_LOS_AMIGOS,-70.095173,-12.557217,246.0,-491.9
COLUMNA_5_LOS_AMIGOS,-70.094943,-12.557217,246.0,-466.9
COLUMNA_5_LOS_AMIGOS,-70.094712,-12.557217,244.0,-441.9
COLUMNA_5_LOS_AMIGOS,-70.094481,-12.557217,242.0,-416.9
COLUMNA_5_LOS_AMIGOS,-70.09425,-12.557217,241.0,-391.9
COLUMNA_5_LOS_AMIGOS,-70.09402,-12.557217,238.0,-366.9
COLUMNA_5_LOS_AMIGOS,-70.093789,-12.557217,238.0,-341.9
COLUMNA_5_LOS_AMIGOS,-70.093558,-12.557217,231.0,-316.9
COLUMNA_5_LOS_AMIGOS,-70.093327,-12.557217,230.0,-291.9
COLUMNA_5_LOS_AMIGOS,-70.093097,-12.557217,230.0,-266.9
COLUMNA_5_LOS_AMIGOS,-70.092866,-12.557217,232.0,-241.9
COLUMNA_5_LOS_AMIGOS,-70.092635,-12.557217,231.0,-216.9
COLUMNA_5_LOS_AMIGOS,-70.092404,-12.557217,231.0,-191.9
COLUMNA_5_LOS_AMIGOS,-70.092174,-12.557217,229.0,-166.9
COLUMNA_5_LOS_AMIGOS,-70.091943,-12.557217,229.0,-141.9
COLUMNA_5_LOS_AMIGOS,-70.091712,-12.557217,230.0,-116.9
COLUMNA_5_LOS_AMIGOS,-70.091482,-12.557217,236.0,-91.9
COLUMNA_5_LOS_AMIGOS,-70.091251,-12.557217,236.0,-66.9
COLUMNA_5_LOS_AMIGOS,-70.09102,-12.557217,242.0,-41.9
COLUMNA_5_LOS_AMIGOS,-70.090789,-12.557217,245.0,-16.9
COLUMNA_5_LOS_AMIGOS,-70.090559,-12.557217,245.0,8.1
COLUMNA_5_LOS_AMIGOS,-70.090328,-12.557217,244.0,33.1
COLUMNA_5_LOS_AMIGOS,-70.090097,-12.557217,243.0,58.1
COLUMNA_5_LOS_AMIGOS,-70.089866,-12.557217,243.0,83.1
COLUMNA_5_LOS_AMIGOS,-70.089636,-12.557217,242.0,108.1
COLUMNA_5_LOS_AMIGOS,-70.089405,-12.557217,242.0,133.1
COLUMNA_5_LOS_AMIGOS,-70.089174,-12.557217,243.0,158.1
COLUMNA_5_LOS_AMIGOS,-70.088943,-12.557217,246.0,183.1
COLUMNA_5_LOS_AMIGOS,-70.088713,-12.557217,244.0,208.1
COLUMNA_5_LOS_AMIGOS,-70.088482,-12.557217,244.0,233.1
COLUMNA_5_LOS_AMIGOS,-70.088251,-12.557217,241.0,258.1
COLUMNA_5_LOS_AMIGOS,-70.08802,-12.557217,239.0,283.1
COLUMNA_5_LOS_AMIGOS,-70.08779,-12.557217,237.0,308.1
COLUMNA_5_LOS_AMIGOS,-70.087559,-12.557217,236.0,333.1
COLUMNA_5_LOS_AMIGOS,-70.087328,-12.557217,235.0,358.1
COLUMNA_5_LOS_AMIGOS,-70.087097,-12.557217,235.0,383.1
COLUMNA_5_LOS_AMIGOS,-70.086867,-12.557217,235.0,408.1
COLUMNA_5_LOS_AMIGOS,-70.086636,-12.557217,236.0,433.1
COLUMNA_5_LOS_AMIGOS,-70.086405,-12.557217,238.0,458.1
COLUMNA_5_LOS_AMIGOS,-70.086174,-12.557217,240.0,483.1
COLUMNA_5_LOS_AMIGOS,-70.085944,-12.557217,240.0,508.1
COLUMNA_5_LOS_AMIGOS,-70.085713,-12.557217,240.0,533.1
COLUMNA_5_LOS_AMIGOS,-70.085482,-12.557217,239.0,558.1
COLUMNA_5_LOS_AMIGOS,-70.085251,-12.557217,237.0,583.1
COLUMNA_5_LOS_AMIGOS,-70.085021,-12.557217,238.0,608.1
COLUMNA_5_LOS_AMIGOS,-70.08479,-12.557217,239.0,633.1
COLUMNA_5_LOS_AMIGOS,-70.084559,-12.557217,240.0,658.1
COLUMNA_5_LOS_AMIGOS,-70.084328,-12.557217,240.0,683.1
COLUMNA_5_LOS_AMIGOS,-70.084098,-12.557217,240.0,708.1
COLUMNA_5_LOS_AMIGOS,-70.083867,-12.557217,243.0,733.1
COLUMNA_5_LOS_AMIGOS,-70.083636,-12.557217,244.0,758.1
COLUMNA_5_LOS_AMIGOS,-70.083405,-12.557217,246.0,783.1
COLUMNA_5_LOS_AMIGOS,-70.083175,-12.557217,247.0,808.1
COLUMNA_5_LOS_AMIGOS,-70.082944,-12.557217,247.0,833.1
COLUMNA_5_LOS_AMIGOS,-70.082713,-12.557217,246.0,858.1
COLUMNA_5_LOS_AMIGOS,-70.082482,-12.557217,245.0,883.1
COLUMNA_5_LOS_AMIGOS,-70.082252,-12.557217,246.0,908.1
COLUMNA_5_LOS_AMIGOS,-70.082021,-12.557217,247.0,933.1
COLUMNA_5_LOS_AMIGOS,-70.08179,-12.557217,247.0,958.1
COLUMNA_5_LOS_AMIGOS,-70.081559,-12.557217,247.0,983.1
COLUMNA_5_LOS_AMIGOS,-70.081329,-12.557217,245.0,1008.1
COLUMNA_5_LOS_AMIGOS,-70.081098,-12.557217,238.0,1033.1
COLUMNA_5_LOS_AMIGOS,-70.080867,-12.557217,232.0,1058.1
COLUMNA_5_LOS_AMIGOS,-70.080637,-12.557217,231.0,1083.1
COLUMNA_5_LOS_AMIGOS,-70.080406,-12.557217,234.0,1108.1
COLUMNA_5_LOS_AMIGOS,-70.080175,-12.557217,234.0,1133.1
COLUMNA_5_LOS_AMIGOS,-70.079944,-12.557217,236.0,1158.1
COLUMNA_5_LOS_AMIGOS,-70.079714,-12.557217,237.0,1183.1
COLUMNA_5_LOS_AMIGOS,-70.079483,-12.557217,236.0,1208.1
COLUMNA_5_LOS_AMIGOS,-70.079252,-12.557217,237.0,1233.1
COLUMNA_5_LOS_AMIGOS,-70.079021,-12.557217,237.0,1258.1
COLUMNA_5_LOS_AMIGOS,-70.078791,-12.557217,237.0,1283.1
COLUMNA_5_LOS_AMIGOS,-70.07856,-12.557217,234.0,1308.1
COLUMNA_5_LOS_AMIGOS,-70.078329,-12.557217,235.0,1333.1
COLUMNA_5_LOS_AMIGOS,-70.078098,-12.557217,238.0,1358.1
COLUMNA_5_LOS_AMIGOS,-70.077868,-12.557217,241.0,1383.1
COLUMNA_5_LOS_AMIGOS,-70.077637,-12.557217,241.0,1408.1
COLUMNA_5_LOS_AMIGOS,-70.077406,-12.557217,241.0,1433.1
COLUMNA_5_LOS_AMIGOS,-70.077175,-12.557217,241.0,1458.1
COLUMNA_5_LOS_AMIGOS,-70.076945,-12.557217,245.0,1483.1
COLUMNA_5_LOS_AMIGOS,-70.076714,-12.557217,246.0,1508.1
COLUMNA_5_LOS_AMIGOS,-70.076483,-12.557217,243.0,1533.1
COLUMNA_5_LOS_AMIGOS,-70.076252,-12.557217,243.0,1558.1
COLUMNA_5_LOS_AMIGOS,-70.076022,-12.557217,242.0,1583.1
COLUMNA_5_LOS_AMIGOS,-70.075791,-12.557217,240.0,1608.1
COLUMNA_5_LOS_AMIGOS,-70.07556,-12.557217,238.0,1633.1
COLUMNA_5_LOS_AMIGOS,-70.075329,-12.557217,234.0,1658.1
COLUMNA_5_LOS_AMIGOS,-70.075099,-12.557217,234.0,1683.1
COLUMNA_5_LOS_AMIGOS,-70.074868,-12.557217,234.0,1708.1
COLUMNA_5_LOS_AMIGOS,-70.074637,-12.557217,237.0,1733.1
COLUMNA_5_LOS_AMIGOS,-70.074406,-12.557217,240.0,1758.1
COLUMNA_5_LOS_AMIGOS,-70.074176,-12.557217,241.0,1783.1
COLUMNA_5_LOS_AMIGOS,-70.073945,-12.557217,240.0,1808.1
COLUMNA_5_LOS_AMIGOS,-70.073714,-12.557217,237.0,1833.1
COLUMNA_5_LOS_AMIGOS,-70.073483,-12.557217,237.0,1858.1
COLUMNA_5_LOS_AMIGOS,-70.073253,-12.557217,235.0,1883.1
COLUMNA_5_LOS_AMIGOS,-70.073022,-12.557217,233.0,1908.1
COLUMNA_5_LOS_AMIGOS,-70.072791,-12.557217,231.0,1933.1
COLUMNA_5_LOS_AMIGOS,-70.07256,-12.557217,232.0,1958.1
COLUMNA_5_LOS_AMIGOS,-70.07233,-12.557217,236.0,1983.1
COLUMNA_5_LOS_AMIGOS,-70.072099,-12.557217,236.0,2008.1
COLUMNA_5_LOS_AMIGOS,-70.071868,-12.557217,237.0,2033.1
COLUMNA_5_LOS_AMIGOS,-70.071637,-12.557217,237.0,2058.1
COLUMNA_5_LOS_AMIGOS,-70.071407,-12.557217,240.0,2083.1
COLUMNA_5_LOS_AMIGOS,-70.071176,-12.557217,241.0,2108.1
COLUMNA_5_LOS_AMIGOS,-70.070945,-12.557217,240.0,2133.1
COLUMNA_5_LOS_AMIGOS,-70.070714,-12.557217,240.0,2158.1
